segment_id,city_name,admin_ward,latitude,longitude,catchment_id,elevation_m,dem_source,land_use,soil_group,drainage_density_km_per_km2,storm_drain_proximity_m,storm_drain_type,rainfall_source,historical_rainfall_intensity_mm_hr,return_period_years,risk_labels,drainage_efficiency,rainfall_per_return_period,simplified_risks
SEG-00001,"Colombo, Sri Lanka",Borough East,6.920633,79.9126,CAT-136,25.130000000000003,Copernicus_EEA-10_v5,Institutional,B,4.27,160.5,CurbInlet,ERA5,39.4,50,monitor,0.026439628482972134,0.7879999999999999,Low Risk
SEG-00002,"Chennai, India",Ward D,13.076487,80.281774,CAT-049,-2.19,Copernicus_EEA-10_v5,Residential,D,7.54,91.69999999999999,OpenChannel,ERA5,56.8,25,ponding_hotspot|low_lying|event_2025-05-02,0.0813376483279396,2.272,High Risk
SEG-00003,"Ahmedabad, India",Sector 12,23.019473,72.638578,CAT-023,30.88,SRTM_3arc,Industrial,B,11.0,152.5,OpenChannel,IMD,16.3,5,monitor,0.07166123778501629,3.2600000000000002,Low Risk
SEG-00004,"Hong Kong, China",Sector 14,22.302602,114.078673,CAT-168,24.28,SRTM_3arc,Residential,B,7.32,37.0,Manhole,ERA5,77.0,10,monitor,0.19263157894736843,7.7,Low Risk
SEG-00005,"Durban, South Africa",Sector 5,-29.887602,30.911008,CAT-171,35.7,SRTM_3arc,Industrial,C,4.5,292.4,OpenChannel,ERA5,20.8,5,monitor,0.015337423312883437,4.16,Low Risk
SEG-00006,"Bangkok, Thailand",Borough Harbor,13.730254,100.441634,CAT-132,15.36,Copernicus_GLO-30_v2023,Roads,C,8.97,30.0,Manhole,LocalGauge,120.5,50,extreme_rain_history,0.28935483870967743,2.41,High Risk
SEG-00007,"Nairobi, Kenya",Ward J,-1.374024,36.730491,CAT-112,15.8,Copernicus_GLO-30_v2023,Residential,A,8.25,43.0,Manhole,LocalGauge,39.3,10,monitor,0.1875,3.9299999999999997,Low Risk
SEG-00008,"Bangkok, Thailand",Zone X,13.746372,100.484051,CAT-116,20.08,SRTM_1arc,Residential,C,5.88,31.1,CurbInlet,ERA5,74.5,10,monitor,0.18317757009345792,7.45,Low Risk
SEG-00009,"Washington DC, USA",Sector 12,38.870843,-76.900953,CAT-095,0.19,Copernicus_GLO-90_v2022,Commercial,B,7.79,153.3,CurbInlet,ERA5,58.2,10,low_lying|event_2024-02-14,0.050486066104990276,5.82,Medium Risk
SEG-00010,"Vancouver, Canada",Sector 5,49.3949,-123.199393,CAT-066,19.05,SRTM_3arc,Commercial,D,6.25,49.7,GratedInlet,ERA5,20.1,5,monitor,0.12327416173570019,4.0200000000000005,Low Risk
SEG-00011,"Delhi, India",Ward J,28.544386,77.235841,CAT-032,12.22,SRTM_1arc,Roads,B,9.46,41.2,OpenChannel,ERA5,26.5,2,monitor,0.2241706161137441,13.25,Low Risk
SEG-00012,"Athens, Greece",District 18,37.915493,23.657021,CAT-069,114.17,SRTM_1arc,Residential,B,3.14,187.7,Manhole,LocalGauge,43.6,25,monitor,0.016640169581346054,1.744,Low Risk
SEG-00013,"Sydney, Australia",Zone II,-33.930529,151.140718,CAT-169,-3.0,SRTM_3arc,Commercial,B,10.62,70.9,CurbInlet,ERA5,18.5,5,low_lying,0.1477051460361613,3.7,Medium Risk
SEG-00014,"Athens, Greece",District 29,38.054642,23.718257,CAT-024,18.54,Copernicus_GLO-30_v2023,Commercial,B,9.08,248.0,OpenChannel,ERA5,29.1,10,monitor,0.036465863453815264,2.91,Low Risk
SEG-00015,"Nairobi, Kenya",Borough North,-1.263708,36.869893,CAT-160,88.57,SRTM_1arc,Commercial,B,4.86,105.1,CurbInlet,ERA5,32.1,50,monitor,0.04580584354382659,0.642,Low Risk
SEG-00016,"Miami, USA",District 20,25.727376,-80.21539,CAT-091,13.43,SRTM_1arc,Green,A,3.45,53.3,OpenChannel,ERA5,52.6,25,monitor,0.06353591160220995,2.104,Low Risk
SEG-00017,"Lima, Peru",Borough Central,-12.041346,-77.085898,CAT-038,8.99,Copernicus_EEA-10_v5,Commercial,B,9.23,128.4,CurbInlet,Blended,41.3,5,monitor,0.07132921174652242,8.26,Low Risk
SEG-00018,"Miami, USA",District 28,25.76789,-80.255953,CAT-126,3.29,Copernicus_GLO-30_v2023,Residential,D,7.63,153.6,CurbInlet,ERA5,95.3,10,ponding_hotspot|extreme_rain_history|low_lying|event_2024-09-25,0.049353169469598966,9.53,High Risk
SEG-00019,"Hong Kong, China",Zone III,22.216858,114.128052,CAT-125,15.75,SRTM_1arc,Roads,B,8.77,145.3,CurbInlet,ERA5,82.8,25,extreme_rain_history,0.05994531784005468,3.312,High Risk
SEG-00020,"Kuala Lumpur, Malaysia",Zone VI,3.140932,101.706156,CAT-148,67.05,SRTM_1arc,Industrial,A,9.23,118.7,OpenChannel,ERA5,63.6,25,monitor,0.077109440267335,2.544,Low Risk
SEG-00021,"Singapore, Singapore",District 14,1.387557,103.790327,CAT-009,25.130000000000003,SRTM_1arc,Roads,D,5.23,39.1,Manhole,ERA5,63.6,25,monitor|event_2022-09-04,0.13042394014962594,2.544,Low Risk
SEG-00022,"Rome, Italy",Sector 21,41.945883,12.423044,CAT-030,31.58,Copernicus_GLO-30_v2023,Green,C,4.72,58.2,OpenChannel,ERA5,30.0,2,monitor,0.07972972972972972,15.0,Low Risk
SEG-00023,"Chennai, India",District 3,13.171312,80.196503,CAT-080,25.130000000000003,SRTM_1arc,Green,C,4.39,159.7,GratedInlet,ERA5,53.6,10,monitor,0.02731798382078407,5.36,Low Risk
SEG-00024,"Brisbane, Australia",Zone IX,-27.476021,153.101193,CAT-133,33.74,Copernicus_GLO-30_v2023,Roads,C,7.6,91.2,GratedInlet,IMD,26.2,25,monitor,0.08242950108459869,1.048,Low Risk
SEG-00025,"Montreal, Canada",Sector 10,45.433867,-73.57936,CAT-165,4.25,SRTM_1arc,Residential,D,3.27,11.2,GratedInlet,LocalGauge,31.1,2,ponding_hotspot|low_lying|event_2024-07-31,0.2680327868852459,15.55,High Risk
SEG-00026,"Hanoi, Vietnam",Ward G,20.951943,105.796832,CAT-010,40.28,SRTM_3arc,Residential,B,4.89,124.4,CurbInlet,ERA5,36.8,10,monitor,0.03899521531100478,3.6799999999999997,Low Risk
SEG-00027,"Vancouver, Canada",Ward K,49.378623,-123.142702,CAT-153,15.0,Copernicus_GLO-90_v2022,Residential,D,5.17,44.6,CurbInlet,ERA5,30.9,25,monitor,0.11337719298245613,1.236,Low Risk
SEG-00028,"Seoul, South Korea",Zone V,37.548966,126.860714,CAT-011,109.32,SRTM_3arc,Water,A,6.25,83.0,Manhole,ERA5,52.2,100,monitor,0.0744047619047619,0.522,Low Risk
SEG-00029,"Lima, Peru",Borough South,-12.039791,-77.085746,CAT-167,90.74,SRTM_3arc,Industrial,A,6.57,24.6,GratedInlet,ERA5,64.0,10,monitor,0.256640625,6.4,Low Risk
SEG-00030,"San Francisco, USA",Sector 12,37.770337,-122.398163,CAT-048,93.76,Copernicus_GLO-30_v2023,Industrial,D,12.07,54.0,Manhole,ERA5,39.8,25,monitor,0.21945454545454546,1.5919999999999999,Low Risk
SEG-00031,"Rotterdam, Netherlands",Borough Riverside,51.905471,4.551063,CAT-156,9.16,SRTM_1arc,Industrial,C,6.25,91.69999999999999,OpenChannel,IMD,15.1,5,monitor,0.06742179072276161,3.02,Low Risk
SEG-00032,"Bengaluru, India",Zone II,12.980622,77.636965,CAT-138,28.34,Copernicus_GLO-30_v2023,Water,C,3.71,22.6,CurbInlet,ERA5,41.9,10,monitor,0.15720338983050847,4.1899999999999995,Low Risk
SEG-00033,"New Orleans, USA",Sector 15,29.976976,-90.21051,CAT-024,10.34,Copernicus_GLO-30_v2023,Industrial,B,5.36,6.0,Manhole,ERA5,20.9,10,monitor,0.7657142857142858,2.09,Low Risk
SEG-00034,"Nairobi, Kenya",Borough Hillside,-1.3106,36.827329,CAT-175,-3.0,SRTM_3arc,Roads,B,9.25,64.4,CurbInlet,LocalGauge,15.6,2,low_lying,0.1414373088685015,7.8,Medium Risk
SEG-00035,"Dhaka, Bangladesh",District 11,23.697673,90.424359,CAT-012,38.61,Copernicus_GLO-30_v2023,Roads,C,7.44,193.1,OpenChannel,IMD,28.2,2,monitor,0.03833075734157651,14.1,Low Risk
SEG-00036,"Pune, India",Borough Old Town,18.58017,73.955841,CAT-173,13.78,SRTM_1arc,Commercial,B,4.67,127.2,CurbInlet,ERA5,21.6,2,monitor,0.03642745709828393,10.8,Low Risk
SEG-00037,"Washington DC, USA",Borough Harbor,38.938489,-76.993755,CAT-043,-1.61,SRTM_1arc,Mixed,B,6.64,11.2,Manhole,ERA5,42.6,2,low_lying,0.5442622950819672,21.3,Medium Risk
SEG-00038,"Shanghai, China",Ward A,31.162448,121.443756,CAT-030,15.68,SRTM_1arc,Residential,A,5.76,80.7,CurbInlet,IMD,29.9,5,monitor,0.07050183598531211,5.9799999999999995,Low Risk
SEG-00039,"Karachi, Pakistan",District 11,24.898906,67.042908,CAT-007,194.75,Copernicus_GLO-30_v2023,Commercial,A,9.58,18.6,CurbInlet,LocalGauge,22.0,25,monitor,0.4887755102040816,0.88,Low Risk
SEG-00040,"Colombo, Sri Lanka",Sector 9,6.946996,79.866172,CAT-096,9.86,Copernicus_EEA-10_v5,Green,C,6.25,10.2,GratedInlet,ERA5,72.2,50,monitor,0.5580357142857143,1.444,Low Risk
SEG-00041,"Amsterdam, Netherlands",Sector 14,52.259884,4.915955,CAT-043,23.52,Copernicus_GLO-90_v2022,Green,A,4.14,91.69999999999999,GratedInlet,ERA5,35.3,50,monitor,0.044660194174757285,0.706,Low Risk
SEG-00042,"Bogotá, Colombia",District 13,4.700349,-74.167433,CAT-080,110.63,SRTM_3arc,Mixed,A,5.32,50.8,CurbInlet,ERA5,25.0,10,monitor,0.10270270270270271,2.5,Low Risk
SEG-00043,"Lima, Peru",Ward A,-12.010978,-76.999135,CAT-060,70.23,Copernicus_EEA-10_v5,Roads,B,4.72,156.1,OpenChannel,Blended,40.3,5,monitor,0.030044557606619986,8.059999999999999,Low Risk
SEG-00044,"Montreal, Canada",Sector 1,45.550481,-73.562016,CAT-123,62.3,SRTM_3arc,Institutional,A,7.2,116.3,Manhole,ERA5,24.0,25,monitor,0.061381074168797956,0.96,Low Risk
SEG-00045,"Ahmedabad, India",Ward E,23.103579,72.614063,CAT-054,125.01,Copernicus_GLO-30_v2023,Mixed,B,9.7,80.0,CurbInlet,ERA5,48.1,25,monitor,0.11975308641975307,1.9240000000000002,Low Risk
SEG-00046,"Paris, France",Ward E,48.854264,2.375006,CAT-135,77.71,SRTM_1arc,Residential,B,3.43,69.8,GratedInlet,ERA5,38.8,25,monitor,0.04844632768361582,1.5519999999999998,Low Risk
SEG-00047,"Vancouver, Canada",Ward D,49.398904,-123.124709,CAT-065,12.38,Copernicus_EEA-10_v5,Roads,D,6.62,38.2,GratedInlet,ERA5,29.0,2,monitor,0.16887755102040816,14.5,Low Risk
SEG-00048,"Ahmedabad, India",Ward E,22.945161,72.586269,CAT-027,17.34,Copernicus_EEA-10_v5,Water,D,4.14,20.3,CurbInlet,ERA5,28.8,100,monitor,0.19436619718309858,0.28800000000000003,Low Risk
SEG-00049,"Dhaka, Bangladesh",Borough East,23.712662,90.542488,CAT-126,44.27,SRTM_3arc,Residential,B,6.25,70.9,CurbInlet,IMD,68.8,100,monitor,0.08692628650904033,0.688,Low Risk
SEG-00050,"Shenzhen, China",Zone VII,22.497561,114.026625,CAT-045,25.130000000000003,Copernicus_EEA-10_v5,Roads,B,9.69,115.7,Manhole,IMD,79.8,25,monitor,0.08303341902313624,3.1919999999999997,Low Risk
SEG-00051,"Washington DC, USA",Borough Hillside,38.943781,-76.999643,CAT-033,19.19,Copernicus_GLO-90_v2022,Industrial,B,9.99,22.4,CurbInlet,IMD,25.9,5,monitor,0.42692307692307696,5.18,Low Risk
SEG-00052,"Hong Kong, China",Ward E,22.355356,114.241956,CAT-071,24.27,SRTM_3arc,Commercial,C,6.4,112.6,CurbInlet,ERA5,62.3,50,monitor,0.05633802816901409,1.246,Low Risk
SEG-00053,"Mexico City, Mexico",Sector 11,19.415445,-99.196033,CAT-034,54.96,SRTM_3arc,Commercial,B,5.23,69.6,CurbInlet,ERA5,39.3,50,monitor,0.07407932011331446,0.7859999999999999,Low Risk
SEG-00054,"Kuala Lumpur, Malaysia",District 26,3.09333,101.739592,CAT-029,33.84,Copernicus_GLO-30_v2023,Roads,B,8.17,101.4,Manhole,LocalGauge,77.6,50,monitor,0.07978515624999999,1.5519999999999998,Low Risk
SEG-00055,"Amsterdam, Netherlands",Ward K,52.338707,4.873985,CAT-161,18.79,SRTM_1arc,Green,B,6.25,91.69999999999999,CurbInlet,ERA5,36.5,25,monitor,0.06742179072276161,1.46,Low Risk
SEG-00056,"Mexico City, Mexico",Sector 26,19.454178,-99.104387,CAT-076,121.11,SRTM_1arc,Residential,B,8.39,66.5,OpenChannel,ERA5,36.9,100,monitor,0.12429629629629631,0.369,Low Risk
SEG-00057,"Singapore, Singapore",District 14,1.390561,103.837383,CAT-166,25.130000000000003,SRTM_3arc,Roads,B,8.34,73.8,CurbInlet,ERA5,150.0,50,ponding_hotspot|extreme_rain_history|event_2022-10-11,0.11149732620320855,3.0,High Risk
SEG-00058,"Tehran, Iran",Borough Hillside,35.692218,51.489906,CAT-150,4.07,SRTM_3arc,Commercial,C,7.63,42.2,GratedInlet,ERA5,15.0,25,low_lying,0.17662037037037034,0.6,Medium Risk
SEG-00059,"Bogotá, Colombia",Sector 26,4.675203,-73.978098,CAT-163,3.59,Copernicus_GLO-30_v2023,Informal,A,6.25,167.0,CurbInlet,IMD,14.0,10,low_lying,0.03720238095238095,1.4,Medium Risk
SEG-00060,"Taipei, Taiwan",District 23,24.916909,121.592372,CAT-160,50.4,SRTM_3arc,Roads,B,7.95,15.0,CurbInlet,Blended,40.8,5,monitor,0.496875,8.16,Low Risk
SEG-00061,"San Francisco, USA",Borough Old Town,37.690835,-122.45266,CAT-139,66.57,SRTM_3arc,Roads,C,8.8,86.6,Manhole,LocalGauge,80.4,5,extreme_rain_history,0.10045662100456622,16.080000000000002,High Risk
SEG-00062,"Mexico City, Mexico",Borough Old Town,19.512895,-99.05693,CAT-150,14.73,SRTM_3arc,Roads,A,7.81,120.5,Manhole,ERA5,47.3,5,monitor,0.0642798353909465,9.459999999999999,Low Risk
SEG-00063,"Jakarta, Indonesia",Sector 9,-6.269827,106.847064,CAT-160,6.38,Copernicus_GLO-30_v2023,Green,B,2.73,133.7,Manhole,LocalGauge,53.7,2,low_lying|sparse_drainage,0.02026726057906459,26.85,Medium Risk
SEG-00064,"Kuala Lumpur, Malaysia",District 13,3.188477,101.738006,CAT-003,68.26,Copernicus_GLO-90_v2022,Industrial,D,9.7,30.1,CurbInlet,ERA5,45.0,50,monitor,0.3118971061093247,0.9,Low Risk
SEG-00065,"Barcelona, Spain",District 11,41.494167,2.061047,CAT-083,9.32,SRTM_3arc,Roads,B,7.79,106.7,CurbInlet,ERA5,31.1,25,monitor,0.072330547818013,1.244,Low Risk
SEG-00066,"Manila, Philippines",Ward B,14.645109,120.944,CAT-068,25.12,SRTM_1arc,Roads,B,6.25,44.6,OpenChannel,ERA5,77.8,25,monitor,0.1370614035087719,3.112,Low Risk
SEG-00067,"Karachi, Pakistan",Sector 16,24.894516,66.99248,CAT-158,105.73,Copernicus_GLO-30_v2023,Residential,A,6.39,103.5,Manhole,IMD,13.0,5,monitor,0.061148325358851674,2.6,Low Risk
SEG-00068,"Chennai, India",Borough Central,13.07693,80.268495,CAT-022,0.17,Copernicus_GLO-30_v2023,Roads,C,6.25,91.69999999999999,GratedInlet,LocalGauge,49.3,25,ponding_hotspot|low_lying|event_2024-07-21,0.06742179072276161,1.972,High Risk
SEG-00069,"Lagos, Nigeria",Zone VI,6.504458,3.368462,CAT-116,6.76,SRTM_3arc,Roads,D,7.46,11.5,GratedInlet,ERA5,85.8,25,ponding_hotspot|extreme_rain_history|low_lying|event_2023-05-16,0.5968,3.432,High Risk
SEG-00070,"Accra, Ghana",Sector 7,5.667662,-0.214601,CAT-153,-3.0,SRTM_1arc,Mixed,B,8.63,128.8,GratedInlet,ERA5,62.6,5,low_lying,0.06648690292758089,12.52,Medium Risk
SEG-00071,"Durban, South Africa",Ward G,-29.807949,30.926977,CAT-114,29.63,Copernicus_EEA-10_v5,Commercial,B,6.61,27.8,CurbInlet,ERA5,31.5,100,monitor,0.2295138888888889,0.315,Low Risk
SEG-00072,"Seoul, South Korea",Sector 28,37.629794,126.97571,CAT-134,9.2,SRTM_1arc,Residential,B,3.61,124.6,Manhole,ERA5,23.4,25,monitor,0.02874203821656051,0.9359999999999999,Low Risk
SEG-00073,"Barcelona, Spain",Ward B,41.391372,2.063055,CAT-143,17.29,Copernicus_EEA-10_v5,Residential,C,3.08,279.5,CurbInlet,LocalGauge,41.7,5,monitor,0.010980392156862745,8.34,Low Risk
SEG-00074,"Kuala Lumpur, Malaysia",Ward I,3.182771,101.805347,CAT-113,111.02,SRTM_1arc,Roads,B,7.47,259.6,OpenChannel,LocalGauge,109.1,50,extreme_rain_history,0.028664620107444357,2.182,High Risk
SEG-00075,"Shanghai, China",Zone I,31.171222,121.392772,CAT-059,17.09,Copernicus_GLO-30_v2023,Commercial,B,6.25,89.7,GratedInlet,ERA5,48.6,50,monitor,0.06890848952590958,0.972,Low Risk
SEG-00076,"Auckland, New Zealand",District 28,-36.914207,174.717566,CAT-115,73.7,Copernicus_EEA-10_v5,Residential,C,6.25,98.8,Manhole,ERA5,35.7,10,monitor,0.06262525050100201,3.5700000000000003,Low Risk
SEG-00077,"Tokyo, Japan",Sector 19,35.617194,139.668548,CAT-050,77.35,Copernicus_GLO-30_v2023,Commercial,C,6.25,242.5,OpenChannel,LocalGauge,64.0,25,monitor,0.02566735112936345,2.56,Low Risk
SEG-00078,"Tehran, Iran",Zone III,35.709705,51.366584,CAT-001,64.16,SRTM_1arc,Commercial,D,10.58,52.8,CurbInlet,IMD,23.5,5,monitor,0.19665427509293681,4.7,Low Risk
SEG-00079,"Brisbane, Australia",Borough East,-27.300398,153.054727,CAT-116,25.130000000000003,SRTM_3arc,Mixed,C,6.67,161.5,CurbInlet,IMD,32.3,100,monitor,0.04104615384615384,0.32299999999999995,Low Risk
SEG-00080,"Dhaka, Bangladesh",Borough Delta,23.760802,90.417449,CAT-041,37.1,SRTM_1arc,Industrial,B,10.58,198.0,GratedInlet,IMD,82.7,100,extreme_rain_history,0.05316582914572864,0.8270000000000001,High Risk
SEG-00081,"Buenos Aires, Argentina",Ward J,-34.718054,-58.379462,CAT-112,85.45,Copernicus_GLO-90_v2022,Residential,C,8.64,67.7,GratedInlet,Blended,19.5,2,monitor,0.125764192139738,9.75,Low Risk
SEG-00082,"Colombo, Sri Lanka",Ward E,6.843577,79.842526,CAT-116,17.18,Copernicus_GLO-90_v2022,Green,C,2.93,154.8,GratedInlet,ERA5,51.4,10,sparse_drainage,0.018806161745827984,5.14,Medium Risk
SEG-00083,"Accra, Ghana",Sector 8,5.62251,-0.22747,CAT-101,-1.2,SRTM_3arc,Roads,A,8.66,91.69999999999999,OpenChannel,ERA5,38.7,5,low_lying,0.09341963322545849,7.74,Medium Risk
SEG-00084,"Paris, France",Borough Delta,48.808427,2.279906,CAT-169,103.83,SRTM_3arc,Commercial,B,3.81,4.2,Manhole,ERA5,19.6,50,monitor,0.7326923076923076,0.392,Low Risk
SEG-00085,"Doha, Qatar",Zone VIII,25.200856,51.667687,CAT-162,46.88,SRTM_3arc,Roads,A,4.51,120.1,OpenChannel,ERA5,25.9,10,monitor,0.03724194880264244,2.59,Low Risk
SEG-00086,"Istanbul, Türkiye",Sector 21,40.940379,28.973808,CAT-014,97.56,SRTM_1arc,Residential,C,3.02,10.2,GratedInlet,ERA5,29.5,10,monitor,0.2696428571428572,2.95,Low Risk
SEG-00087,"San Francisco, USA",Ward G,37.699621,-122.366738,CAT-053,29.5,SRTM_1arc,Commercial,D,7.5,12.8,GratedInlet,ERA5,33.4,2,monitor,0.5434782608695652,16.7,Low Risk
SEG-00088,"Singapore, Singapore",Ward F,1.30347,103.820979,CAT-147,2.95,Copernicus_GLO-30_v2023,Commercial,A,9.32,104.2,Manhole,Blended,52.8,25,low_lying,0.08859315589353613,2.112,Medium Risk
SEG-00089,"Houston, USA",District 11,29.738211,-95.43419,CAT-164,46.98,Copernicus_GLO-30_v2023,Green,A,2.0,74.8,OpenChannel,IMD,31.9,2,sparse_drainage,0.026385224274406333,15.95,Medium Risk
SEG-00090,"Cape Town, South Africa",District 5,-33.993151,18.480013,CAT-048,91.93,SRTM_1arc,Residential,C,4.15,118.5,GratedInlet,ERA5,21.4,5,monitor,0.03472803347280335,4.279999999999999,Low Risk
SEG-00091,"Amsterdam, Netherlands",Sector 21,52.446797,4.866846,CAT-127,25.130000000000003,Copernicus_GLO-30_v2023,Residential,B,5.16,76.2,GratedInlet,ERA5,44.6,100,monitor,0.06683937823834196,0.446,Low Risk
SEG-00092,"Hamburg, Germany",District 8,53.629559,9.992491,CAT-117,75.56,SRTM_3arc,Industrial,D,6.25,91.69999999999999,CurbInlet,IMD,40.9,10,monitor,0.06742179072276161,4.09,Low Risk
SEG-00093,"New Orleans, USA",Sector 5,29.958394,-90.21213,CAT-071,25.130000000000003,Copernicus_GLO-30_v2023,Water,B,6.03,179.8,Manhole,ERA5,22.6,5,monitor,0.033351769911504424,4.5200000000000005,Low Risk
SEG-00094,"Rome, Italy",Sector 1,41.899658,12.477563,CAT-174,44.38,Copernicus_EEA-10_v5,Commercial,B,6.25,41.3,GratedInlet,ERA5,24.8,50,monitor,0.14775413711583926,0.496,Low Risk
SEG-00095,"Singapore, Singapore",Zone II,1.250584,103.964467,CAT-001,27.64,SRTM_1arc,Residential,D,6.56,45.1,Manhole,IMD,69.3,10,monitor,0.1422993492407809,6.93,Low Risk
SEG-00096,"Shanghai, China",Zone V,31.227445,121.422029,CAT-153,9.11,Copernicus_EEA-10_v5,Water,B,5.44,75.8,CurbInlet,ERA5,24.5,25,monitor,0.07083333333333335,0.98,Low Risk
SEG-00097,"Hong Kong, China",Sector 11,22.228144,114.256566,CAT-084,9.36,SRTM_1arc,Residential,D,7.15,199.4,OpenChannel,ERA5,31.5,2,monitor,0.03567864271457086,15.75,Low Risk
SEG-00098,"Hong Kong, China",Ward K,22.312751,114.103122,CAT-095,16.76,SRTM_3arc,Commercial,D,4.83,91.69999999999999,CurbInlet,ERA5,68.1,2,monitor,0.05210355987055017,34.05,Low Risk
SEG-00099,"Taipei, Taiwan",Borough West,25.005631,121.506985,CAT-062,131.12,SRTM_1arc,Industrial,B,8.8,91.69999999999999,CurbInlet,IMD,40.4,2,monitor,0.09492988133764835,20.2,Low Risk
SEG-00100,"Shanghai, China",Sector 20,31.190875,121.479518,CAT-022,11.38,Copernicus_GLO-30_v2023,Industrial,D,8.27,65.0,CurbInlet,ERA5,49.7,5,monitor,0.1253030303030303,9.940000000000001,Low Risk
SEG-00101,"Athens, Greece",Borough Harbor,37.961044,23.563666,CAT-081,20.72,SRTM_1arc,Roads,A,6.87,50.9,GratedInlet,IMD,26.2,10,monitor,0.1323699421965318,2.62,Low Risk
SEG-00102,"Riyadh, Saudi Arabia",Zone IV,24.64336,46.686333,CAT-118,47.45,Copernicus_GLO-90_v2022,Green,A,6.25,165.1,CurbInlet,ERA5,23.0,10,monitor,0.03762793497892836,2.3,Low Risk
SEG-00103,"Paris, France",Borough Harbor,48.893045,2.260981,CAT-017,21.87,Copernicus_EEA-10_v5,Residential,B,8.19,44.3,Manhole,ERA5,18.4,25,monitor,0.18079470198675496,0.736,Low Risk
SEG-00104,"Hamburg, Germany",District 16,53.611978,10.108059,CAT-043,65.35,Copernicus_EEA-10_v5,Industrial,C,10.74,6.2,GratedInlet,ERA5,24.4,25,monitor,1.4916666666666667,0.976,Low Risk
SEG-00105,"Amsterdam, Netherlands",District 4,52.342532,4.859696,CAT-091,7.72,SRTM_3arc,Commercial,A,9.35,91.69999999999999,Manhole,LocalGauge,27.1,10,low_lying,0.10086299892125136,2.71,Medium Risk
SEG-00106,"Durban, South Africa",District 9,-29.853424,31.032758,CAT-014,38.05,SRTM_3arc,Institutional,B,2.56,91.69999999999999,CurbInlet,ERA5,32.3,10,sparse_drainage|event_2024-05-19,0.027615965480043154,3.2299999999999995,Medium Risk
SEG-00107,"Washington DC, USA",Ward F,38.999216,-77.039618,CAT-003,-3.0,SRTM_3arc,Green,B,6.25,203.1,GratedInlet,IMD,33.9,10,low_lying,0.03062224399804018,3.3899999999999997,Medium Risk
SEG-00108,"Buenos Aires, Argentina",Sector 23,-34.693569,-58.313554,CAT-072,63.9,Copernicus_GLO-30_v2023,Commercial,D,6.25,41.7,OpenChannel,IMD,47.7,25,monitor,0.14637002341920374,1.9080000000000001,Low Risk
SEG-00109,"Riyadh, Saudi Arabia",Sector 8,24.714514,46.722161,CAT-051,54.72,Copernicus_GLO-30_v2023,Residential,B,7.38,0.6,GratedInlet,ERA5,11.4,5,monitor,4.6125,2.2800000000000002,Low Risk
SEG-00110,"Ahmedabad, India",District 27,23.069753,72.619834,CAT-149,95.87,Copernicus_EEA-10_v5,Industrial,A,6.25,49.4,GratedInlet,IMD,27.2,2,monitor,0.12400793650793651,13.6,Low Risk
SEG-00111,"Doha, Qatar",Zone VIII,25.213652,51.455758,CAT-023,64.2,Copernicus_EEA-10_v5,Residential,C,5.17,180.2,OpenChannel,LocalGauge,12.6,50,monitor,0.028532008830022076,0.252,Low Risk
SEG-00112,"Nairobi, Kenya",Sector 7,-1.430486,36.81412,CAT-137,41.46,SRTM_3arc,Residential,D,3.49,115.2,GratedInlet,ERA5,15.5,5,monitor,0.030034423407917385,3.1,Low Risk
SEG-00113,"Bangkok, Thailand",District 24,13.831079,100.405684,CAT-131,39.34,SRTM_3arc,Residential,B,3.69,32.1,Manhole,ERA5,61.7,10,monitor,0.11148036253776435,6.17,Low Risk
SEG-00114,"New Orleans, USA",Ward B,29.885492,-90.129196,CAT-073,18.2,SRTM_1arc,Residential,B,7.24,302.1,CurbInlet,Blended,25.0,10,monitor,0.02388650610359617,2.5,Low Risk
SEG-00115,"Mumbai, India",Ward K,18.958103,72.945249,CAT-154,12.78,Copernicus_GLO-30_v2023,Green,D,6.25,234.9,CurbInlet,ERA5,60.4,100,monitor,0.026494277236116998,0.604,Low Risk
SEG-00116,"San Francisco, USA",District 22,37.817249,-122.539137,CAT-134,137.68,SRTM_3arc,Commercial,B,4.5,206.7,OpenChannel,ERA5,22.0,5,monitor,0.021665864227250843,4.4,Low Risk
SEG-00117,"Bogotá, Colombia",Sector 9,4.615015,-74.103586,CAT-011,86.21,SRTM_1arc,Commercial,D,5.68,229.7,OpenChannel,Blended,26.3,2,monitor,0.024620719549198092,13.15,Low Risk
SEG-00118,"Delhi, India",Zone VIII,28.578707,77.129648,CAT-146,52.0,SRTM_3arc,Residential,A,5.05,52.1,Manhole,LocalGauge,57.2,50,monitor,0.0951035781544256,1.1440000000000001,Low Risk
SEG-00119,"Paris, France",Zone VIII,49.00432,2.384769,CAT-003,80.1,SRTM_1arc,Roads,B,11.5,91.69999999999999,OpenChannel,Blended,26.2,50,monitor,0.12405609492988136,0.524,Low Risk
SEG-00120,"Athens, Greece",Ward G,38.085449,23.694449,CAT-138,89.01,SRTM_3arc,Residential,B,4.69,251.2,OpenChannel,ERA5,33.3,100,monitor,0.018596352101506744,0.33299999999999996,Low Risk
SEG-00121,"Barcelona, Spain",Ward G,41.397426,2.130915,CAT-156,7.75,Copernicus_GLO-30_v2023,Industrial,A,8.81,13.6,OpenChannel,IMD,59.5,5,low_lying,0.6034246575342467,11.9,Medium Risk
SEG-00122,"Copenhagen, Denmark",Zone VI,55.752965,12.543794,CAT-054,33.28,SRTM_3arc,Industrial,B,9.34,192.4,OpenChannel,Blended,39.7,10,monitor,0.04829369183040331,3.97,Low Risk
SEG-00123,"San Francisco, USA",Sector 1,37.667235,-122.385164,CAT-061,157.71,SRTM_3arc,Roads,B,7.72,58.6,CurbInlet,ERA5,32.7,5,monitor,0.12953020134228188,6.540000000000001,Low Risk
SEG-00124,"London, UK",Ward K,51.538351,-0.044745,CAT-040,19.38,SRTM_1arc,Residential,B,6.81,217.2,CurbInlet,Blended,25.5,5,monitor,0.031209899175068744,5.1,Low Risk
SEG-00125,"Hong Kong, China",Borough North,22.363853,114.231517,CAT-122,-3.0,SRTM_3arc,Green,D,6.46,196.4,Manhole,ERA5,80.0,50,ponding_hotspot|extreme_rain_history|low_lying|event_2023-09-13,0.03272543059777102,1.6,High Risk
SEG-00126,"Houston, USA",Borough Central,29.76286,-95.326222,CAT-035,-3.0,SRTM_1arc,Residential,B,3.25,257.9,OpenChannel,Blended,14.1,10,low_lying,0.012553109308613366,1.41,Medium Risk
SEG-00127,"Miami, USA",Sector 11,25.683689,-80.143126,CAT-129,20.23,Copernicus_EEA-10_v5,Commercial,A,7.96,80.1,CurbInlet,ERA5,64.0,100,monitor,0.09815043156596795,0.64,Low Risk
SEG-00128,"New Orleans, USA",Borough Hillside,29.917917,-90.133784,CAT-114,10.49,SRTM_1arc,Residential,D,8.41,85.6,Manhole,IMD,34.8,2,monitor,0.09711316397228638,17.4,Low Risk
SEG-00129,"Manila, Philippines",Borough Riverside,14.626959,121.034607,CAT-130,5.55,Copernicus_GLO-30_v2023,Residential,D,2.59,206.9,OpenChannel,Blended,43.3,25,low_lying|sparse_drainage|event_2023-07-20,0.012457912457912456,1.732,Medium Risk
SEG-00130,"Athens, Greece",Zone VIII,37.93318,23.867411,CAT-090,101.45,Copernicus_GLO-30_v2023,Commercial,A,8.64,107.2,CurbInlet,Blended,50.0,25,monitor,0.07985212569316082,2.0,Low Risk
SEG-00131,"Singapore, Singapore",District 30,1.381917,103.765085,CAT-161,9.63,SRTM_1arc,Commercial,A,9.38,250.4,OpenChannel,ERA5,47.4,25,monitor,0.037311058074781224,1.896,Low Risk
SEG-00132,"San Francisco, USA",Zone II,37.826832,-122.317446,CAT-122,25.130000000000003,Copernicus_EEA-10_v5,Industrial,B,5.84,51.2,GratedInlet,Blended,39.1,50,monitor,0.11187739463601531,0.782,Low Risk
SEG-00133,"Tokyo, Japan",Borough Riverside,35.619716,139.666566,CAT-037,85.07,SRTM_1arc,Roads,A,7.14,22.0,OpenChannel,LocalGauge,13.1,5,monitor,0.3104347826086956,2.62,Low Risk
SEG-00134,"New Orleans, USA",Sector 27,30.013738,-89.898774,CAT-040,7.31,SRTM_1arc,Roads,C,9.29,62.7,OpenChannel,ERA5,88.1,5,extreme_rain_history|low_lying,0.14583987441130297,17.619999999999997,High Risk
SEG-00135,"Karachi, Pakistan",Borough Hillside,24.79732,66.950893,CAT-123,39.82,Copernicus_GLO-30_v2023,Commercial,D,5.92,26.1,CurbInlet,ERA5,29.7,5,monitor,0.218450184501845,5.9399999999999995,Low Risk
SEG-00136,"Karachi, Pakistan",Borough East,24.92432,67.113589,CAT-017,-3.0,Copernicus_EEA-10_v5,Residential,D,5.59,22.5,Manhole,Blended,26.8,2,ponding_hotspot|low_lying,0.2378723404255319,13.4,High Risk
SEG-00137,"Jakarta, Indonesia",Borough South,-6.291373,106.866273,CAT-029,23.46,SRTM_1arc,Residential,B,4.57,19.6,CurbInlet,Blended,99.9,10,extreme_rain_history,0.22184466019417476,9.99,High Risk
SEG-00138,"Nairobi, Kenya",Borough Hillside,-1.189306,36.702201,CAT-055,33.15,Copernicus_GLO-90_v2022,Residential,B,3.78,87.1,Manhole,ERA5,28.6,25,monitor,0.04290578887627696,1.1440000000000001,Low Risk
SEG-00139,"Nairobi, Kenya",District 5,-1.294683,36.690698,CAT-146,0.43,SRTM_3arc,Residential,B,5.92,15.7,OpenChannel,ERA5,19.6,2,low_lying,0.35449101796407184,9.8,Medium Risk
SEG-00140,"Chennai, India",District 3,13.094673,80.136531,CAT-091,1.55,SRTM_1arc,Residential,B,6.25,175.8,CurbInlet,ERA5,78.8,50,low_lying,0.035350678733031674,1.5759999999999998,Medium Risk
SEG-00141,"Mumbai, India",Sector 12,19.119209,72.974745,CAT-158,-1.52,SRTM_1arc,Industrial,B,5.29,80.9,Manhole,LocalGauge,60.4,25,ponding_hotspot|low_lying|event_2024-08-16,0.06459096459096458,2.416,High Risk
SEG-00142,"Karachi, Pakistan",Ward H,24.873609,67.004016,CAT-125,168.72,SRTM_1arc,Commercial,B,5.13,126.1,Manhole,Blended,53.8,5,monitor,0.04036191974822974,10.76,Low Risk
SEG-00143,"Shenzhen, China",Borough Riverside,22.601394,114.076103,CAT-039,11.56,Copernicus_EEA-10_v5,Roads,B,7.98,92.1,CurbInlet,ERA5,129.1,100,extreme_rain_history,0.08571428571428573,1.291,High Risk
SEG-00144,"Rome, Italy",Zone X,41.918194,12.655554,CAT-038,25.130000000000003,Copernicus_GLO-30_v2023,Green,B,6.25,224.5,GratedInlet,ERA5,37.3,5,monitor,0.02771618625277162,7.459999999999999,Low Risk
SEG-00145,"Lima, Peru",Zone III,-12.092222,-77.063148,CAT-067,25.130000000000003,Copernicus_GLO-90_v2022,Residential,A,3.38,74.1,GratedInlet,LocalGauge,85.6,5,extreme_rain_history,0.04500665778961385,17.119999999999997,High Risk
SEG-00146,"Osaka, Japan",Zone IV,34.572652,135.500546,CAT-088,-3.0,Copernicus_EEA-10_v5,Residential,C,6.25,86.9,GratedInlet,ERA5,33.4,2,ponding_hotspot|low_lying|event_2024-03-31,0.07110352673492605,16.7,High Risk
SEG-00147,"Jakarta, Indonesia",Borough West,-6.355887,106.72977,CAT-179,8.53,Copernicus_GLO-30_v2023,Residential,A,6.13,99.6,Manhole,ERA5,65.8,10,monitor,0.06093439363817098,6.58,Low Risk
SEG-00148,"Lima, Peru",District 19,-11.99651,-77.205472,CAT-080,76.66,Copernicus_GLO-30_v2023,Residential,B,4.03,91.69999999999999,OpenChannel,ERA5,56.9,10,monitor,0.043473570658036684,5.6899999999999995,Low Risk
SEG-00149,"Cape Town, South Africa",Sector 25,-33.916867,18.403212,CAT-070,25.130000000000003,Copernicus_GLO-90_v2022,Residential,D,3.9,6.0,CurbInlet,ERA5,72.5,50,monitor,0.5571428571428572,1.45,Low Risk
SEG-00150,"Kuala Lumpur, Malaysia",Zone III,3.132832,101.668637,CAT-033,7.92,SRTM_1arc,Residential,D,5.14,78.6,GratedInlet,ERA5,72.2,100,ponding_hotspot|low_lying,0.06457286432160804,0.722,High Risk
SEG-00151,"Amsterdam, Netherlands",Sector 10,52.34962,4.931453,CAT-078,35.31,Copernicus_GLO-30_v2023,Informal,A,7.09,91.69999999999999,Manhole,LocalGauge,27.3,100,monitor,0.07648327939590076,0.273,Low Risk
SEG-00152,"London, UK",District 29,51.522421,-0.041596,CAT-034,30.56,SRTM_1arc,Institutional,D,5.68,165.4,CurbInlet,ERA5,51.7,25,monitor,0.03413461538461538,2.068,Low Risk
SEG-00153,"Kuala Lumpur, Malaysia",Sector 22,3.182016,101.620147,CAT-156,85.22,Copernicus_GLO-90_v2022,Commercial,A,10.16,122.1,GratedInlet,ERA5,72.1,100,monitor,0.08253452477660439,0.721,Low Risk
SEG-00154,"Miami, USA",Zone V,25.786716,-80.317555,CAT-017,7.27,Copernicus_EEA-10_v5,Institutional,D,2.87,263.6,OpenChannel,IMD,41.2,10,low_lying|sparse_drainage,0.010846560846560846,4.12,Medium Risk
SEG-00155,"Miami, USA",Sector 3,25.78801,-80.325151,CAT-007,9.35,Copernicus_GLO-30_v2023,Commercial,B,3.97,157.1,CurbInlet,ERA5,50.9,5,monitor,0.02511068943706515,10.18,Low Risk
SEG-00156,"New Orleans, USA",Ward C,29.993055,-90.129588,CAT-007,13.63,Copernicus_EEA-10_v5,Roads,A,6.04,75.8,CurbInlet,ERA5,46.0,50,monitor,0.07864583333333333,0.92,Low Risk
SEG-00157,"Sydney, Australia",Zone II,-33.793664,151.092246,CAT-048,1.95,SRTM_3arc,Roads,C,9.25,110.7,CurbInlet,Blended,51.9,5,low_lying,0.0828111011638317,10.379999999999999,Medium Risk
SEG-00158,"Seoul, South Korea",Sector 28,37.539976,127.097577,CAT-050,50.72,Copernicus_EEA-10_v5,Commercial,B,8.27,121.5,CurbInlet,LocalGauge,39.7,10,monitor,0.06751020408163265,3.97,Low Risk
SEG-00159,"Hyderabad, India",Borough Hillside,17.331108,78.483171,CAT-138,64.42,Copernicus_GLO-30_v2023,Green,C,6.37,185.3,CurbInlet,ERA5,41.2,25,monitor,0.034192163177670425,1.6480000000000001,Low Risk
SEG-00160,"Rio de Janeiro, Brazil",Ward J,-22.863116,-43.254828,CAT-015,17.32,Copernicus_GLO-30_v2023,Industrial,C,10.0,168.4,OpenChannel,LocalGauge,60.7,100,monitor,0.05903187721369539,0.607,Low Risk
SEG-00161,"Doha, Qatar",Ward J,25.29081,51.644414,CAT-012,25.130000000000003,SRTM_3arc,Commercial,B,6.19,4.8,GratedInlet,IMD,23.2,2,monitor,1.067241379310345,11.6,Low Risk
SEG-00162,"Sydney, Australia",Zone VII,-33.785876,151.266765,CAT-034,5.76,SRTM_1arc,Green,D,8.36,131.9,Manhole,Blended,19.3,2,low_lying,0.06290443942814146,9.65,Medium Risk
SEG-00163,"Brisbane, Australia",Zone I,-27.447855,153.020973,CAT-163,81.74,SRTM_1arc,Green,A,6.22,118.6,GratedInlet,ERA5,51.6,5,monitor,0.0520066889632107,10.32,Low Risk
SEG-00164,"Sydney, Australia",District 1,-33.937933,151.32663,CAT-024,-1.47,SRTM_1arc,Industrial,C,5.36,49.6,CurbInlet,IMD,29.3,10,low_lying|event_2024-03-24,0.10592885375494071,2.93,Medium Risk
SEG-00165,"Taipei, Taiwan",Ward I,24.990263,121.476219,CAT-055,62.46,SRTM_1arc,Roads,C,3.63,129.8,OpenChannel,ERA5,21.8,5,monitor,0.02775229357798165,4.36,Low Risk
SEG-00166,"Lima, Peru",Zone IX,-12.042736,-77.1659,CAT-060,42.61,Copernicus_EEA-10_v5,Roads,B,6.24,56.6,CurbInlet,ERA5,24.1,2,monitor,0.10833333333333334,12.05,Low Risk
SEG-00167,"Montreal, Canada",Zone V,45.463651,-73.619883,CAT-144,45.99,Copernicus_GLO-30_v2023,Roads,D,9.58,91.69999999999999,Manhole,ERA5,16.1,10,monitor,0.10334412081984899,1.61,Low Risk
SEG-00168,"Rotterdam, Netherlands",District 24,51.927443,4.541447,CAT-052,26.82,Copernicus_GLO-30_v2023,Industrial,C,6.3,28.2,OpenChannel,IMD,23.8,10,monitor,0.21575342465753425,2.38,Low Risk
SEG-00169,"Amsterdam, Netherlands",Sector 26,52.474882,4.858746,CAT-124,7.81,Copernicus_GLO-30_v2023,Industrial,C,5.29,14.2,Manhole,LocalGauge,37.9,25,low_lying,0.3480263157894737,1.516,Medium Risk
SEG-00170,"Singapore, Singapore",Zone VI,1.452783,103.876058,CAT-079,25.130000000000003,Copernicus_GLO-30_v2023,Industrial,D,10.89,53.0,GratedInlet,ERA5,48.1,5,monitor,0.2016666666666667,9.620000000000001,Low Risk
SEG-00171,"Vancouver, Canada",District 28,49.383375,-123.251292,CAT-115,-3.0,Copernicus_GLO-30_v2023,Mixed,B,5.25,61.2,CurbInlet,LocalGauge,57.8,25,ponding_hotspot|low_lying|event_2022-12-18,0.08440514469453375,2.312,High Risk
SEG-00172,"Ho Chi Minh City, Vietnam",Sector 16,10.84268,106.748436,CAT-086,21.62,SRTM_1arc,Water,C,7.59,200.3,Manhole,ERA5,54.0,2,monitor,0.03770491803278688,27.0,Low Risk
SEG-00173,"Sao Paulo, Brazil",Ward B,-23.507038,-46.615278,CAT-127,-3.0,SRTM_3arc,Roads,B,6.45,43.5,Manhole,LocalGauge,45.1,10,low_lying,0.1449438202247191,4.51,Medium Risk
SEG-00174,"Vancouver, Canada",Borough East,49.314033,-123.119837,CAT-031,9.94,Copernicus_GLO-30_v2023,Industrial,B,9.75,12.9,GratedInlet,ERA5,16.9,2,monitor,0.7014388489208633,8.45,Low Risk
SEG-00175,"Athens, Greece",Zone II,37.888212,23.817331,CAT-003,-3.0,Copernicus_EEA-10_v5,Commercial,B,5.62,91.69999999999999,CurbInlet,LocalGauge,31.8,5,low_lying,0.06062567421790724,6.36,Medium Risk
SEG-00176,"Manila, Philippines",District 12,14.562976,121.036665,CAT-172,25.130000000000003,Copernicus_EEA-10_v5,Industrial,C,10.2,20.0,CurbInlet,Blended,53.3,10,monitor,0.48571428571428565,5.33,Low Risk
SEG-00177,"Taipei, Taiwan",District 26,24.974956,121.547199,CAT-174,84.02,Copernicus_GLO-30_v2023,Residential,C,6.83,23.3,GratedInlet,ERA5,15.2,50,monitor,0.2810699588477366,0.304,Low Risk
SEG-00178,"Riyadh, Saudi Arabia",Ward C,24.551771,46.712203,CAT-169,-3.0,Copernicus_GLO-30_v2023,Mixed,A,6.03,74.6,Manhole,LocalGauge,21.8,2,low_lying,0.07976190476190477,10.9,Medium Risk
SEG-00179,"Houston, USA",District 6,29.735935,-95.236374,CAT-031,57.71,SRTM_3arc,Residential,D,7.9,91.69999999999999,CurbInlet,ERA5,23.5,5,monitor,0.08522114347357067,4.7,Low Risk
SEG-00180,"Accra, Ghana",District 7,5.701548,-0.269862,CAT-105,9.88,SRTM_3arc,Residential,C,3.81,60.2,Manhole,ERA5,79.2,50,monitor,0.062254901960784315,1.584,Low Risk
SEG-00181,"Sydney, Australia",Ward K,-33.851686,151.135394,CAT-146,-3.0,SRTM_3arc,Industrial,C,6.25,275.3,OpenChannel,ERA5,17.0,5,low_lying|event_2023-01-20,0.022620340209916757,3.4,Medium Risk
SEG-00182,"Riyadh, Saudi Arabia",Borough Old Town,24.712484,46.758972,CAT-037,10.03,Copernicus_EEA-10_v5,Roads,D,9.36,17.1,CurbInlet,ERA5,15.7,10,monitor,0.5171270718232044,1.5699999999999998,Low Risk
SEG-00183,"Lima, Peru",Borough Old Town,-12.052395,-77.084216,CAT-132,79.0,Copernicus_GLO-90_v2022,Residential,B,3.62,112.3,OpenChannel,LocalGauge,23.1,2,monitor,0.031950573698146516,11.55,Low Risk
SEG-00184,"Karachi, Pakistan",Borough Old Town,24.821874,67.022477,CAT-069,207.57,Copernicus_EEA-10_v5,Residential,A,6.57,91.69999999999999,GratedInlet,Blended,48.0,25,monitor,0.07087378640776701,1.92,Low Risk
SEG-00185,"Chennai, India",Sector 1,13.158386,80.376051,CAT-165,27.64,SRTM_1arc,Industrial,C,7.0,159.1,GratedInlet,LocalGauge,56.9,5,monitor,0.04372267332916927,11.379999999999999,Low Risk
SEG-00186,"Istanbul, Türkiye",Zone V,41.106308,28.918704,CAT-175,42.19,Copernicus_GLO-30_v2023,Residential,C,4.66,1.4,Manhole,Blended,13.7,10,monitor,1.9416666666666669,1.3699999999999999,Low Risk
SEG-00187,"Pune, India",Ward I,18.649573,73.829042,CAT-174,33.71,Copernicus_EEA-10_v5,Residential,D,6.31,242.2,OpenChannel,ERA5,23.2,2,monitor,0.025945723684210525,11.6,Low Risk
SEG-00188,"Philadelphia, USA",District 15,39.861922,-75.125416,CAT-108,-3.0,Copernicus_GLO-30_v2023,Residential,B,5.59,333.1,CurbInlet,ERA5,34.7,10,low_lying,0.016731517509727626,3.47,Medium Risk
SEG-00189,"Brisbane, Australia",Sector 18,-27.595665,152.99241,CAT-014,25.02,SRTM_3arc,Green,B,6.71,112.1,CurbInlet,ERA5,43.6,100,monitor,0.05932802829354554,0.436,Low Risk
SEG-00190,"Rio de Janeiro, Brazil",District 5,-22.926207,-43.157763,CAT-038,26.66,SRTM_3arc,Residential,C,6.25,36.9,GratedInlet,ERA5,44.8,10,monitor,0.16490765171503957,4.4799999999999995,Low Risk
SEG-00191,"Auckland, New Zealand",Sector 14,-36.7016,174.72417,CAT-053,91.62,Copernicus_EEA-10_v5,Residential,C,3.97,39.9,Manhole,ERA5,46.7,5,monitor,0.09706601466992666,9.34,Low Risk
SEG-00192,"Rotterdam, Netherlands",District 14,51.920377,4.480419,CAT-093,-2.84,Copernicus_EEA-10_v5,Roads,A,8.02,132.5,GratedInlet,ERA5,64.1,10,low_lying,0.06007490636704119,6.409999999999999,Medium Risk
SEG-00193,"Washington DC, USA",Zone I,38.879099,-77.041732,CAT-068,71.47,Copernicus_GLO-30_v2023,Commercial,A,5.55,108.7,CurbInlet,LocalGauge,27.3,10,monitor,0.050592525068368276,2.73,Low Risk
SEG-00194,"Vancouver, Canada",Sector 23,49.165174,-123.104249,CAT-005,16.03,Copernicus_GLO-30_v2023,Residential,B,2.93,112.3,GratedInlet,ERA5,37.5,2,sparse_drainage,0.025860547219770522,18.75,Medium Risk
SEG-00195,"Dhaka, Bangladesh",Borough North,23.799724,90.459875,CAT-004,57.42,Copernicus_GLO-90_v2022,Green,A,4.85,291.8,Manhole,IMD,101.3,100,extreme_rain_history,0.01656420765027322,1.013,High Risk
SEG-00196,"New York, USA",Zone IV,40.700856,-74.01971,CAT-177,55.66,Copernicus_GLO-30_v2023,Green,A,3.11,67.7,GratedInlet,LocalGauge,23.2,5,monitor,0.04526928675400291,4.64,Low Risk
SEG-00197,"Lima, Peru",Borough Hillside,-12.054308,-76.941589,CAT-064,-3.0,SRTM_3arc,Roads,D,5.35,59.6,GratedInlet,ERA5,17.3,2,ponding_hotspot|low_lying,0.08828382838283827,8.65,High Risk
SEG-00198,"Barcelona, Spain",Borough Delta,41.433134,2.159418,CAT-129,17.58,SRTM_1arc,Commercial,B,6.28,71.8,Manhole,ERA5,30.8,10,monitor,0.08626373626373628,3.08,Low Risk
SEG-00199,"Pune, India",Zone II,18.41893,73.898579,CAT-125,38.52,Copernicus_GLO-90_v2022,Mixed,B,2.92,76.2,CurbInlet,Blended,24.5,2,sparse_drainage|event_2022-10-13,0.03782383419689119,12.25,Medium Risk
SEG-00200,"Hanoi, Vietnam",Ward J,21.041383,105.809341,CAT-117,94.45,Copernicus_GLO-90_v2022,Residential,D,6.25,102.0,CurbInlet,ERA5,109.7,50,extreme_rain_history,0.06067961165048544,2.194,High Risk
SEG-00201,"London, UK",Borough East,51.450147,0.029632,CAT-099,7.46,SRTM_1arc,Green,C,4.62,137.6,CurbInlet,ERA5,41.9,50,low_lying,0.03333333333333333,0.838,Medium Risk
SEG-00202,"Philadelphia, USA",Borough Hillside,39.977663,-75.138597,CAT-097,2.92,SRTM_1arc,Industrial,A,6.25,3.6,GratedInlet,LocalGauge,31.9,5,low_lying,1.358695652173913,6.38,Medium Risk
SEG-00203,"Riyadh, Saudi Arabia",District 17,24.602366,46.653616,CAT-167,87.83,Copernicus_GLO-30_v2023,Roads,C,7.63,86.0,CurbInlet,ERA5,6.7,25,monitor,0.08770114942528735,0.268,Low Risk
SEG-00204,"Shanghai, China",Ward A,31.244103,121.425075,CAT-150,2.04,SRTM_3arc,Roads,C,10.24,88.3,GratedInlet,ERA5,42.9,25,low_lying,0.11466965285554312,1.716,Medium Risk
SEG-00205,"Tehran, Iran",Borough Old Town,35.668336,51.363575,CAT-051,25.130000000000003,SRTM_1arc,Roads,B,9.15,56.1,CurbInlet,ERA5,23.0,5,monitor,0.16024518388791595,4.6,Low Risk
SEG-00206,"Sydney, Australia",Zone V,-33.843459,151.225685,CAT-157,24.72,Copernicus_GLO-90_v2022,Commercial,D,7.31,1.1,GratedInlet,ERA5,20.3,10,monitor,3.4809523809523806,2.0300000000000002,Low Risk
SEG-00207,"San Francisco, USA",Ward D,37.743407,-122.421342,CAT-132,25.130000000000003,SRTM_3arc,Residential,B,8.16,30.1,Manhole,ERA5,32.8,50,monitor,0.2623794212218649,0.6559999999999999,Low Risk
SEG-00208,"Bengaluru, India",Borough Harbor,12.930679,77.660193,CAT-107,47.08,SRTM_1arc,Commercial,C,8.83,120.3,CurbInlet,Blended,16.2,5,monitor,0.07279472382522671,3.2399999999999998,Low Risk
SEG-00209,"Mumbai, India",Ward G,19.040309,72.889891,CAT-025,2.8,Copernicus_GLO-30_v2023,Commercial,C,5.74,64.1,CurbInlet,IMD,34.1,10,low_lying,0.0881720430107527,3.41,Medium Risk
SEG-00210,"Buenos Aires, Argentina",Sector 11,-34.584343,-58.347751,CAT-036,-3.0,SRTM_1arc,Roads,C,7.81,108.6,GratedInlet,ERA5,43.5,50,ponding_hotspot|low_lying|event_2025-07-04,0.07125912408759125,0.87,High Risk
SEG-00211,"Ahmedabad, India",District 22,22.952621,72.653047,CAT-087,63.54,Copernicus_GLO-30_v2023,Residential,D,5.23,80.1,Manhole,ERA5,33.6,2,monitor,0.06448828606658448,16.8,Low Risk
SEG-00212,"Washington DC, USA",District 8,38.914072,-77.02681,CAT-091,40.53,Copernicus_GLO-90_v2022,Commercial,B,6.81,94.7,CurbInlet,ERA5,20.4,25,monitor,0.07115987460815046,0.816,Low Risk
SEG-00213,"Washington DC, USA",District 23,38.817143,-76.999981,CAT-144,62.9,Copernicus_EEA-10_v5,Green,B,1.99,219.5,Manhole,ERA5,61.9,50,sparse_drainage,0.009024943310657596,1.238,Medium Risk
SEG-00214,"Seoul, South Korea",District 8,37.637419,126.971739,CAT-022,27.64,Copernicus_GLO-30_v2023,Commercial,D,6.5,131.6,OpenChannel,ERA5,39.5,2,monitor,0.049019607843137254,19.75,Low Risk
SEG-00215,"Washington DC, USA",Sector 25,38.902993,-77.015935,CAT-016,-3.0,SRTM_1arc,Residential,B,6.21,202.2,OpenChannel,ERA5,41.3,2,low_lying|event_2025-06-26,0.030561023622047247,20.65,Medium Risk
SEG-00216,"Auckland, New Zealand",District 13,-36.858992,174.728861,CAT-171,15.34,SRTM_1arc,Residential,B,5.12,161.9,GratedInlet,ERA5,29.9,2,monitor,0.03143032535297729,14.95,Low Risk
SEG-00217,"Istanbul, Türkiye",District 9,41.057945,29.026179,CAT-164,0.78,SRTM_1arc,Roads,A,5.77,91.69999999999999,CurbInlet,ERA5,26.0,10,low_lying,0.06224379719525351,2.6,Medium Risk
SEG-00218,"Hamburg, Germany",Borough Hillside,53.445347,9.975697,CAT-028,111.08,SRTM_3arc,Commercial,D,9.83,28.6,GratedInlet,ERA5,27.5,5,monitor,0.33209459459459456,5.5,Low Risk
SEG-00219,"Rome, Italy",Borough South,41.805683,12.509814,CAT-022,77.91,Copernicus_GLO-90_v2022,Green,B,3.81,257.1,Manhole,ERA5,36.9,100,monitor,0.014761720263463772,0.369,Low Risk
SEG-00220,"Bengaluru, India",Ward H,13.08247,77.596147,CAT-047,73.87,SRTM_3arc,Water,C,8.08,9.0,CurbInlet,ERA5,54.4,2,monitor,0.808,27.2,Low Risk
SEG-00221,"Buenos Aires, Argentina",Ward D,-34.53603,-58.514436,CAT-011,32.62,Copernicus_GLO-30_v2023,Industrial,A,6.25,95.0,CurbInlet,LocalGauge,42.0,2,monitor,0.06510416666666667,21.0,Low Risk
SEG-00222,"Seoul, South Korea",Sector 6,37.497128,126.989437,CAT-011,62.64,Copernicus_EEA-10_v5,Roads,C,9.44,91.69999999999999,CurbInlet,ERA5,78.2,10,monitor,0.10183387270765912,7.82,Low Risk
SEG-00223,"Washington DC, USA",Borough Riverside,38.885243,-77.087806,CAT-117,25.130000000000003,SRTM_1arc,Green,A,3.71,123.7,OpenChannel,IMD,45.2,10,monitor,0.0297514033680834,4.5200000000000005,Low Risk
SEG-00224,"Taipei, Taiwan",Ward J,24.980003,121.560695,CAT-084,-0.11,Copernicus_GLO-30_v2023,Green,C,4.18,22.6,Manhole,ERA5,18.3,5,low_lying|event_2024-06-01,0.1771186440677966,3.66,Medium Risk
SEG-00225,"Lagos, Nigeria",Borough Delta,6.454282,3.340342,CAT-029,14.03,Copernicus_GLO-30_v2023,Residential,B,2.91,73.3,CurbInlet,ERA5,33.1,2,sparse_drainage,0.039165545087483176,16.55,Medium Risk
SEG-00226,"Brisbane, Australia",Borough Central,-27.320437,152.90173,CAT-069,-3.0,Copernicus_GLO-30_v2023,Roads,D,6.25,108.1,GratedInlet,IMD,49.6,10,ponding_hotspot|low_lying,0.05728689275893676,4.96,High Risk
SEG-00227,"Nairobi, Kenya",Zone VIII,-1.302091,36.792789,CAT-018,71.88,Copernicus_GLO-90_v2022,Commercial,D,6.25,267.1,OpenChannel,LocalGauge,44.0,2,monitor,0.02331219694143976,22.0,Low Risk
SEG-00228,"Karachi, Pakistan",Ward G,24.922791,67.046273,CAT-062,118.81,SRTM_1arc,Residential,A,3.09,91.69999999999999,CurbInlet,Blended,48.6,25,monitor,0.03333333333333333,1.944,Low Risk
SEG-00229,"Durban, South Africa",Zone VIII,-29.835599,31.112207,CAT-002,25.54,SRTM_1arc,Mixed,D,4.61,123.7,OpenChannel,ERA5,23.1,5,monitor,0.03696872493985565,4.62,Low Risk
SEG-00230,"Manila, Philippines",District 25,14.565542,120.892138,CAT-115,-3.0,Copernicus_GLO-90_v2022,Residential,D,6.16,240.9,OpenChannel,ERA5,52.6,25,ponding_hotspot|low_lying,0.025465068210004133,2.104,High Risk
SEG-00231,"Philadelphia, USA",Sector 3,40.061779,-75.132898,CAT-169,32.51,Copernicus_GLO-30_v2023,Industrial,A,10.62,38.9,Manhole,ERA5,36.5,5,monitor,0.26616541353383455,7.3,Low Risk
SEG-00232,"Tehran, Iran",Borough Delta,35.805944,51.429591,CAT-126,16.94,SRTM_3arc,Mixed,C,7.55,170.8,OpenChannel,ERA5,33.4,10,monitor,0.0439464493597206,3.34,Low Risk
SEG-00233,"Tokyo, Japan",Zone I,35.780564,139.724406,CAT-048,48.46,Copernicus_GLO-30_v2023,Residential,D,5.71,27.2,Manhole,ERA5,27.2,25,monitor,0.20248226950354611,1.088,Low Risk
SEG-00234,"Guangzhou, China",Ward B,23.253732,113.231547,CAT-088,16.05,Copernicus_EEA-10_v5,Green,A,5.68,463.2,OpenChannel,LocalGauge,118.5,50,extreme_rain_history,0.012236105127100388,2.37,High Risk
SEG-00235,"Montreal, Canada",Ward E,45.622928,-73.570061,CAT-119,94.59,SRTM_3arc,Residential,D,7.83,112.3,CurbInlet,LocalGauge,57.9,10,monitor,0.06910856134157105,5.79,Low Risk
SEG-00236,"Mexico City, Mexico",Borough South,19.382919,-99.093299,CAT-133,0.77,SRTM_3arc,Commercial,C,9.12,266.6,OpenChannel,Blended,31.8,25,low_lying,0.034080717488789235,1.272,Medium Risk
SEG-00237,"Pune, India",Zone IV,18.441224,73.898098,CAT-155,93.71,Copernicus_GLO-30_v2023,Roads,A,8.54,49.8,Manhole,LocalGauge,81.6,2,extreme_rain_history,0.16811023622047244,40.8,High Risk
SEG-00238,"Mumbai, India",Sector 14,19.181069,72.951292,CAT-161,11.73,Copernicus_GLO-30_v2023,Industrial,C,10.6,62.5,CurbInlet,ERA5,47.0,5,monitor,0.16692913385826771,9.4,Low Risk
SEG-00239,"Shanghai, China",Borough South,31.179101,121.535345,CAT-122,-0.93,Copernicus_GLO-30_v2023,Roads,B,9.77,100.0,CurbInlet,IMD,13.7,5,low_lying,0.09673267326732674,2.7399999999999998,Medium Risk
SEG-00240,"Nairobi, Kenya",Sector 27,-1.31365,36.782376,CAT-114,94.65,Copernicus_GLO-30_v2023,Roads,B,4.67,44.7,CurbInlet,ERA5,41.9,5,monitor,0.10218818380743981,8.379999999999999,Low Risk
SEG-00241,"Doha, Qatar",Zone IX,25.171765,51.583772,CAT-122,63.71,SRTM_3arc,Roads,D,6.39,91.69999999999999,GratedInlet,LocalGauge,7.6,10,monitor,0.06893203883495146,0.76,Low Risk
SEG-00242,"Mexico City, Mexico",District 28,19.565856,-99.11757,CAT-054,81.46,SRTM_3arc,Residential,A,5.33,26.4,GratedInlet,ERA5,42.3,10,monitor,0.1945255474452555,4.2299999999999995,Low Risk
SEG-00243,"Montreal, Canada",District 28,45.368058,-73.484158,CAT-166,25.55,Copernicus_GLO-30_v2023,Commercial,B,3.33,86.1,CurbInlet,IMD,31.2,2,monitor,0.03823191733639495,15.6,Low Risk
SEG-00244,"Lima, Peru",Zone V,-12.039891,-77.090972,CAT-157,36.82,Copernicus_EEA-10_v5,Roads,B,9.32,4.5,CurbInlet,LocalGauge,62.0,5,monitor,1.6945454545454546,12.4,Low Risk
SEG-00245,"Durban, South Africa",Sector 10,-29.865091,30.973531,CAT-043,29.75,Copernicus_GLO-30_v2023,Commercial,C,9.13,20.4,CurbInlet,LocalGauge,57.3,50,monitor,0.42663551401869165,1.146,Low Risk
SEG-00246,"Pune, India",Sector 17,18.444489,73.901304,CAT-005,42.25,SRTM_3arc,Industrial,C,7.77,188.4,GratedInlet,ERA5,23.7,2,monitor,0.04102428722280887,11.85,Low Risk
SEG-00247,"Montreal, Canada",Zone VII,45.398908,-73.649442,CAT-065,24.86,Copernicus_GLO-30_v2023,Roads,C,6.2,193.6,OpenChannel,ERA5,33.1,5,monitor,0.03186022610483042,6.62,Low Risk
SEG-00248,"Delhi, India",Zone II,28.550103,77.292346,CAT-102,33.38,Copernicus_EEA-10_v5,Institutional,D,6.25,239.9,CurbInlet,ERA5,67.4,25,monitor,0.025944375259443753,2.696,Low Risk
SEG-00249,"Washington DC, USA",Borough North,38.905521,-77.010384,CAT-018,25.130000000000003,Copernicus_EEA-10_v5,Roads,C,4.45,91.69999999999999,CurbInlet,ERA5,91.3,10,extreme_rain_history,0.048004314994606265,9.129999999999999,High Risk
SEG-00250,"Pune, India",Zone I,18.595732,73.828706,CAT-079,76.46,SRTM_3arc,Roads,B,7.13,6.8,Manhole,Blended,20.1,5,monitor,0.9141025641025641,4.0200000000000005,Low Risk
SEG-00251,"Bengaluru, India",Ward D,13.11177,77.548232,CAT-079,30.77,SRTM_1arc,Industrial,C,7.81,17.1,GratedInlet,IMD,20.5,2,monitor,0.4314917127071823,10.25,Low Risk
SEG-00252,"Ahmedabad, India",Sector 5,23.12439,72.639583,CAT-105,25.130000000000003,SRTM_1arc,Residential,C,6.25,91.69999999999999,CurbInlet,ERA5,57.3,2,monitor,0.06742179072276161,28.65,Low Risk
SEG-00253,"Lagos, Nigeria",Borough Central,6.545532,3.527997,CAT-017,22.38,SRTM_3arc,Residential,A,7.11,19.7,CurbInlet,ERA5,122.4,50,extreme_rain_history,0.34347826086956523,2.448,High Risk
SEG-00254,"Seoul, South Korea",District 17,37.544612,126.921125,CAT-151,36.52,SRTM_1arc,Residential,B,4.31,11.8,Manhole,IMD,13.2,2,monitor,0.33671874999999996,6.6,Low Risk
SEG-00255,"Paris, France",Ward D,48.748073,2.447986,CAT-117,42.08,SRTM_1arc,Roads,B,10.43,308.4,OpenChannel,IMD,42.2,100,monitor,0.033710407239819,0.42200000000000004,Low Risk
SEG-00256,"Cape Town, South Africa",District 19,-33.94121,18.398241,CAT-069,9.66,SRTM_1arc,Industrial,B,5.21,86.0,GratedInlet,LocalGauge,29.6,25,monitor,0.059885057471264366,1.1840000000000002,Low Risk
SEG-00257,"Sao Paulo, Brazil",Sector 8,-23.604242,-46.749131,CAT-124,71.87,Copernicus_GLO-90_v2022,Green,A,6.66,223.1,GratedInlet,IMD,25.1,10,monitor,0.029718875502008035,2.5100000000000002,Low Risk
SEG-00258,"Lagos, Nigeria",Borough South,6.499218,3.37778,CAT-003,14.56,Copernicus_GLO-30_v2023,Commercial,A,6.07,56.4,CurbInlet,Blended,54.3,10,monitor,0.10574912891986063,5.43,Low Risk
SEG-00259,"Cape Town, South Africa",Sector 30,-33.975397,18.381482,CAT-022,217.92,SRTM_1arc,Residential,D,7.75,80.7,CurbInlet,ERA5,18.7,5,monitor,0.09485924112607098,3.7399999999999998,Low Risk
SEG-00260,"Osaka, Japan",District 8,34.781139,135.702971,CAT-013,75.84,SRTM_1arc,Green,B,4.55,316.4,CurbInlet,IMD,36.1,5,monitor,0.014335223692501576,7.220000000000001,Low Risk
SEG-00261,"Bengaluru, India",Ward I,12.967102,77.489353,CAT-114,-3.0,Copernicus_GLO-30_v2023,Roads,B,3.28,91.69999999999999,OpenChannel,ERA5,32.5,2,low_lying,0.03538295577130529,16.25,Medium Risk
SEG-00262,"Singapore, Singapore",District 13,1.327545,103.794893,CAT-096,18.22,SRTM_3arc,Residential,B,6.75,18.9,GratedInlet,Blended,33.7,50,monitor,0.3391959798994975,0.674,Low Risk
SEG-00263,"Ahmedabad, India",Zone V,22.995238,72.572519,CAT-045,18.03,Copernicus_EEA-10_v5,Green,A,5.94,583.4,CurbInlet,ERA5,61.2,10,monitor,0.010164271047227927,6.12,Low Risk
SEG-00264,"Dhaka, Bangladesh",Borough Delta,23.877002,90.544941,CAT-163,85.99,SRTM_1arc,Institutional,C,3.37,375.4,GratedInlet,ERA5,135.8,50,extreme_rain_history,0.008953241232731137,2.716,High Risk
SEG-00265,"Doha, Qatar",Sector 20,25.278182,51.401339,CAT-014,54.52,SRTM_1arc,Commercial,A,6.13,1.2,CurbInlet,Blended,12.0,2,monitor,2.786363636363636,6.0,Low Risk
SEG-00266,"Copenhagen, Denmark",Borough Delta,55.65663,12.541055,CAT-035,2.38,SRTM_3arc,Roads,A,7.92,330.0,OpenChannel,ERA5,30.0,5,low_lying,0.023927492447129908,6.0,Medium Risk
SEG-00267,"Singapore, Singapore",Zone VIII,1.298644,103.760688,CAT-096,18.52,SRTM_1arc,Roads,A,9.02,91.69999999999999,CurbInlet,ERA5,83.7,100,extreme_rain_history,0.09730312837108954,0.8370000000000001,High Risk
SEG-00268,"Ahmedabad, India",Ward H,23.025113,72.576207,CAT-101,30.91,SRTM_1arc,Residential,C,7.66,175.0,GratedInlet,ERA5,46.7,10,monitor,0.043522727272727275,4.67,Low Risk
SEG-00269,"Washington DC, USA",Ward F,38.90712,-77.071526,CAT-086,25.130000000000003,Copernicus_GLO-90_v2022,Commercial,C,6.23,94.4,Manhole,ERA5,18.8,5,monitor,0.06530398322851153,3.7600000000000002,Low Risk
SEG-00270,"New York, USA",District 18,40.531515,-74.049273,CAT-088,28.53,Copernicus_GLO-30_v2023,Roads,B,10.78,94.7,GratedInlet,Blended,15.1,5,monitor,0.11264367816091952,3.02,Low Risk
SEG-00271,"Hanoi, Vietnam",Zone V,21.112174,105.827814,CAT-013,92.2,SRTM_1arc,Residential,B,4.51,134.4,CurbInlet,Blended,66.8,25,monitor,0.03330871491875923,2.6719999999999997,Low Risk
SEG-00272,"Nairobi, Kenya",Sector 22,-1.450604,36.964612,CAT-100,40.18,Copernicus_GLO-30_v2023,Commercial,B,6.78,90.8,GratedInlet,LocalGauge,53.8,50,monitor,0.0738562091503268,1.0759999999999998,Low Risk
SEG-00273,"Philadelphia, USA",District 18,39.998389,-75.252837,CAT-127,24.57,Copernicus_GLO-30_v2023,Commercial,C,6.37,21.0,Manhole,IMD,41.8,2,monitor,0.28954545454545455,20.9,Low Risk
SEG-00274,"Nairobi, Kenya",Ward C,-1.252707,36.910278,CAT-030,31.02,Copernicus_EEA-10_v5,Roads,D,9.11,11.5,GratedInlet,Blended,56.2,10,monitor,0.7288,5.62,Low Risk
SEG-00275,"Ahmedabad, India",Sector 30,22.953456,72.641284,CAT-020,-3.0,Copernicus_GLO-90_v2022,Residential,B,7.98,86.8,OpenChannel,IMD,21.3,25,low_lying,0.09088838268792712,0.852,Medium Risk
SEG-00276,"Rio de Janeiro, Brazil",Sector 23,-22.92871,-43.132041,CAT-074,16.4,SRTM_1arc,Residential,C,3.84,107.1,OpenChannel,Blended,107.5,10,extreme_rain_history,0.035522664199814986,10.75,High Risk
SEG-00277,"Guangzhou, China",Borough North,23.274446,113.195713,CAT-006,25.130000000000003,Copernicus_GLO-30_v2023,Residential,B,7.39,91.69999999999999,OpenChannel,IMD,113.0,100,extreme_rain_history,0.07971952535059332,1.13,High Risk
SEG-00278,"Ho Chi Minh City, Vietnam",Zone I,10.869942,106.584053,CAT-123,59.22,Copernicus_EEA-10_v5,Residential,A,3.62,91.69999999999999,GratedInlet,ERA5,98.5,50,extreme_rain_history,0.03905070118662352,1.97,High Risk
SEG-00279,"Hanoi, Vietnam",Borough Delta,21.079761,105.862048,CAT-104,74.07,SRTM_3arc,Residential,B,5.42,86.0,Manhole,Blended,150.0,100,extreme_rain_history,0.06229885057471264,1.5,High Risk
SEG-00280,"Vancouver, Canada",Zone III,49.251744,-123.043218,CAT-010,31.22,SRTM_1arc,Water,D,8.0,79.8,GratedInlet,ERA5,38.4,25,monitor,0.09900990099009901,1.536,Low Risk
SEG-00281,"Tehran, Iran",Zone I,35.670953,51.498173,CAT-066,49.54,Copernicus_GLO-30_v2023,Commercial,C,7.76,177.3,OpenChannel,LocalGauge,28.3,2,monitor,0.04352215367358384,14.15,Low Risk
SEG-00282,"Rio de Janeiro, Brazil",Zone IX,-22.909294,-43.072448,CAT-038,22.14,SRTM_1arc,Water,B,2.99,204.7,Manhole,Blended,102.3,100,extreme_rain_history|sparse_drainage,0.014535731648031115,1.023,High Risk
SEG-00283,"Montreal, Canada",Ward C,45.580423,-73.536849,CAT-120,-3.0,SRTM_1arc,Roads,C,8.09,74.4,GratedInlet,ERA5,22.9,25,low_lying,0.1072944297082228,0.9159999999999999,Medium Risk
SEG-00284,"Rome, Italy",Zone VII,41.826744,12.727787,CAT-047,69.98,SRTM_3arc,Residential,B,7.79,30.6,CurbInlet,ERA5,14.6,5,monitor,0.24651898734177213,2.92,Low Risk
SEG-00285,"Sao Paulo, Brazil",Zone VIII,-23.412793,-46.641117,CAT-115,123.92,Copernicus_GLO-30_v2023,Roads,D,6.25,91.8,Manhole,ERA5,54.4,5,monitor,0.06734913793103449,10.879999999999999,Low Risk
SEG-00286,"Athens, Greece",Ward C,38.102407,23.666691,CAT-036,12.62,SRTM_3arc,Green,C,3.13,199.9,OpenChannel,ERA5,40.5,5,monitor,0.015579890492782477,8.1,Low Risk
SEG-00287,"New Orleans, USA",Borough West,29.97508,-90.122542,CAT-117,16.77,SRTM_1arc,Roads,B,6.96,15.8,CurbInlet,Blended,40.6,5,monitor,0.41428571428571426,8.120000000000001,Low Risk
SEG-00288,"Durban, South Africa",Borough Hillside,-29.885025,31.146666,CAT-040,51.95,Copernicus_GLO-30_v2023,Industrial,C,6.16,177.5,CurbInlet,IMD,30.2,25,monitor,0.034509803921568626,1.208,Low Risk
SEG-00289,"Riyadh, Saudi Arabia",Zone V,24.798899,46.722769,CAT-052,101.09,SRTM_3arc,Institutional,B,2.78,91.69999999999999,GratedInlet,LocalGauge,9.3,25,sparse_drainage,0.02998921251348436,0.37200000000000005,Medium Risk
SEG-00290,"Jakarta, Indonesia",Borough South,-6.063204,107.044783,CAT-048,-3.0,Copernicus_GLO-90_v2022,Commercial,C,9.43,9.3,CurbInlet,LocalGauge,31.0,25,low_lying,0.9155339805825242,1.24,Medium Risk
SEG-00291,"Copenhagen, Denmark",Ward G,55.655924,12.577613,CAT-059,14.51,SRTM_1arc,Residential,C,3.24,6.5,Manhole,ERA5,59.6,50,monitor,0.43200000000000005,1.192,Low Risk
SEG-00292,"Lima, Peru",Ward H,-11.982429,-77.015782,CAT-095,-3.0,SRTM_3arc,Commercial,B,5.97,97.2,Manhole,IMD,30.5,2,low_lying,0.06079429735234215,15.25,Medium Risk
SEG-00293,"Tehran, Iran",Sector 11,35.760324,51.310389,CAT-121,-3.0,Copernicus_EEA-10_v5,Commercial,C,10.29,91.69999999999999,OpenChannel,ERA5,20.1,50,low_lying,0.11100323624595469,0.402,Medium Risk
SEG-00294,"Rio de Janeiro, Brazil",Sector 13,-22.940979,-43.079946,CAT-064,13.42,SRTM_1arc,Industrial,B,4.6,86.2,CurbInlet,IMD,78.5,10,monitor,0.05275229357798165,7.85,Low Risk
SEG-00295,"Miami, USA",Ward I,25.721869,-80.299723,CAT-117,15.55,Copernicus_EEA-10_v5,Residential,A,7.98,94.2,CurbInlet,ERA5,128.5,50,extreme_rain_history,0.08382352941176471,2.57,High Risk
SEG-00296,"Brisbane, Australia",Borough Hillside,-27.439625,153.102577,CAT-162,84.54,Copernicus_EEA-10_v5,Residential,D,7.8,155.6,Manhole,ERA5,42.1,2,monitor,0.04980842911877395,21.05,Low Risk
SEG-00297,"Sydney, Australia",Borough North,-33.989784,151.199791,CAT-004,25.130000000000003,Copernicus_GLO-30_v2023,Residential,C,7.08,27.7,Manhole,Blended,12.3,2,monitor,0.24668989547038328,6.15,Low Risk
SEG-00298,"Vancouver, Canada",Sector 21,49.156524,-123.204919,CAT-031,11.87,Copernicus_GLO-30_v2023,Industrial,A,5.09,119.9,CurbInlet,LocalGauge,42.6,2,monitor,0.04210090984284532,21.3,Low Risk
SEG-00299,"Singapore, Singapore",Sector 5,1.310383,103.920371,CAT-162,0.77,SRTM_1arc,Green,C,6.04,155.8,OpenChannel,LocalGauge,36.9,2,low_lying,0.0385204081632653,18.45,Medium Risk
SEG-00300,"Taipei, Taiwan",Sector 4,25.032737,121.627418,CAT-169,100.61,SRTM_1arc,Roads,D,9.04,41.6,CurbInlet,IMD,20.8,10,monitor,0.21220657276995303,2.08,Low Risk
SEG-00301,"Rio de Janeiro, Brazil",Sector 24,-23.030736,-43.153495,CAT-133,10.99,SRTM_1arc,Green,D,4.45,156.4,GratedInlet,ERA5,38.1,25,monitor,0.028271918678526048,1.524,Low Risk
SEG-00302,"Tehran, Iran",Borough Hillside,35.466197,51.407031,CAT-002,37.51,SRTM_1arc,Commercial,C,7.76,45.7,OpenChannel,ERA5,31.9,50,monitor,0.16616702355460383,0.638,Low Risk
SEG-00303,"Osaka, Japan",Zone X,34.706225,135.34055,CAT-063,88.82,Copernicus_GLO-30_v2023,Residential,A,4.78,91.69999999999999,CurbInlet,ERA5,31.2,2,monitor,0.051564185544768076,15.6,Low Risk
SEG-00304,"Philadelphia, USA",Ward E,40.191083,-75.061504,CAT-167,12.93,Copernicus_EEA-10_v5,Residential,A,6.25,111.7,Manhole,Blended,17.5,10,monitor,0.05545696539485359,1.75,Low Risk
SEG-00305,"Bogotá, Colombia",Zone V,4.65572,-74.198345,CAT-171,107.59,Copernicus_EEA-10_v5,Residential,A,7.97,107.7,GratedInlet,ERA5,44.7,2,monitor,0.07332106715731371,22.35,Low Risk
SEG-00306,"Bogotá, Colombia",Borough East,4.742938,-74.125047,CAT-005,-3.0,Copernicus_GLO-30_v2023,Residential,B,2.96,5.7,GratedInlet,ERA5,38.6,5,low_lying|sparse_drainage,0.4417910447761194,7.720000000000001,Medium Risk
SEG-00307,"London, UK",Sector 9,51.487492,-0.095379,CAT-012,45.69,SRTM_1arc,Residential,D,7.38,11.8,Manhole,IMD,22.4,10,monitor,0.5765625,2.2399999999999998,Low Risk
SEG-00308,"Houston, USA",District 23,29.86551,-95.374103,CAT-118,42.48,SRTM_3arc,Residential,B,7.04,65.4,CurbInlet,ERA5,34.8,50,monitor,0.10602409638554217,0.696,Low Risk
SEG-00309,"Taipei, Taiwan",Zone VIII,24.827604,121.630241,CAT-105,-3.0,Copernicus_EEA-10_v5,Roads,C,4.29,91.69999999999999,Manhole,ERA5,26.9,50,ponding_hotspot|low_lying,0.046278317152103565,0.5379999999999999,High Risk
SEG-00310,"London, UK",Zone V,51.392913,-0.14086,CAT-004,69.38,SRTM_3arc,Residential,A,4.2,60.5,Manhole,Blended,16.9,5,monitor,0.06829268292682927,3.38,Low Risk
SEG-00311,"Rotterdam, Netherlands",Zone V,51.878536,4.411624,CAT-003,13.68,Copernicus_EEA-10_v5,Residential,D,2.48,48.0,CurbInlet,ERA5,53.9,10,sparse_drainage,0.05061224489795918,5.39,Medium Risk
SEG-00312,"Pune, India",District 25,18.518432,73.960971,CAT-054,47.81,Copernicus_GLO-30_v2023,Roads,D,4.31,30.8,CurbInlet,ERA5,25.8,10,monitor,0.13553459119496855,2.58,Low Risk
SEG-00313,"Delhi, India",Ward K,28.589648,77.197997,CAT-128,93.2,Copernicus_EEA-10_v5,Residential,B,4.04,669.5,CurbInlet,ERA5,19.7,50,monitor,0.006025354213273677,0.39399999999999996,Low Risk
SEG-00314,"Mexico City, Mexico",District 10,19.508593,-99.127515,CAT-053,95.63,SRTM_1arc,Commercial,B,3.23,178.5,OpenChannel,ERA5,15.8,10,monitor,0.017994428969359332,1.58,Low Risk
SEG-00315,"Houston, USA",Sector 21,29.817758,-95.350056,CAT-028,28.07,Copernicus_GLO-30_v2023,Roads,C,7.13,19.8,Manhole,ERA5,36.4,2,monitor,0.34278846153846154,18.2,Low Risk
SEG-00316,"Bogotá, Colombia",District 30,4.667515,-74.123444,CAT-056,90.61,Copernicus_GLO-30_v2023,Roads,B,9.67,99.8,Manhole,LocalGauge,17.1,100,monitor,0.09593253968253969,0.171,Low Risk
SEG-00317,"Lima, Peru",Zone I,-12.063188,-77.08842,CAT-017,48.13,Copernicus_GLO-90_v2022,Commercial,A,7.45,84.0,GratedInlet,ERA5,27.0,25,monitor,0.08764705882352941,1.08,Low Risk
SEG-00318,"Paris, France",Borough South,48.970684,2.446874,CAT-116,61.18,Copernicus_GLO-30_v2023,Commercial,C,7.02,113.8,CurbInlet,ERA5,23.0,100,monitor,0.06114982578397212,0.23,Low Risk
SEG-00319,"Ho Chi Minh City, Vietnam",District 12,10.799522,106.466662,CAT-079,1.22,Copernicus_GLO-30_v2023,Roads,A,9.48,76.1,GratedInlet,ERA5,52.0,25,low_lying,0.12295719844357979,2.08,Medium Risk
SEG-00320,"Hamburg, Germany",District 9,53.501247,9.925655,CAT-158,22.17,Copernicus_GLO-30_v2023,Roads,D,3.26,137.3,CurbInlet,IMD,10.5,2,monitor,0.023571945046999273,5.25,Low Risk
SEG-00321,"Osaka, Japan",Borough Harbor,34.71992,135.496941,CAT-023,128.37,Copernicus_GLO-90_v2022,Green,B,6.61,375.6,CurbInlet,LocalGauge,26.5,2,monitor,0.017551779075942645,13.25,Low Risk
SEG-00322,"Lagos, Nigeria",Zone VIII,6.558432,3.328856,CAT-116,11.48,Copernicus_GLO-30_v2023,Roads,A,4.37,95.3,Manhole,Blended,97.2,5,extreme_rain_history,0.04537902388369678,19.44,High Risk
SEG-00323,"Philadelphia, USA",District 13,39.899265,-75.183478,CAT-139,63.78,Copernicus_GLO-30_v2023,Green,A,4.5,74.9,OpenChannel,IMD,29.1,5,monitor,0.05928853754940711,5.82,Low Risk
SEG-00324,"Rotterdam, Netherlands",Sector 6,51.943671,4.492108,CAT-161,6.65,SRTM_1arc,Roads,A,9.08,88.9,Manhole,Blended,9.0,5,low_lying,0.10100111234705228,1.8,Medium Risk
SEG-00325,"Auckland, New Zealand",Sector 2,-36.788851,174.681236,CAT-002,33.09,Copernicus_GLO-30_v2023,Commercial,A,6.57,80.6,Manhole,ERA5,35.3,10,monitor,0.08051470588235295,3.53,Low Risk
SEG-00326,"Bengaluru, India",Ward E,13.00686,77.641121,CAT-115,26.79,SRTM_1arc,Institutional,C,5.22,253.6,CurbInlet,ERA5,16.9,5,monitor,0.020502749410840532,3.38,Low Risk
SEG-00327,"Lagos, Nigeria",District 12,6.588569,3.186932,CAT-074,9.95,Copernicus_EEA-10_v5,Green,B,6.25,110.6,CurbInlet,IMD,42.3,100,monitor,0.05600358422939068,0.423,Low Risk
SEG-00328,"New York, USA",Borough West,40.701315,-73.886377,CAT-159,111.04,Copernicus_GLO-30_v2023,Roads,B,5.43,126.7,CurbInlet,ERA5,28.0,2,monitor,0.04252153484729835,14.0,Low Risk
SEG-00329,"Riyadh, Saudi Arabia",Borough Riverside,24.626105,46.649479,CAT-028,60.75,Copernicus_GLO-30_v2023,Roads,D,5.88,52.8,Manhole,Blended,15.8,5,monitor,0.10929368029739778,3.16,Low Risk
SEG-00330,"Manila, Philippines",Sector 1,14.574304,120.856532,CAT-135,-2.74,SRTM_1arc,Residential,C,2.74,153.4,Manhole,Blended,128.2,50,ponding_hotspot|extreme_rain_history|low_lying|sparse_drainage|event_2023-08-25,0.017746113989637307,2.5639999999999996,High Risk
SEG-00331,"Accra, Ghana",Zone IX,5.530227,-0.109746,CAT-131,5.1,SRTM_3arc,Industrial,D,6.25,51.2,GratedInlet,LocalGauge,120.4,10,ponding_hotspot|extreme_rain_history|low_lying,0.11973180076628352,12.040000000000001,High Risk
SEG-00332,"Delhi, India",Zone IX,28.554005,77.273017,CAT-126,65.78,SRTM_3arc,Green,A,5.69,200.0,Manhole,LocalGauge,62.3,5,monitor,0.02830845771144279,12.459999999999999,Low Risk
SEG-00333,"Hong Kong, China",Zone V,22.265738,113.972914,CAT-166,4.79,Copernicus_EEA-10_v5,Roads,A,6.25,251.3,CurbInlet,ERA5,43.4,10,low_lying,0.024772096710265555,4.34,Medium Risk
SEG-00334,"Ho Chi Minh City, Vietnam",Zone III,10.848181,106.647658,CAT-149,4.01,Copernicus_GLO-30_v2023,Water,D,4.98,66.8,OpenChannel,IMD,63.3,5,ponding_hotspot|low_lying,0.07345132743362832,12.66,High Risk
SEG-00335,"Rio de Janeiro, Brazil",Borough East,-22.961825,-43.159953,CAT-104,17.77,Copernicus_EEA-10_v5,Roads,B,7.69,154.7,OpenChannel,LocalGauge,38.8,50,monitor,0.049389852280025695,0.7759999999999999,Low Risk
SEG-00336,"Durban, South Africa",Sector 8,-29.813867,31.005755,CAT-068,-3.0,Copernicus_GLO-30_v2023,Roads,B,8.59,128.0,OpenChannel,LocalGauge,23.3,2,low_lying,0.0665891472868217,11.65,Medium Risk
SEG-00337,"Houston, USA",District 8,29.75768,-95.311675,CAT-100,-3.0,Copernicus_GLO-90_v2022,Mixed,C,6.25,162.7,OpenChannel,Blended,34.8,5,ponding_hotspot|low_lying,0.03817959682345755,6.959999999999999,High Risk
SEG-00338,"Washington DC, USA",Ward B,38.921384,-77.040353,CAT-132,67.3,SRTM_3arc,Residential,A,2.73,100.2,CurbInlet,LocalGauge,28.3,5,sparse_drainage|event_2025-05-16,0.026976284584980238,5.66,Medium Risk
SEG-00339,"Accra, Ghana",Borough South,5.531183,-0.107577,CAT-002,17.33,SRTM_1arc,Green,D,5.27,394.9,GratedInlet,Blended,114.3,100,extreme_rain_history|event_2023-12-22,0.0133114422834049,1.143,High Risk
SEG-00340,"Athens, Greece",Ward C,37.94359,23.748992,CAT-062,77.62,Copernicus_GLO-90_v2022,Residential,B,2.45,37.8,Manhole,IMD,11.8,2,sparse_drainage,0.06314432989690723,5.9,Medium Risk
SEG-00341,"Mumbai, India",Zone I,19.053484,72.935807,CAT-115,-1.56,SRTM_1arc,Residential,D,5.54,96.6,GratedInlet,IMD,49.5,5,ponding_hotspot|low_lying|event_2022-12-04,0.056762295081967215,9.9,High Risk
SEG-00342,"Lima, Peru",Zone VI,-12.123372,-77.197319,CAT-180,18.55,Copernicus_GLO-30_v2023,Commercial,D,5.22,43.2,CurbInlet,ERA5,24.3,2,monitor,0.1180995475113122,12.15,Low Risk
SEG-00343,"Seoul, South Korea",Borough West,37.591017,126.890098,CAT-159,73.77,Copernicus_GLO-30_v2023,Green,D,4.02,23.6,CurbInlet,ERA5,24.4,25,monitor,0.16341463414634144,0.976,Low Risk
SEG-00344,"Delhi, India",Ward J,28.55417,77.109228,CAT-091,11.37,Copernicus_GLO-30_v2023,Green,D,7.71,246.5,OpenChannel,LocalGauge,24.1,50,monitor,0.031151515151515152,0.48200000000000004,Low Risk
SEG-00345,"Auckland, New Zealand",Borough East,-36.813056,174.879812,CAT-139,73.17,SRTM_3arc,Industrial,D,9.22,91.69999999999999,Manhole,ERA5,38.7,2,monitor,0.09946062567421793,19.35,Low Risk
SEG-00346,"Seoul, South Korea",Sector 12,37.666963,126.854665,CAT-038,31.44,SRTM_3arc,Residential,C,7.97,44.2,GratedInlet,IMD,18.3,50,monitor,0.17632743362831857,0.366,Low Risk
SEG-00347,"Cape Town, South Africa",Sector 21,-33.869565,18.323569,CAT-049,40.75,Copernicus_GLO-30_v2023,Industrial,B,5.44,14.4,GratedInlet,ERA5,54.6,10,monitor,0.35324675324675325,5.46,Low Risk
SEG-00348,"Delhi, India",District 1,28.589878,77.089514,CAT-157,16.93,Copernicus_GLO-90_v2022,Roads,D,10.72,39.8,CurbInlet,ERA5,45.6,50,monitor,0.2627450980392157,0.912,Low Risk
SEG-00349,"Colombo, Sri Lanka",Zone III,6.938703,79.797244,CAT-136,22.39,SRTM_3arc,Commercial,B,4.59,148.0,Manhole,ERA5,100.4,10,extreme_rain_history,0.030805369127516777,10.040000000000001,High Risk
SEG-00350,"Hanoi, Vietnam",Borough Delta,20.838047,105.82584,CAT-090,25.14,Copernicus_EEA-10_v5,Commercial,A,5.41,20.7,GratedInlet,ERA5,57.9,10,monitor,0.24930875576036868,5.79,Low Risk
SEG-00351,"Montreal, Canada",Borough Harbor,45.627042,-73.481711,CAT-157,17.13,SRTM_1arc,Green,B,2.69,91.69999999999999,CurbInlet,Blended,40.6,5,sparse_drainage|event_2022-09-01,0.029018338727076595,8.120000000000001,Medium Risk
SEG-00352,"Montreal, Canada",Ward G,45.478258,-73.443574,CAT-025,7.4,SRTM_1arc,Roads,B,6.25,83.3,Manhole,LocalGauge,67.3,25,low_lying,0.07413997627520759,2.6919999999999997,Medium Risk
SEG-00353,"Kuala Lumpur, Malaysia",Ward D,3.239758,101.615626,CAT-069,-3.0,Copernicus_EEA-10_v5,Mixed,B,6.25,58.8,Manhole,ERA5,67.1,50,ponding_hotspot|low_lying|event_2023-02-11,0.10451505016722408,1.3419999999999999,High Risk
SEG-00354,"Singapore, Singapore",Sector 17,1.289656,103.868752,CAT-099,0.69,Copernicus_GLO-90_v2022,Institutional,C,6.32,190.7,GratedInlet,ERA5,77.8,25,ponding_hotspot|low_lying,0.03296817944705269,3.112,High Risk
SEG-00355,"Amsterdam, Netherlands",District 20,52.480152,4.750103,CAT-052,1.61,SRTM_1arc,Residential,B,8.26,363.5,CurbInlet,LocalGauge,42.8,10,low_lying,0.022661179698216734,4.279999999999999,Medium Risk
SEG-00356,"Copenhagen, Denmark",Zone III,55.656409,12.544991,CAT-088,22.02,SRTM_1arc,Mixed,C,8.88,3.2,CurbInlet,IMD,23.3,2,monitor,2.1142857142857143,11.65,Low Risk
SEG-00357,"Ahmedabad, India",Ward K,23.100364,72.532959,CAT-165,25.130000000000003,Copernicus_EEA-10_v5,Mixed,A,5.84,39.2,CurbInlet,Blended,31.5,5,monitor,0.145273631840796,6.3,Low Risk
SEG-00358,"Guangzhou, China",Ward E,23.190183,113.263792,CAT-039,3.69,Copernicus_GLO-30_v2023,Informal,A,7.21,223.2,Manhole,ERA5,123.6,50,extreme_rain_history|low_lying,0.03215878679750223,2.472,High Risk
SEG-00359,"New York, USA",Sector 3,40.847709,-73.929738,CAT-008,22.26,SRTM_1arc,Water,D,7.33,183.4,GratedInlet,LocalGauge,39.8,5,monitor,0.03975054229934924,7.959999999999999,Low Risk
SEG-00360,"Pune, India",District 27,18.558175,73.859541,CAT-178,53.12,Copernicus_GLO-30_v2023,Residential,B,6.98,50.9,OpenChannel,ERA5,33.7,100,monitor,0.1344894026974952,0.337,Low Risk
SEG-00361,"Tehran, Iran",Ward K,35.842917,51.519429,CAT-101,73.72,Copernicus_GLO-90_v2022,Green,D,4.76,71.4,GratedInlet,Blended,26.7,25,monitor,0.06574585635359115,1.068,Low Risk
SEG-00362,"Ho Chi Minh City, Vietnam",Zone III,10.777637,106.782703,CAT-092,43.25,SRTM_3arc,Commercial,B,6.97,145.2,Manhole,ERA5,37.8,10,monitor,0.047674418604651166,3.78,Low Risk
SEG-00363,"Mexico City, Mexico",Sector 10,19.395111,-99.043339,CAT-092,66.2,SRTM_3arc,Commercial,D,7.49,58.1,CurbInlet,ERA5,17.5,5,monitor,0.12673434856175972,3.5,Low Risk
SEG-00364,"Kuala Lumpur, Malaysia",Ward E,3.194319,101.775924,CAT-159,75.09,Copernicus_GLO-30_v2023,Commercial,B,9.63,95.2,CurbInlet,LocalGauge,65.3,10,monitor,0.10010395010395011,6.529999999999999,Low Risk
SEG-00365,"Kolkata, India",Ward A,22.524951,88.245619,CAT-151,75.79,SRTM_1arc,Residential,C,8.47,91.69999999999999,Manhole,ERA5,32.8,5,monitor,0.09137001078748654,6.56,Low Risk
SEG-00366,"Hamburg, Germany",Zone II,53.567635,10.066549,CAT-070,55.98,Copernicus_EEA-10_v5,Roads,D,5.95,153.9,Manhole,LocalGauge,21.3,100,monitor,0.03841187863137508,0.213,Low Risk
SEG-00367,"New Orleans, USA",District 10,30.103148,-90.102158,CAT-088,26.17,SRTM_1arc,Industrial,A,7.55,76.3,GratedInlet,Blended,52.5,10,monitor,0.09767141009055627,5.25,Low Risk
SEG-00368,"Ahmedabad, India",Zone VII,23.105725,72.513514,CAT-076,60.41,SRTM_1arc,Green,B,6.25,296.0,CurbInlet,ERA5,65.7,5,monitor,0.021043771043771045,13.14,Low Risk
SEG-00369,"Montreal, Canada",District 5,45.421337,-73.534383,CAT-176,26.62,Copernicus_GLO-30_v2023,Industrial,A,9.11,40.4,CurbInlet,Blended,67.2,5,monitor,0.22004830917874396,13.440000000000001,Low Risk
SEG-00370,"Paris, France",Sector 25,48.955724,2.320675,CAT-126,53.76,Copernicus_GLO-90_v2022,Roads,C,7.82,73.7,GratedInlet,LocalGauge,78.0,2,monitor,0.10468540829986613,39.0,Low Risk
SEG-00371,"Mumbai, India",Borough South,19.030918,72.769868,CAT-165,4.03,SRTM_1arc,Industrial,A,9.02,75.5,CurbInlet,ERA5,46.3,25,low_lying,0.11790849673202614,1.8519999999999999,Medium Risk
SEG-00372,"Dubai, UAE",Ward I,25.276718,55.263327,CAT-079,95.2,SRTM_1arc,Roads,B,5.88,17.0,GratedInlet,Blended,32.3,5,monitor,0.32666666666666666,6.459999999999999,Low Risk
SEG-00373,"Washington DC, USA",Zone II,38.73279,-77.120224,CAT-059,18.37,SRTM_3arc,Residential,B,4.51,113.5,OpenChannel,LocalGauge,86.2,10,extreme_rain_history,0.03938864628820961,8.620000000000001,High Risk
SEG-00374,"Houston, USA",Sector 1,29.813646,-95.233863,CAT-020,7.89,SRTM_3arc,Commercial,A,8.83,76.0,CurbInlet,ERA5,28.9,5,low_lying,0.11467532467532468,5.779999999999999,Medium Risk
SEG-00375,"Bengaluru, India",Borough East,13.0231,77.50874,CAT-059,36.71,Copernicus_GLO-30_v2023,Residential,C,4.07,41.4,GratedInlet,IMD,50.5,10,monitor,0.09599056603773586,5.05,Low Risk
SEG-00376,"Manila, Philippines",Borough East,14.598787,121.021471,CAT-175,1.5,SRTM_3arc,Mixed,C,7.11,183.2,Manhole,LocalGauge,128.3,50,ponding_hotspot|extreme_rain_history|low_lying,0.03859934853420196,2.5660000000000003,High Risk
SEG-00377,"Houston, USA",Ward B,29.730219,-95.362023,CAT-052,47.66,Copernicus_GLO-30_v2023,Residential,C,2.69,133.5,Manhole,LocalGauge,67.5,10,sparse_drainage,0.02,6.75,Medium Risk
SEG-00378,"Hamburg, Germany",District 13,53.532784,9.927489,CAT-169,27.27,SRTM_1arc,Residential,B,5.98,87.8,Manhole,Blended,38.3,10,monitor,0.06734234234234235,3.8299999999999996,Low Risk
SEG-00379,"Rotterdam, Netherlands",Ward D,51.977057,4.681578,CAT-089,11.32,Copernicus_GLO-30_v2023,Green,C,4.92,355.1,Manhole,LocalGauge,46.3,10,monitor,0.013816343723673125,4.63,Low Risk
SEG-00380,"Houston, USA",Zone I,29.655431,-95.452687,CAT-041,25.130000000000003,Copernicus_GLO-30_v2023,Residential,B,3.12,45.1,OpenChannel,ERA5,41.4,2,monitor,0.06767895878524946,20.7,Low Risk
SEG-00381,"Copenhagen, Denmark",Ward E,55.792493,12.595107,CAT-145,29.31,Copernicus_EEA-10_v5,Residential,B,6.04,114.7,CurbInlet,ERA5,19.1,2,monitor,0.05220397579948142,9.55,Low Risk
SEG-00382,"Lagos, Nigeria",District 23,6.581624,3.404093,CAT-074,2.24,Copernicus_GLO-30_v2023,Commercial,B,10.13,13.1,CurbInlet,LocalGauge,83.5,5,extreme_rain_history|low_lying,0.7184397163120568,16.7,High Risk
SEG-00383,"New Orleans, USA",District 28,29.961299,-90.041153,CAT-166,25.26,SRTM_3arc,Industrial,B,4.98,422.4,OpenChannel,ERA5,20.7,25,monitor,0.011761927255550308,0.828,Low Risk
SEG-00384,"Kolkata, India",Borough East,22.62473,88.397208,CAT-071,156.42,Copernicus_EEA-10_v5,Roads,A,9.3,52.3,Manhole,Blended,25.7,5,monitor,0.17448405253283306,5.14,Low Risk
SEG-00385,"Accra, Ghana",Sector 16,5.576077,-0.221677,CAT-164,0.64,Copernicus_GLO-30_v2023,Residential,C,4.29,33.5,CurbInlet,ERA5,55.6,5,ponding_hotspot|low_lying,0.12434782608695652,11.120000000000001,High Risk
SEG-00386,"Bangkok, Thailand",Sector 27,13.710087,100.537363,CAT-097,12.06,Copernicus_EEA-10_v5,Residential,D,6.09,80.4,GratedInlet,IMD,51.0,50,monitor,0.07481572481572481,1.02,Low Risk
SEG-00387,"Durban, South Africa",District 1,-29.972456,30.935897,CAT-024,14.47,Copernicus_GLO-30_v2023,Roads,D,6.57,11.1,Manhole,IMD,43.8,25,monitor,0.5429752066115703,1.7519999999999998,Low Risk
SEG-00388,"Ho Chi Minh City, Vietnam",Ward J,10.74888,106.610324,CAT-139,1.64,SRTM_1arc,Residential,B,6.6,71.3,GratedInlet,LocalGauge,72.1,10,low_lying|event_2024-01-15,0.0912863070539419,7.209999999999999,Medium Risk
SEG-00389,"Hanoi, Vietnam",Borough Delta,20.984998,105.793996,CAT-036,33.21,Copernicus_GLO-90_v2022,Residential,B,8.38,31.6,GratedInlet,LocalGauge,79.6,25,monitor,0.2570552147239264,3.1839999999999997,Low Risk
SEG-00390,"Rotterdam, Netherlands",District 30,51.896085,4.537465,CAT-057,7.22,SRTM_1arc,Green,C,2.92,450.9,Manhole,ERA5,29.5,5,low_lying|sparse_drainage|event_2024-09-01,0.0064616065501217086,5.9,Medium Risk
SEG-00391,"Seoul, South Korea",District 4,37.607279,126.95479,CAT-035,52.59,Copernicus_GLO-30_v2023,Residential,B,5.63,54.0,Manhole,ERA5,28.7,2,monitor,0.10236363636363636,14.35,Low Risk
SEG-00392,"Tehran, Iran",Sector 15,35.716023,51.31253,CAT-107,48.79,SRTM_1arc,Residential,C,7.41,257.9,OpenChannel,ERA5,32.7,100,monitor,0.028621089223638475,0.327,Low Risk
SEG-00393,"Shanghai, China",Sector 17,31.298564,121.512569,CAT-021,4.33,Copernicus_GLO-90_v2022,Industrial,D,6.28,71.3,CurbInlet,LocalGauge,32.3,10,low_lying|event_2023-11-22,0.08686030428769019,3.2299999999999995,Medium Risk
SEG-00394,"Sydney, Australia",District 14,-33.844097,151.27071,CAT-148,2.41,SRTM_3arc,Green,B,7.21,140.7,CurbInlet,ERA5,62.7,2,low_lying,0.050882145377558224,31.35,Medium Risk
SEG-00395,"New York, USA",Zone V,40.732751,-74.09645,CAT-014,25.130000000000003,Copernicus_GLO-30_v2023,Roads,C,10.44,58.3,GratedInlet,ERA5,19.9,10,monitor,0.1760539629005059,1.9899999999999998,Low Risk
SEG-00396,"Athens, Greece",Sector 23,37.884557,23.855637,CAT-070,20.83,SRTM_3arc,Industrial,D,8.65,63.5,GratedInlet,IMD,17.2,2,monitor,0.13410852713178295,8.6,Low Risk
SEG-00397,"Delhi, India",Ward F,28.607356,77.074451,CAT-141,14.05,Copernicus_EEA-10_v5,Residential,D,6.76,53.4,GratedInlet,LocalGauge,42.3,10,monitor,0.12426470588235294,4.2299999999999995,Low Risk
SEG-00398,"Rome, Italy",Ward K,41.921145,12.589443,CAT-067,38.77,SRTM_3arc,Residential,C,2.45,98.2,OpenChannel,ERA5,40.7,2,sparse_drainage,0.024697580645161293,20.35,Medium Risk
SEG-00399,"Osaka, Japan",Sector 21,34.636156,135.479616,CAT-113,139.1,SRTM_3arc,Roads,D,7.57,9.7,Manhole,Blended,50.4,10,monitor,0.7074766355140187,5.04,Low Risk
SEG-00400,"Taipei, Taiwan",Borough Old Town,25.013442,121.646087,CAT-075,25.130000000000003,SRTM_3arc,Institutional,D,3.29,1.0,CurbInlet,ERA5,36.8,10,monitor,1.645,3.6799999999999997,Low Risk
SEG-00401,"Mexico City, Mexico",Ward E,19.416895,-99.295304,CAT-179,65.87,SRTM_3arc,Roads,A,6.25,59.8,Manhole,Blended,33.3,10,monitor,0.10279605263157895,3.3299999999999996,Low Risk
SEG-00402,"Shanghai, China",Borough Delta,31.157784,121.388674,CAT-152,4.54,SRTM_1arc,Roads,D,10.87,21.3,Manhole,IMD,22.1,5,low_lying,0.48744394618834075,4.42,Medium Risk
SEG-00403,"Rio de Janeiro, Brazil",District 17,-22.762592,-43.178002,CAT-091,-3.0,SRTM_1arc,Residential,A,5.28,425.2,CurbInlet,ERA5,70.3,100,low_lying,0.012388549976536838,0.703,Medium Risk
SEG-00404,"Miami, USA",Ward G,25.7595,-80.078609,CAT-121,6.41,SRTM_3arc,Roads,B,6.26,123.3,Manhole,Blended,98.1,10,extreme_rain_history|low_lying,0.050362027353177796,9.809999999999999,High Risk
SEG-00405,"Tokyo, Japan",District 19,35.671601,139.694373,CAT-032,84.33,SRTM_3arc,Commercial,C,6.09,93.2,Manhole,ERA5,28.6,5,monitor,0.06464968152866242,5.720000000000001,Low Risk
SEG-00406,"Kolkata, India",District 25,22.499264,88.376078,CAT-105,-0.13,Copernicus_GLO-30_v2023,Industrial,C,9.11,9.0,GratedInlet,ERA5,39.1,2,low_lying,0.9109999999999999,19.55,Medium Risk
SEG-00407,"Hamburg, Germany",District 12,53.553825,9.938372,CAT-072,20.2,Copernicus_GLO-30_v2023,Industrial,D,10.25,114.4,OpenChannel,ERA5,51.2,2,monitor,0.08882149046793761,25.6,Low Risk
SEG-00408,"Philadelphia, USA",District 22,39.951422,-75.103214,CAT-065,26.34,Copernicus_GLO-90_v2022,Residential,B,5.72,112.1,CurbInlet,LocalGauge,39.1,5,monitor,0.05057471264367816,7.82,Low Risk
SEG-00409,"Ahmedabad, India",Sector 7,23.12503,72.414632,CAT-025,32.27,Copernicus_EEA-10_v5,Water,A,5.73,142.9,CurbInlet,ERA5,36.7,50,monitor,0.03981931897150799,0.7340000000000001,Low Risk
SEG-00410,"Lima, Peru",Ward E,-12.038787,-77.053968,CAT-086,22.92,Copernicus_EEA-10_v5,Residential,C,6.07,30.1,CurbInlet,ERA5,32.6,2,monitor,0.19517684887459807,16.3,Low Risk
SEG-00411,"Istanbul, Türkiye",Borough Old Town,41.033551,28.926608,CAT-108,21.93,Copernicus_GLO-30_v2023,Commercial,C,5.01,283.4,OpenChannel,ERA5,19.8,5,monitor,0.017616033755274263,3.96,Low Risk
SEG-00412,"San Francisco, USA",Borough Riverside,37.705077,-122.446063,CAT-034,159.94,Copernicus_GLO-30_v2023,Industrial,B,10.43,9.5,CurbInlet,Blended,55.8,10,monitor,0.9933333333333333,5.58,Low Risk
SEG-00413,"Rotterdam, Netherlands",District 3,52.011709,4.585678,CAT-081,18.34,SRTM_1arc,Residential,B,4.94,66.7,GratedInlet,Blended,22.4,10,monitor,0.07296898079763664,2.2399999999999998,Low Risk
SEG-00414,"Pune, India",District 14,18.483454,73.870442,CAT-180,-3.0,Copernicus_EEA-10_v5,Commercial,B,5.59,103.7,CurbInlet,LocalGauge,24.9,2,low_lying|event_2025-06-02,0.05339063992359121,12.45,Medium Risk
SEG-00415,"Copenhagen, Denmark",District 9,55.66426,12.683527,CAT-021,-3.0,Copernicus_GLO-30_v2023,Residential,A,6.48,188.5,CurbInlet,ERA5,34.2,100,low_lying,0.03419525065963061,0.342,Medium Risk
SEG-00416,"Mumbai, India",Ward E,19.178037,72.814167,CAT-062,3.84,Copernicus_GLO-30_v2023,Roads,B,6.57,23.3,Manhole,Blended,64.7,5,low_lying,0.27037037037037037,12.940000000000001,Medium Risk
SEG-00417,"Durban, South Africa",District 6,-29.732636,31.038956,CAT-161,-3.0,SRTM_3arc,Industrial,D,5.38,338.4,CurbInlet,LocalGauge,23.8,5,ponding_hotspot|low_lying|event_2023-06-06,0.01585150265173836,4.76,High Risk
SEG-00418,"Hyderabad, India",District 10,17.420186,78.463747,CAT-084,-3.0,SRTM_1arc,Green,A,1.77,278.3,GratedInlet,LocalGauge,57.5,5,low_lying|sparse_drainage|event_2025-05-30,0.0063372717508055855,11.5,Medium Risk
SEG-00419,"New Orleans, USA",Ward H,29.873484,-90.243268,CAT-149,2.81,SRTM_1arc,Mixed,B,5.65,31.4,Manhole,ERA5,17.4,5,low_lying,0.17438271604938274,3.4799999999999995,Medium Risk
SEG-00420,"Bangkok, Thailand",Borough Hillside,13.709017,100.507196,CAT-053,15.98,SRTM_1arc,Commercial,B,6.08,152.2,OpenChannel,ERA5,53.1,10,monitor,0.039686684073107055,5.3100000000000005,Low Risk
SEG-00421,"San Francisco, USA",Zone VII,37.808526,-122.353819,CAT-028,25.130000000000003,SRTM_3arc,Commercial,A,5.32,163.5,OpenChannel,Blended,21.0,10,monitor,0.03234042553191489,2.1,Low Risk
SEG-00422,"Seoul, South Korea",Ward J,37.636326,127.088438,CAT-165,25.130000000000003,Copernicus_EEA-10_v5,Green,A,6.25,157.9,CurbInlet,ERA5,23.1,5,monitor,0.03933291378225299,4.62,Low Risk
SEG-00423,"Istanbul, Türkiye",Borough North,41.09238,28.962201,CAT-081,33.16,SRTM_1arc,Industrial,B,8.68,29.9,CurbInlet,ERA5,23.1,50,monitor,0.2809061488673139,0.462,Low Risk
SEG-00424,"Athens, Greece",Sector 5,38.065388,23.760612,CAT-102,104.2,Copernicus_EEA-10_v5,Residential,D,5.44,84.2,CurbInlet,ERA5,38.0,5,monitor,0.06384976525821597,7.6,Low Risk
SEG-00425,"Buenos Aires, Argentina",Borough South,-34.642663,-58.306603,CAT-156,46.5,SRTM_1arc,Residential,C,5.78,118.8,OpenChannel,ERA5,31.0,2,monitor,0.04824707846410685,15.5,Low Risk
SEG-00426,"Colombo, Sri Lanka",Ward B,7.011328,79.850977,CAT-041,17.26,SRTM_1arc,Green,C,1.27,91.69999999999999,Manhole,ERA5,106.3,50,extreme_rain_history|sparse_drainage|event_2025-03-31,0.013700107874865159,2.126,High Risk
SEG-00427,"Manila, Philippines",Borough Harbor,14.495739,120.866239,CAT-159,21.8,SRTM_3arc,Roads,A,10.04,75.2,CurbInlet,ERA5,35.5,2,monitor,0.13175853018372702,17.75,Low Risk
SEG-00428,"Jakarta, Indonesia",Sector 6,-6.248436,106.907974,CAT-156,19.34,Copernicus_GLO-30_v2023,Commercial,C,5.83,9.4,Manhole,ERA5,150.0,10,ponding_hotspot|extreme_rain_history,0.5605769230769231,15.0,High Risk
SEG-00429,"Copenhagen, Denmark",District 30,55.679103,12.655321,CAT-069,49.77,SRTM_1arc,Residential,D,4.37,126.8,OpenChannel,LocalGauge,28.8,2,monitor,0.03419405320813772,14.4,Low Risk
SEG-00430,"Tehran, Iran",Sector 25,35.719516,51.360785,CAT-166,52.45,SRTM_3arc,Roads,C,5.49,11.1,GratedInlet,ERA5,31.9,10,monitor,0.4537190082644628,3.19,Low Risk
SEG-00431,"Dubai, UAE",Sector 17,25.332858,55.278027,CAT-147,73.98,SRTM_3arc,Residential,C,4.4,13.4,Manhole,Blended,24.8,5,monitor,0.3055555555555556,4.96,Low Risk
SEG-00432,"Lagos, Nigeria",Sector 30,6.445914,3.253808,CAT-046,4.26,Copernicus_EEA-10_v5,Residential,D,4.4,189.0,OpenChannel,Blended,90.3,10,ponding_hotspot|extreme_rain_history|low_lying,0.023157894736842106,9.03,High Risk
SEG-00433,"Athens, Greece",Sector 2,37.923941,23.682558,CAT-099,38.94,Copernicus_EEA-10_v5,Industrial,C,4.82,239.4,CurbInlet,ERA5,47.5,5,monitor,0.02004991680532446,9.5,Low Risk
SEG-00434,"Jakarta, Indonesia",Ward B,-6.404861,106.854658,CAT-163,10.13,Copernicus_EEA-10_v5,Commercial,D,11.2,95.8,CurbInlet,Blended,100.0,10,extreme_rain_history,0.11570247933884296,10.0,High Risk
SEG-00435,"Amsterdam, Netherlands",Sector 29,52.317719,4.912471,CAT-148,1.95,Copernicus_GLO-30_v2023,Water,B,6.05,91.3,Manhole,ERA5,31.8,5,low_lying,0.06554712892741062,6.36,Medium Risk
SEG-00436,"Tehran, Iran",Ward F,35.658394,51.419027,CAT-077,46.63,SRTM_3arc,Industrial,D,5.07,114.7,OpenChannel,Blended,22.8,2,monitor,0.043820224719101124,11.4,Low Risk
SEG-00437,"Durban, South Africa",Sector 15,-29.789305,31.111326,CAT-144,82.42,SRTM_3arc,Industrial,C,9.76,136.8,CurbInlet,ERA5,19.9,50,monitor,0.07082728592162554,0.39799999999999996,Low Risk
SEG-00438,"Bengaluru, India",District 27,12.985047,77.685976,CAT-155,35.72,SRTM_1arc,Residential,C,6.56,31.4,CurbInlet,ERA5,27.6,5,monitor,0.20246913580246914,5.5200000000000005,Low Risk
SEG-00439,"Houston, USA",Sector 1,29.648231,-95.358413,CAT-030,31.89,SRTM_3arc,Commercial,B,6.69,29.0,GratedInlet,ERA5,28.5,5,monitor,0.223,5.7,Low Risk
SEG-00440,"Dhaka, Bangladesh",Ward H,23.820184,90.439925,CAT-085,25.130000000000003,SRTM_3arc,Commercial,B,3.66,124.7,GratedInlet,LocalGauge,84.1,100,extreme_rain_history,0.029116945107398567,0.841,High Risk
SEG-00441,"Istanbul, Türkiye",Ward I,41.031168,28.913134,CAT-135,11.93,Copernicus_GLO-90_v2022,Roads,B,7.73,91.69999999999999,GratedInlet,LocalGauge,32.3,5,monitor,0.08338727076591156,6.459999999999999,Low Risk
SEG-00442,"Seoul, South Korea",Zone VI,37.552345,126.837409,CAT-130,16.7,Copernicus_GLO-90_v2022,Roads,C,5.32,54.2,CurbInlet,ERA5,30.9,2,monitor,0.0963768115942029,15.45,Low Risk
SEG-00443,"Kuala Lumpur, Malaysia",Ward H,3.098342,101.677339,CAT-032,82.01,SRTM_1arc,Residential,D,2.73,159.9,GratedInlet,ERA5,96.8,100,extreme_rain_history|sparse_drainage,0.016967060285891858,0.968,High Risk
SEG-00444,"Nairobi, Kenya",District 19,-1.269547,36.910111,CAT-029,-0.06,Copernicus_EEA-10_v5,Residential,C,4.64,38.9,Manhole,ERA5,37.5,100,ponding_hotspot|low_lying|event_2023-08-07,0.1162907268170426,0.375,High Risk
SEG-00445,"Paris, France",Ward C,48.71189,2.261193,CAT-090,10.47,Copernicus_EEA-10_v5,Industrial,B,6.01,88.4,CurbInlet,ERA5,34.3,25,monitor,0.06722595078299776,1.3719999999999999,Low Risk
SEG-00446,"Kolkata, India",Borough Old Town,22.756379,88.4107,CAT-125,27.66,SRTM_1arc,Mixed,D,4.05,130.9,Manhole,ERA5,35.8,2,monitor,0.030705079605761937,17.9,Low Risk
SEG-00447,"Hong Kong, China",Borough Old Town,22.29327,114.118646,CAT-108,25.130000000000003,Copernicus_GLO-30_v2023,Industrial,A,7.64,118.0,OpenChannel,LocalGauge,48.9,50,monitor,0.0642016806722689,0.978,Low Risk
SEG-00448,"Washington DC, USA",District 26,38.794122,-77.13992,CAT-014,49.63,Copernicus_EEA-10_v5,Roads,D,10.48,138.8,GratedInlet,ERA5,40.1,5,monitor,0.07496423462088697,8.02,Low Risk
SEG-00449,"Washington DC, USA",Borough East,38.851024,-76.867765,CAT-051,56.85,SRTM_1arc,Water,B,2.87,297.9,GratedInlet,ERA5,33.7,5,sparse_drainage|event_2023-02-21,0.009601873536299767,6.74,Medium Risk
SEG-00450,"Kuala Lumpur, Malaysia",District 10,3.123256,101.795297,CAT-008,23.58,SRTM_1arc,Commercial,B,6.25,53.2,GratedInlet,ERA5,74.2,50,monitor,0.11531365313653136,1.484,Low Risk
SEG-00451,"Athens, Greece",District 19,37.92124,23.714814,CAT-162,22.53,Copernicus_EEA-10_v5,Roads,D,10.12,118.8,CurbInlet,ERA5,23.3,5,monitor,0.08447412353923205,4.66,Low Risk
SEG-00452,"Barcelona, Spain",District 8,41.535835,2.001861,CAT-149,6.66,SRTM_3arc,Institutional,B,2.65,46.8,OpenChannel,ERA5,40.0,10,low_lying|sparse_drainage|event_2023-03-26,0.05543933054393305,4.0,Medium Risk
SEG-00453,"Pune, India",District 26,18.404767,73.873499,CAT-103,68.24,Copernicus_GLO-90_v2022,Residential,B,7.02,88.7,CurbInlet,ERA5,27.5,2,monitor,0.07826086956521738,13.75,Low Risk
SEG-00454,"London, UK",Borough Delta,51.51482,-0.008762,CAT-118,71.69,SRTM_1arc,Green,C,5.36,59.3,Manhole,Blended,46.5,2,monitor,0.08888888888888889,23.25,Low Risk
SEG-00455,"Paris, France",Ward A,48.735647,2.343678,CAT-034,40.94,SRTM_3arc,Green,B,2.53,455.4,CurbInlet,IMD,73.6,50,sparse_drainage,0.005543382997370727,1.472,Medium Risk
SEG-00456,"Pune, India",Sector 20,18.472422,73.820579,CAT-050,17.61,Copernicus_EEA-10_v5,Roads,C,7.49,83.3,GratedInlet,IMD,47.8,5,monitor,0.08884934756820878,9.559999999999999,Low Risk
SEG-00457,"Paris, France",Zone X,48.945425,2.275365,CAT-062,112.67,SRTM_1arc,Green,A,8.36,180.7,CurbInlet,LocalGauge,40.3,5,monitor,0.04600990643918547,8.059999999999999,Low Risk
SEG-00458,"Houston, USA",Borough East,29.848178,-95.535065,CAT-075,7.4,SRTM_3arc,Industrial,B,6.99,71.4,GratedInlet,ERA5,28.0,25,low_lying,0.09654696132596685,1.12,Medium Risk
SEG-00459,"Vancouver, Canada",Ward I,49.311273,-123.105547,CAT-095,11.01,Copernicus_EEA-10_v5,Informal,B,3.65,46.9,GratedInlet,ERA5,15.1,2,monitor,0.07620041753653445,7.55,Low Risk
SEG-00460,"Accra, Ghana",District 24,5.566416,-0.243285,CAT-069,11.81,SRTM_3arc,Residential,A,4.1,91.69999999999999,Manhole,IMD,35.1,5,monitor,0.04422869471413161,7.0200000000000005,Low Risk
SEG-00461,"Dhaka, Bangladesh",Borough Central,23.810092,90.526597,CAT-179,14.0,Copernicus_GLO-30_v2023,Residential,C,6.56,110.0,OpenChannel,ERA5,66.6,100,monitor,0.05909909909909909,0.6659999999999999,Low Risk
SEG-00462,"Guangzhou, China",Zone I,23.045571,113.279189,CAT-127,29.69,Copernicus_GLO-30_v2023,Roads,D,9.38,104.5,Manhole,ERA5,37.1,5,monitor,0.08890995260663508,7.42,Low Risk
SEG-00463,"Jakarta, Indonesia",District 24,-6.22689,106.836414,CAT-049,18.31,Copernicus_GLO-30_v2023,Industrial,B,6.53,50.1,GratedInlet,Blended,83.5,25,extreme_rain_history,0.12778864970645792,3.34,High Risk
SEG-00464,"Rotterdam, Netherlands",District 15,51.853171,4.515253,CAT-072,25.87,Copernicus_GLO-30_v2023,Residential,C,3.54,9.4,Manhole,ERA5,31.0,25,monitor,0.3403846153846154,1.24,Low Risk
SEG-00465,"Manila, Philippines",Ward J,14.500306,120.995506,CAT-024,10.3,Copernicus_GLO-90_v2022,Residential,D,3.08,43.5,Manhole,ERA5,54.5,50,monitor|event_2022-12-11,0.06921348314606741,1.09,Low Risk
SEG-00466,"Shenzhen, China",Borough South,22.602368,114.056033,CAT-070,5.82,Copernicus_GLO-30_v2023,Commercial,C,9.99,91.69999999999999,GratedInlet,Blended,66.9,50,low_lying,0.10776699029126215,1.338,Medium Risk
SEG-00467,"Brisbane, Australia",Ward D,-27.497276,153.009722,CAT-041,63.61,SRTM_3arc,Mixed,D,5.62,61.0,CurbInlet,ERA5,40.3,2,monitor,0.09064516129032259,20.15,Low Risk
SEG-00468,"Miami, USA",Zone V,25.872394,-80.174937,CAT-082,16.12,Copernicus_EEA-10_v5,Residential,A,4.84,291.5,OpenChannel,IMD,51.4,25,monitor,0.016547008547008548,2.056,Low Risk
SEG-00469,"Athens, Greece",Sector 3,38.066051,23.766191,CAT-063,-3.0,SRTM_1arc,Green,A,6.17,241.6,OpenChannel,ERA5,28.4,5,low_lying,0.025432811211871395,5.68,Medium Risk
SEG-00470,"Karachi, Pakistan",Sector 5,24.831962,66.940097,CAT-064,53.28,Copernicus_GLO-90_v2022,Green,B,3.37,90.0,Manhole,ERA5,36.7,5,monitor,0.03703296703296703,7.340000000000001,Low Risk
SEG-00471,"Dhaka, Bangladesh",Sector 13,23.715517,90.482345,CAT-144,-3.0,SRTM_3arc,Commercial,D,8.7,92.6,Manhole,IMD,150.0,10,ponding_hotspot|extreme_rain_history|low_lying|event_2025-05-19,0.09294871794871795,15.0,High Risk
SEG-00472,"Lima, Peru",District 22,-11.968237,-76.92271,CAT-171,60.83,Copernicus_EEA-10_v5,Mixed,C,6.79,91.69999999999999,CurbInlet,Blended,38.9,10,monitor,0.07324703344120821,3.8899999999999997,Low Risk
SEG-00473,"Guangzhou, China",Zone X,23.102673,113.162414,CAT-060,6.52,Copernicus_GLO-30_v2023,Roads,C,10.2,68.3,CurbInlet,ERA5,22.5,10,low_lying,0.14718614718614717,2.25,Medium Risk
SEG-00474,"Rio de Janeiro, Brazil",Ward B,-22.878018,-43.182914,CAT-054,10.82,Copernicus_EEA-10_v5,Green,B,3.08,3.6,Manhole,ERA5,65.6,2,monitor,0.6695652173913044,32.8,Low Risk
SEG-00475,"Philadelphia, USA",Borough Riverside,39.912802,-75.200918,CAT-170,50.87,SRTM_1arc,Commercial,B,7.7,91.69999999999999,GratedInlet,LocalGauge,60.0,50,monitor,0.0830636461704423,1.2,Low Risk
SEG-00476,"Hong Kong, China",Borough West,22.38575,114.141657,CAT-018,2.07,Copernicus_EEA-10_v5,Industrial,D,11.13,91.69999999999999,GratedInlet,Blended,44.5,25,low_lying,0.12006472491909387,1.78,Medium Risk
SEG-00477,"Athens, Greece",Sector 5,37.904855,23.685208,CAT-144,158.42,Copernicus_EEA-10_v5,Green,C,3.01,205.7,Manhole,LocalGauge,53.4,10,monitor,0.014562167392356072,5.34,Low Risk
SEG-00478,"Hamburg, Germany",Ward J,53.563724,10.089944,CAT-050,120.7,Copernicus_EEA-10_v5,Commercial,B,6.79,32.1,CurbInlet,ERA5,27.5,25,monitor,0.2051359516616314,1.1,Low Risk
SEG-00479,"Jakarta, Indonesia",Borough Old Town,-6.292859,106.945094,CAT-085,11.09,SRTM_1arc,Industrial,B,5.21,80.4,GratedInlet,Blended,46.8,5,monitor,0.064004914004914,9.36,Low Risk
SEG-00480,"Seoul, South Korea",District 27,37.498516,127.011277,CAT-043,35.55,Copernicus_GLO-30_v2023,Green,B,3.05,271.2,OpenChannel,ERA5,30.6,50,monitor,0.011204996326230713,0.612,Low Risk
SEG-00481,"New York, USA",Sector 24,40.634051,-73.796026,CAT-069,34.45,Copernicus_GLO-90_v2022,Residential,C,8.33,105.7,CurbInlet,ERA5,37.5,10,monitor,0.07806935332708528,3.75,Low Risk
SEG-00482,"New Orleans, USA",Sector 23,29.986081,-90.168808,CAT-077,19.31,SRTM_1arc,Roads,B,8.41,38.4,CurbInlet,Blended,35.4,10,monitor,0.2134517766497462,3.54,Low Risk
SEG-00483,"Hong Kong, China",Zone VI,22.30233,114.098595,CAT-166,7.88,SRTM_1arc,Roads,A,5.82,668.1,CurbInlet,Blended,64.0,10,low_lying,0.008698251382454043,6.4,Medium Risk
SEG-00484,"Mumbai, India",Ward I,19.048205,72.85632,CAT-090,-3.0,Copernicus_GLO-30_v2023,Water,D,1.45,278.3,Manhole,Blended,93.7,50,ponding_hotspot|extreme_rain_history|low_lying|sparse_drainage|event_2023-05-09,0.005191550304332259,1.874,High Risk
SEG-00485,"Sydney, Australia",Sector 27,-33.812391,151.156029,CAT-102,15.67,SRTM_3arc,Residential,B,8.82,3.2,Manhole,LocalGauge,29.8,2,monitor,2.1,14.9,Low Risk
SEG-00486,"Colombo, Sri Lanka",Sector 1,6.909988,79.968872,CAT-060,1.49,SRTM_3arc,Roads,C,8.93,47.7,GratedInlet,Blended,70.3,50,ponding_hotspot|low_lying,0.18336755646817246,1.406,High Risk
SEG-00487,"Ho Chi Minh City, Vietnam",District 21,10.905315,106.654806,CAT-016,32.08,Copernicus_GLO-90_v2022,Institutional,C,4.77,312.5,Manhole,ERA5,44.5,100,monitor,0.015215311004784687,0.445,Low Risk
SEG-00488,"Osaka, Japan",Borough Hillside,34.757508,135.520451,CAT-035,-3.0,Copernicus_EEA-10_v5,Roads,C,7.05,86.1,CurbInlet,LocalGauge,28.6,5,low_lying,0.08094144661308841,5.720000000000001,Medium Risk
SEG-00489,"Doha, Qatar",District 6,25.300189,51.603857,CAT-140,9.96,Copernicus_GLO-30_v2023,Roads,B,7.04,52.1,Manhole,ERA5,13.9,2,monitor,0.13258003766478343,6.95,Low Risk
SEG-00490,"San Francisco, USA",District 23,37.761364,-122.359514,CAT-056,99.47,Copernicus_EEA-10_v5,Roads,B,6.25,374.8,CurbInlet,ERA5,48.0,25,monitor,0.016631186801490155,1.92,Low Risk
SEG-00491,"Kolkata, India",Borough Delta,22.546397,88.292267,CAT-074,9.96,SRTM_1arc,Roads,B,4.7,90.8,OpenChannel,ERA5,16.7,5,monitor,0.05119825708061002,3.34,Low Risk
SEG-00492,"San Francisco, USA",Sector 6,37.707344,-122.367771,CAT-180,121.3,SRTM_1arc,Green,C,3.73,210.8,GratedInlet,ERA5,57.6,5,monitor,0.0176109537299339,11.52,Low Risk
SEG-00493,"Sao Paulo, Brazil",Borough North,-23.575784,-46.641491,CAT-064,25.47,Copernicus_GLO-90_v2022,Green,D,5.34,35.0,Manhole,ERA5,44.8,5,monitor,0.14833333333333332,8.959999999999999,Low Risk
SEG-00494,"Montreal, Canada",District 21,45.61194,-73.676987,CAT-071,62.45,SRTM_3arc,Roads,B,5.98,436.5,OpenChannel,ERA5,15.3,100,monitor,0.01366857142857143,0.153,Low Risk
SEG-00495,"Delhi, India",Zone V,28.610276,77.177269,CAT-158,59.56,Copernicus_GLO-90_v2022,Roads,B,6.57,127.7,Manhole,LocalGauge,77.3,50,monitor,0.051048951048951054,1.546,Low Risk
SEG-00496,"Copenhagen, Denmark",District 18,55.714089,12.652726,CAT-011,35.53,Copernicus_GLO-30_v2023,Commercial,C,9.48,42.6,Manhole,ERA5,45.6,50,monitor,0.21743119266055047,0.912,Low Risk
SEG-00497,"Paris, France",Ward H,48.84732,2.297795,CAT-170,99.51,SRTM_1arc,Roads,C,4.71,45.6,CurbInlet,ERA5,20.0,25,monitor,0.10107296137339056,0.8,Low Risk
SEG-00498,"Barcelona, Spain",Borough Hillside,41.405951,2.169967,CAT-053,6.31,Copernicus_GLO-30_v2023,Roads,A,6.25,91.69999999999999,Manhole,ERA5,35.5,10,low_lying,0.06742179072276161,3.55,Medium Risk
SEG-00499,"Delhi, India",Zone III,28.606539,77.216364,CAT-126,26.32,Copernicus_EEA-10_v5,Residential,D,4.8,138.1,Manhole,ERA5,38.1,10,monitor,0.03450754852624011,3.81,Low Risk
SEG-00500,"Lima, Peru",Borough West,-12.013189,-77.130811,CAT-012,70.86,Copernicus_GLO-30_v2023,Residential,C,7.04,60.3,Manhole,ERA5,25.9,5,monitor,0.11484502446982056,5.18,Low Risk
SEG-00501,"Riyadh, Saudi Arabia",Ward G,24.719017,46.682121,CAT-164,82.21,SRTM_3arc,Residential,D,4.95,50.9,CurbInlet,LocalGauge,23.5,2,monitor,0.09537572254335261,11.75,Low Risk
SEG-00502,"Houston, USA",Ward J,29.651242,-95.412267,CAT-156,73.46,SRTM_1arc,Water,C,6.25,106.2,OpenChannel,IMD,26.6,100,monitor,0.05830223880597015,0.266,Low Risk
SEG-00503,"Miami, USA",District 27,25.537524,-80.128377,CAT-060,3.14,SRTM_3arc,Roads,B,7.46,17.7,CurbInlet,Blended,42.6,2,low_lying,0.39893048128342246,21.3,Medium Risk
SEG-00504,"Buenos Aires, Argentina",Ward F,-34.627246,-58.388426,CAT-123,63.96,SRTM_3arc,Institutional,B,6.25,112.2,OpenChannel,ERA5,23.1,5,monitor,0.055212014134275615,4.62,Low Risk
SEG-00505,"Kolkata, India",District 16,22.520157,88.397401,CAT-073,47.58,Copernicus_GLO-90_v2022,Roads,A,4.62,34.2,Manhole,ERA5,32.1,5,monitor,0.13125,6.42,Low Risk
SEG-00506,"Ahmedabad, India",Borough Delta,22.985887,72.557328,CAT-174,45.9,SRTM_3arc,Residential,B,5.19,534.9,CurbInlet,ERA5,22.5,2,monitor,0.009684642657212167,11.25,Low Risk
SEG-00507,"Bogotá, Colombia",District 28,4.629459,-74.171628,CAT-127,39.12,SRTM_3arc,Residential,B,6.44,74.0,CurbInlet,ERA5,33.6,10,monitor,0.08586666666666667,3.3600000000000003,Low Risk
SEG-00508,"Ho Chi Minh City, Vietnam",District 4,10.798115,106.624649,CAT-175,62.7,SRTM_1arc,Residential,D,7.56,102.7,CurbInlet,Blended,44.5,5,monitor,0.07290260366441657,8.9,Low Risk
SEG-00509,"London, UK",District 20,51.585334,-0.186248,CAT-167,65.23,Copernicus_GLO-30_v2023,Industrial,B,11.53,105.0,Manhole,LocalGauge,35.5,25,monitor,0.10877358490566037,1.42,Low Risk
SEG-00510,"Sao Paulo, Brazil",Borough Delta,-23.490872,-46.688,CAT-060,90.88,Copernicus_EEA-10_v5,Water,D,6.55,145.5,CurbInlet,LocalGauge,45.7,50,monitor,0.0447098976109215,0.914,Low Risk
SEG-00511,"Brisbane, Australia",Ward D,-27.594232,153.051539,CAT-012,39.23,SRTM_3arc,Roads,D,8.0,452.9,CurbInlet,ERA5,46.4,10,monitor,0.01762502753910553,4.64,Low Risk
SEG-00512,"Delhi, India",Zone VII,28.474057,77.275373,CAT-169,25.35,Copernicus_EEA-10_v5,Roads,A,8.39,105.3,CurbInlet,IMD,73.4,2,monitor,0.07892756349952965,36.7,Low Risk
SEG-00513,"Washington DC, USA",Borough Central,38.852504,-77.125967,CAT-138,53.67,Copernicus_GLO-30_v2023,Roads,A,5.35,67.8,CurbInlet,ERA5,27.4,5,monitor,0.07776162790697674,5.4799999999999995,Low Risk
SEG-00514,"Brisbane, Australia",Zone I,-27.579448,153.024699,CAT-023,31.26,Copernicus_GLO-90_v2022,Residential,C,3.74,94.6,OpenChannel,LocalGauge,32.0,10,monitor,0.039121338912133895,3.2,Low Risk
SEG-00515,"Jakarta, Indonesia",Ward I,-6.152623,106.814964,CAT-156,18.04,Copernicus_EEA-10_v5,Mixed,B,6.62,105.6,GratedInlet,ERA5,92.4,10,extreme_rain_history,0.06210131332082552,9.24,High Risk
SEG-00516,"Istanbul, Türkiye",Sector 4,40.937471,28.979683,CAT-114,28.07,Copernicus_EEA-10_v5,Mixed,A,6.48,46.1,CurbInlet,Blended,30.8,25,monitor,0.1375796178343949,1.232,Low Risk
SEG-00517,"Copenhagen, Denmark",Ward H,55.764115,12.677596,CAT-076,43.28,Copernicus_GLO-30_v2023,Institutional,B,6.35,196.5,Manhole,Blended,42.7,2,monitor,0.03215189873417721,21.35,Low Risk
SEG-00518,"Brisbane, Australia",Ward H,-27.481354,152.990227,CAT-011,66.69,Copernicus_GLO-90_v2022,Commercial,D,6.25,48.7,Manhole,LocalGauge,29.2,100,monitor,0.12575452716297786,0.292,Low Risk
SEG-00519,"Manila, Philippines",Sector 29,14.580626,120.972563,CAT-056,12.81,Copernicus_EEA-10_v5,Roads,C,7.21,116.0,Manhole,LocalGauge,45.6,5,monitor,0.06162393162393162,9.120000000000001,Low Risk
SEG-00520,"Tehran, Iran",Borough East,35.732164,51.308007,CAT-167,153.62,SRTM_3arc,Green,B,8.28,76.2,Manhole,ERA5,25.0,5,monitor,0.10725388601036268,5.0,Low Risk
SEG-00521,"Montreal, Canada",Sector 25,45.561721,-73.576497,CAT-141,20.42,Copernicus_GLO-30_v2023,Residential,B,4.84,307.4,OpenChannel,ERA5,30.9,5,monitor,0.01569390402075227,6.18,Low Risk
SEG-00522,"Manila, Philippines",Sector 13,14.596204,120.999189,CAT-172,12.9,SRTM_1arc,Institutional,A,8.16,188.9,GratedInlet,IMD,72.2,100,monitor,0.04296998420221169,0.722,Low Risk
SEG-00523,"Colombo, Sri Lanka",District 1,6.896563,79.930291,CAT-105,7.28,SRTM_3arc,Commercial,A,6.47,180.4,OpenChannel,IMD,72.1,100,low_lying,0.0356670341786108,0.721,Medium Risk
SEG-00524,"Delhi, India",District 20,28.61063,77.220405,CAT-141,38.36,SRTM_3arc,Residential,D,6.63,84.6,GratedInlet,LocalGauge,17.4,10,monitor,0.07745327102803738,1.7399999999999998,Low Risk
SEG-00525,"Sydney, Australia",Zone V,-33.763674,151.221566,CAT-019,5.3,Copernicus_GLO-30_v2023,Industrial,A,8.91,17.5,OpenChannel,LocalGauge,22.0,5,low_lying,0.48162162162162164,4.4,Medium Risk
SEG-00526,"San Francisco, USA",District 30,37.766779,-122.444108,CAT-046,138.14,SRTM_1arc,Commercial,B,2.72,130.5,CurbInlet,LocalGauge,30.6,5,sparse_drainage,0.020684410646387836,6.12,Medium Risk
SEG-00527,"Mexico City, Mexico",Sector 16,19.306104,-99.205012,CAT-100,25.32,Copernicus_GLO-90_v2022,Residential,B,5.18,91.69999999999999,GratedInlet,ERA5,28.6,10,monitor,0.05587918015102482,2.8600000000000003,Low Risk
SEG-00528,"Hong Kong, China",Borough North,22.317463,114.093507,CAT-093,10.86,SRTM_1arc,Residential,A,2.12,87.5,OpenChannel,ERA5,92.8,25,extreme_rain_history|sparse_drainage,0.02395480225988701,3.7119999999999997,High Risk
SEG-00529,"Hong Kong, China",Zone VI,22.240192,114.176122,CAT-030,0.32,Copernicus_GLO-30_v2023,Green,C,8.46,169.9,Manhole,ERA5,45.1,5,low_lying,0.04950263311878292,9.02,Medium Risk
SEG-00530,"Washington DC, USA",Zone VII,38.759045,-76.97608,CAT-079,67.25,SRTM_1arc,Residential,B,3.77,96.6,Manhole,ERA5,69.6,25,monitor,0.038627049180327874,2.784,Low Risk
SEG-00531,"Jakarta, Indonesia",Ward D,-6.324934,106.859177,CAT-147,9.54,SRTM_1arc,Green,A,1.55,183.0,CurbInlet,IMD,30.3,25,sparse_drainage|event_2025-06-17,0.00842391304347826,1.212,Medium Risk
SEG-00532,"Hanoi, Vietnam",Borough Central,21.035559,105.920071,CAT-015,68.23,SRTM_1arc,Industrial,A,9.3,93.5,Manhole,IMD,28.5,5,monitor,0.09841269841269842,5.7,Low Risk
SEG-00533,"Cape Town, South Africa",Zone IV,-33.865647,18.430122,CAT-095,28.94,Copernicus_EEA-10_v5,Green,B,4.42,395.6,CurbInlet,LocalGauge,23.7,10,monitor,0.011144730206757438,2.37,Low Risk
SEG-00534,"Osaka, Japan",Borough East,34.721611,135.558988,CAT-146,184.73,SRTM_1arc,Commercial,D,6.17,85.7,CurbInlet,Blended,19.2,5,monitor,0.07116493656286044,3.84,Low Risk
SEG-00535,"San Francisco, USA",Sector 22,37.795409,-122.388788,CAT-066,120.11,Copernicus_GLO-30_v2023,Roads,B,6.28,48.5,Manhole,ERA5,42.8,10,monitor,0.12686868686868688,4.279999999999999,Low Risk
SEG-00536,"Lagos, Nigeria",District 29,6.501173,3.283095,CAT-022,18.03,Copernicus_GLO-90_v2022,Commercial,D,4.97,91.69999999999999,OpenChannel,ERA5,117.7,25,extreme_rain_history|event_2025-04-20,0.05361380798274003,4.708,High Risk
SEG-00537,"Singapore, Singapore",Zone VI,1.315637,103.746955,CAT-099,13.8,Copernicus_GLO-30_v2023,Commercial,A,10.34,248.2,OpenChannel,ERA5,112.1,100,extreme_rain_history,0.04149277688603532,1.121,High Risk
SEG-00538,"Copenhagen, Denmark",Ward D,55.713355,12.645131,CAT-063,27.92,Copernicus_GLO-90_v2022,Institutional,D,7.85,98.7,GratedInlet,ERA5,24.2,100,monitor,0.07873620862587763,0.242,Low Risk
SEG-00539,"Shanghai, China",Zone IX,31.28627,121.614967,CAT-037,-1.22,SRTM_1arc,Industrial,A,8.41,75.2,GratedInlet,ERA5,23.4,2,low_lying,0.11036745406824147,11.7,Medium Risk
SEG-00540,"Mexico City, Mexico",Zone III,19.415568,-99.113015,CAT-089,4.99,SRTM_1arc,Residential,A,6.25,41.7,GratedInlet,ERA5,23.3,10,low_lying,0.14637002341920374,2.33,Medium Risk
SEG-00541,"Hyderabad, India",District 22,17.430776,78.427127,CAT-081,72.95,SRTM_3arc,Roads,A,10.76,76.0,CurbInlet,ERA5,61.7,10,monitor,0.13974025974025975,6.17,Low Risk
SEG-00542,"Tehran, Iran",District 7,35.804241,51.460545,CAT-079,105.71,Copernicus_GLO-90_v2022,Roads,A,9.62,83.1,CurbInlet,IMD,22.7,50,monitor,0.11438763376932223,0.45399999999999996,Low Risk
SEG-00543,"Barcelona, Spain",Borough Hillside,41.278274,2.172359,CAT-177,18.16,SRTM_3arc,Industrial,C,6.17,104.5,GratedInlet,ERA5,56.7,10,monitor,0.05848341232227488,5.67,Low Risk
SEG-00544,"Auckland, New Zealand",Borough North,-36.754422,174.786971,CAT-172,71.57,SRTM_3arc,Residential,D,6.32,121.9,CurbInlet,ERA5,28.9,5,monitor,0.05142392188771359,5.779999999999999,Low Risk
SEG-00545,"Philadelphia, USA",Borough Riverside,39.912384,-75.199868,CAT-174,3.04,Copernicus_GLO-30_v2023,Residential,A,6.73,154.4,Manhole,LocalGauge,26.2,2,low_lying,0.04330759330759331,13.1,Medium Risk
SEG-00546,"Auckland, New Zealand",Sector 29,-36.906351,174.781978,CAT-129,52.78,SRTM_1arc,Roads,D,6.88,64.7,Manhole,ERA5,50.4,5,monitor,0.10471841704718417,10.08,Low Risk
SEG-00547,"Shanghai, China",Ward D,31.204901,121.37452,CAT-091,18.14,Copernicus_GLO-30_v2023,Roads,C,9.05,152.9,Manhole,ERA5,20.0,2,monitor,0.058804418453541264,10.0,Low Risk
SEG-00548,"New York, USA",Borough West,40.681317,-73.940127,CAT-116,81.04,Copernicus_GLO-90_v2022,Green,D,2.3,175.3,Manhole,ERA5,26.0,100,sparse_drainage|event_2024-02-13,0.0130459444129325,0.26,Medium Risk
SEG-00549,"Guangzhou, China",District 13,23.194476,113.323728,CAT-170,31.67,SRTM_1arc,Industrial,D,6.17,18.8,CurbInlet,ERA5,91.9,10,extreme_rain_history,0.3116161616161616,9.190000000000001,High Risk
SEG-00550,"Rotterdam, Netherlands",Sector 24,51.940462,4.526032,CAT-024,15.9,Copernicus_GLO-30_v2023,Water,C,5.32,174.9,Manhole,LocalGauge,45.0,25,monitor,0.030244457077885162,1.8,Low Risk
SEG-00551,"New York, USA",District 22,40.674152,-74.078822,CAT-106,90.8,SRTM_1arc,Residential,B,6.08,2.8,Manhole,ERA5,55.8,25,monitor,1.6,2.2319999999999998,Low Risk
SEG-00552,"Durban, South Africa",Sector 18,-29.845824,30.983056,CAT-005,34.24,SRTM_3arc,Residential,A,3.89,264.1,OpenChannel,ERA5,42.8,50,monitor,0.014673708034703884,0.856,Low Risk
SEG-00553,"Shanghai, China",District 29,31.231464,121.511649,CAT-043,20.15,Copernicus_EEA-10_v5,Green,C,6.92,173.1,Manhole,IMD,21.8,10,monitor,0.039747271682940837,2.18,Low Risk
SEG-00554,"Ho Chi Minh City, Vietnam",Sector 17,10.810168,106.74245,CAT-012,55.51,SRTM_3arc,Commercial,C,8.08,20.2,CurbInlet,ERA5,60.7,10,monitor,0.38113207547169814,6.07,Low Risk
SEG-00555,"Doha, Qatar",Ward H,25.26908,51.454484,CAT-022,-3.0,Copernicus_EEA-10_v5,Commercial,C,8.23,29.7,CurbInlet,ERA5,11.1,5,low_lying,0.2680781758957655,2.2199999999999998,Medium Risk
SEG-00556,"Lagos, Nigeria",Sector 10,6.543747,3.404901,CAT-171,13.3,Copernicus_GLO-30_v2023,Mixed,C,7.11,263.3,OpenChannel,Blended,30.5,5,monitor,0.026901248581157774,6.1,Low Risk
SEG-00557,"Karachi, Pakistan",Zone VI,24.766211,66.949411,CAT-058,153.18,Copernicus_EEA-10_v5,Commercial,A,5.97,69.8,GratedInlet,LocalGauge,37.6,5,monitor,0.08432203389830509,7.5200000000000005,Low Risk
SEG-00558,"Hanoi, Vietnam",Zone VIII,20.912104,105.867921,CAT-001,19.06,Copernicus_EEA-10_v5,Commercial,D,8.93,7.1,Manhole,ERA5,75.3,10,monitor,1.1024691358024692,7.529999999999999,Low Risk
SEG-00559,"Accra, Ghana",Sector 22,5.533865,-0.17985,CAT-153,4.25,SRTM_3arc,Residential,B,8.11,68.5,Manhole,ERA5,52.7,5,low_lying,0.11669064748201438,10.540000000000001,Medium Risk
SEG-00560,"Karachi, Pakistan",Sector 16,24.884091,66.979347,CAT-179,25.130000000000003,SRTM_3arc,Commercial,B,10.38,29.8,CurbInlet,IMD,32.2,5,monitor,0.33701298701298704,6.44,Low Risk
SEG-00561,"Pune, India",District 21,18.534222,73.866687,CAT-171,88.87,Copernicus_GLO-30_v2023,Industrial,C,4.19,96.5,Manhole,ERA5,61.1,5,monitor,0.04297435897435898,12.22,Low Risk
SEG-00562,"Rotterdam, Netherlands",Borough Riverside,51.881245,4.365565,CAT-144,3.05,Copernicus_GLO-30_v2023,Commercial,D,4.46,301.6,OpenChannel,ERA5,27.5,5,low_lying,0.014738929279576998,5.5,Medium Risk
SEG-00563,"Kuala Lumpur, Malaysia",Ward H,3.14246,101.595691,CAT-004,25.130000000000003,Copernicus_GLO-30_v2023,Residential,B,6.01,224.0,OpenChannel,LocalGauge,37.8,5,monitor,0.02671111111111111,7.56,Low Risk
SEG-00564,"Bogotá, Colombia",District 5,4.813303,-74.109123,CAT-124,-3.0,SRTM_3arc,Roads,C,8.05,31.4,OpenChannel,Blended,74.6,10,ponding_hotspot|low_lying,0.2484567901234568,7.459999999999999,High Risk
SEG-00565,"Lagos, Nigeria",District 15,6.508141,3.298996,CAT-082,8.5,Copernicus_GLO-30_v2023,Institutional,C,5.61,428.5,OpenChannel,LocalGauge,59.1,5,monitor,0.013061699650756695,11.82,Low Risk
SEG-00566,"Mexico City, Mexico",Zone II,19.271991,-99.149248,CAT-126,29.67,Copernicus_GLO-30_v2023,Green,C,6.25,138.8,CurbInlet,ERA5,52.8,10,monitor,0.044706723891273246,5.279999999999999,Low Risk
SEG-00567,"Rio de Janeiro, Brazil",Ward D,-22.904297,-43.189026,CAT-029,4.83,Copernicus_GLO-90_v2022,Industrial,C,7.89,35.4,CurbInlet,ERA5,60.8,5,low_lying,0.21675824175824177,12.16,Medium Risk
SEG-00568,"New York, USA",Sector 28,40.754127,-74.01989,CAT-125,43.08,Copernicus_GLO-90_v2022,Commercial,C,8.24,1.1,Manhole,ERA5,26.2,10,monitor,3.9238095238095236,2.62,Low Risk
SEG-00569,"Lima, Peru",District 25,-12.123887,-77.002131,CAT-177,-3.0,Copernicus_GLO-30_v2023,Commercial,B,7.33,113.2,GratedInlet,ERA5,39.7,5,low_lying,0.06418563922942207,7.94,Medium Risk
SEG-00570,"Philadelphia, USA",Ward J,39.948152,-75.208126,CAT-162,8.68,Copernicus_EEA-10_v5,Residential,D,7.66,168.4,CurbInlet,IMD,48.6,10,monitor,0.045218417945690675,4.86,Low Risk
SEG-00571,"Mexico City, Mexico",Sector 14,19.474703,-99.216335,CAT-100,6.02,SRTM_1arc,Commercial,D,6.25,74.1,GratedInlet,ERA5,36.0,5,low_lying,0.08322237017310254,7.2,Medium Risk
SEG-00572,"Auckland, New Zealand",Zone IX,-36.845287,174.804366,CAT-140,-3.0,SRTM_1arc,Industrial,B,6.59,91.69999999999999,GratedInlet,ERA5,49.5,25,low_lying|event_2022-08-01,0.07108953613807983,1.98,Medium Risk
SEG-00573,"Rio de Janeiro, Brazil",Zone VIII,-22.836778,-43.136778,CAT-026,6.21,Copernicus_GLO-90_v2022,Commercial,B,7.6,18.9,Manhole,LocalGauge,114.3,25,ponding_hotspot|extreme_rain_history|low_lying,0.38190954773869346,4.572,High Risk
SEG-00574,"Colombo, Sri Lanka",Ward B,6.916385,79.909313,CAT-127,13.54,SRTM_1arc,Residential,B,8.03,91.69999999999999,Manhole,ERA5,42.0,25,monitor,0.0866235167206041,1.68,Low Risk
SEG-00575,"Bogotá, Colombia",Borough Delta,4.779081,-73.966649,CAT-152,162.64,Copernicus_GLO-90_v2022,Institutional,D,6.93,91.69999999999999,GratedInlet,ERA5,30.7,50,monitor,0.07475728155339806,0.614,Low Risk
SEG-00576,"Barcelona, Spain",District 27,41.249273,2.106402,CAT-117,15.9,Copernicus_EEA-10_v5,Commercial,B,5.35,64.9,GratedInlet,ERA5,28.4,100,monitor,0.08118361153262518,0.284,Low Risk
SEG-00577,"New Orleans, USA",Sector 12,29.797916,-90.173499,CAT-035,5.78,Copernicus_EEA-10_v5,Green,C,1.61,91.69999999999999,Manhole,Blended,20.4,10,low_lying|sparse_drainage|event_2024-09-20,0.01736785329018339,2.04,Medium Risk
SEG-00578,"Rome, Italy",Ward J,41.90263,12.603663,CAT-070,17.51,SRTM_1arc,Residential,A,3.09,97.1,Manhole,LocalGauge,55.3,2,monitor,0.03149847094801223,27.65,Low Risk
SEG-00579,"Sydney, Australia",Borough North,-33.781413,151.287487,CAT-089,10.54,Copernicus_GLO-30_v2023,Roads,D,9.32,18.8,GratedInlet,ERA5,27.4,10,monitor,0.4707070707070707,2.7399999999999998,Low Risk
SEG-00580,"Hamburg, Germany",District 11,53.572863,10.003167,CAT-078,85.39,SRTM_1arc,Commercial,B,4.49,236.8,OpenChannel,Blended,44.8,2,monitor,0.018881412952060556,22.4,Low Risk
SEG-00581,"Montreal, Canada",Sector 19,45.404999,-73.668635,CAT-028,20.34,Copernicus_GLO-30_v2023,Commercial,B,6.14,90.2,Manhole,Blended,31.5,10,monitor,0.06732456140350877,3.15,Low Risk
SEG-00582,"San Francisco, USA",Borough Old Town,37.74768,-122.4196,CAT-157,51.19,Copernicus_EEA-10_v5,Commercial,A,9.18,6.4,CurbInlet,ERA5,66.6,5,monitor,1.2405405405405405,13.319999999999999,Low Risk
SEG-00583,"Ahmedabad, India",Borough Harbor,22.868325,72.681198,CAT-098,16.6,Copernicus_EEA-10_v5,Commercial,B,5.45,91.69999999999999,Manhole,ERA5,44.8,5,monitor,0.05879180151024812,8.959999999999999,Low Risk
SEG-00584,"Washington DC, USA",Borough East,38.868676,-76.914202,CAT-140,50.0,Copernicus_EEA-10_v5,Commercial,B,6.25,262.4,CurbInlet,ERA5,30.8,25,monitor,0.02372817008352316,1.232,Low Risk
SEG-00585,"Sydney, Australia",Sector 25,-33.844943,151.206241,CAT-067,11.09,Copernicus_GLO-30_v2023,Residential,D,4.96,95.6,CurbInlet,ERA5,25.4,2,monitor,0.05134575569358178,12.7,Low Risk
SEG-00586,"Taipei, Taiwan",Zone VII,24.982903,121.51752,CAT-142,66.0,Copernicus_EEA-10_v5,Residential,C,6.13,91.69999999999999,GratedInlet,LocalGauge,39.3,2,monitor,0.06612729234088457,19.65,Low Risk
SEG-00587,"Ahmedabad, India",District 22,22.960969,72.685001,CAT-137,108.51,Copernicus_EEA-10_v5,Roads,B,5.83,91.69999999999999,Manhole,LocalGauge,19.0,25,monitor,0.06289104638619203,0.76,Low Risk
SEG-00588,"Delhi, India",Zone IX,28.514671,77.269901,CAT-090,5.1,Copernicus_GLO-30_v2023,Roads,C,10.31,76.2,Manhole,ERA5,22.8,5,low_lying,0.13354922279792747,4.5600000000000005,Medium Risk
SEG-00589,"Miami, USA",District 9,25.678838,-80.202161,CAT-060,6.44,Copernicus_EEA-10_v5,Industrial,B,6.92,7.3,Manhole,Blended,56.2,2,low_lying,0.8337349397590361,28.1,Medium Risk
SEG-00590,"Durban, South Africa",Zone IX,-29.920951,30.815061,CAT-104,25.6,SRTM_3arc,Industrial,B,4.42,95.2,Manhole,ERA5,20.7,50,monitor,0.04594594594594594,0.414,Low Risk
SEG-00591,"Bengaluru, India",Borough Hillside,12.951546,77.590592,CAT-042,23.83,SRTM_1arc,Industrial,A,6.89,67.1,Manhole,ERA5,12.8,2,monitor,0.10117474302496329,6.4,Low Risk
SEG-00592,"Sao Paulo, Brazil",Sector 3,-23.568287,-46.594212,CAT-120,89.76,Copernicus_EEA-10_v5,Roads,A,7.43,48.6,CurbInlet,ERA5,71.9,5,monitor,0.14979838709677418,14.38,Low Risk
SEG-00593,"Rome, Italy",Sector 22,41.953993,12.477547,CAT-065,3.13,Copernicus_EEA-10_v5,Industrial,C,7.21,91.69999999999999,Manhole,Blended,30.7,2,low_lying,0.07777777777777779,15.35,Medium Risk
SEG-00594,"Dhaka, Bangladesh",District 6,23.757532,90.45494,CAT-038,87.97,SRTM_3arc,Industrial,B,6.25,227.1,OpenChannel,ERA5,60.3,10,monitor,0.02740026304252521,6.029999999999999,Low Risk
SEG-00595,"Seoul, South Korea",Zone V,37.556529,126.903643,CAT-069,56.08,SRTM_1arc,Residential,D,7.91,114.2,OpenChannel,Blended,14.8,50,monitor,0.06866319444444445,0.29600000000000004,Low Risk
SEG-00596,"Copenhagen, Denmark",Borough Central,55.603629,12.561082,CAT-010,57.29,Copernicus_GLO-30_v2023,Roads,B,4.33,82.4,OpenChannel,ERA5,27.9,5,monitor,0.05191846522781774,5.58,Low Risk
SEG-00597,"Ho Chi Minh City, Vietnam",Sector 21,10.747546,106.631158,CAT-037,-3.0,SRTM_1arc,Commercial,D,8.58,51.5,Manhole,ERA5,37.6,2,ponding_hotspot|low_lying,0.16342857142857142,18.8,High Risk
SEG-00598,"Bengaluru, India",Zone VIII,12.925997,77.557958,CAT-022,77.8,Copernicus_EEA-10_v5,Roads,C,10.38,124.8,Manhole,LocalGauge,49.1,5,monitor,0.08251192368839429,9.82,Low Risk
SEG-00599,"Mexico City, Mexico",Sector 30,19.393113,-99.061427,CAT-041,49.8,Copernicus_GLO-30_v2023,Residential,B,2.56,38.1,CurbInlet,ERA5,16.7,2,sparse_drainage,0.06547314578005115,8.35,Medium Risk
SEG-00600,"Philadelphia, USA",Zone I,39.925268,-75.054709,CAT-054,64.94,SRTM_1arc,Roads,B,10.06,259.5,OpenChannel,LocalGauge,19.5,5,monitor,0.03861804222648753,3.9,Low Risk
SEG-00601,"Tokyo, Japan",District 19,35.620389,139.643584,CAT-107,0.07,SRTM_1arc,Residential,C,3.43,20.8,CurbInlet,Blended,33.5,2,ponding_hotspot|low_lying,0.1573394495412844,16.75,High Risk
SEG-00602,"Hanoi, Vietnam",Sector 12,21.006476,105.942706,CAT-089,113.21,SRTM_1arc,Industrial,D,8.24,81.9,Manhole,ERA5,31.5,100,monitor,0.0993968636911942,0.315,Low Risk
SEG-00603,"Dubai, UAE",Zone VII,25.122588,55.39583,CAT-060,36.63,SRTM_1arc,Roads,C,8.43,23.4,CurbInlet,LocalGauge,6.8,10,monitor,0.34549180327868856,0.6799999999999999,Low Risk
SEG-00604,"Houston, USA",Ward B,29.730955,-95.322082,CAT-102,86.6,SRTM_1arc,Residential,D,3.27,395.8,OpenChannel,ERA5,41.1,10,monitor,0.00824092741935484,4.11,Low Risk
SEG-00605,"Dhaka, Bangladesh",Sector 26,23.923904,90.468239,CAT-021,26.17,Copernicus_GLO-30_v2023,Industrial,B,6.25,140.8,Manhole,Blended,36.1,2,monitor,0.04407616361071932,18.05,Low Risk
SEG-00606,"Hamburg, Germany",Sector 20,53.501197,10.048665,CAT-046,21.39,Copernicus_GLO-90_v2022,Roads,C,4.08,447.1,CurbInlet,Blended,40.8,5,monitor,0.009105110466413747,8.16,Low Risk
SEG-00607,"Copenhagen, Denmark",District 7,55.77711,12.547938,CAT-008,0.43,Copernicus_GLO-90_v2022,Roads,A,6.25,92.1,Manhole,IMD,16.2,10,low_lying,0.06713211600429646,1.6199999999999999,Medium Risk
SEG-00608,"Dhaka, Bangladesh",Sector 14,23.792503,90.411199,CAT-173,25.130000000000003,Copernicus_GLO-30_v2023,Commercial,B,9.18,12.7,GratedInlet,LocalGauge,51.4,10,monitor,0.67007299270073,5.14,Low Risk
SEG-00609,"Rome, Italy",Zone IX,41.857669,12.587619,CAT-084,27.84,SRTM_1arc,Informal,D,9.42,463.5,CurbInlet,IMD,56.9,25,monitor,0.020279870828848225,2.276,Low Risk
SEG-00610,"Paris, France",Sector 27,48.866111,2.290553,CAT-161,78.32,Copernicus_GLO-30_v2023,Green,B,5.49,27.5,CurbInlet,ERA5,57.6,10,monitor,0.19263157894736843,5.76,Low Risk
SEG-00611,"Delhi, India",Ward I,28.569599,77.120234,CAT-039,35.69,Copernicus_GLO-30_v2023,Residential,C,4.59,38.1,CurbInlet,ERA5,35.2,2,monitor,0.11739130434782608,17.6,Low Risk
SEG-00612,"Bengaluru, India",Zone VI,13.011788,77.531957,CAT-180,56.03,Copernicus_GLO-30_v2023,Commercial,B,6.48,360.6,OpenChannel,IMD,46.7,5,monitor,0.017920353982300886,9.34,Low Risk
SEG-00613,"Hanoi, Vietnam",Sector 6,21.128703,105.855087,CAT-120,-0.36,Copernicus_GLO-30_v2023,Green,D,4.47,462.7,OpenChannel,ERA5,55.1,50,ponding_hotspot|low_lying,0.00963985335346129,1.102,High Risk
SEG-00614,"Hamburg, Germany",District 1,53.625213,10.029828,CAT-153,17.3,Copernicus_GLO-30_v2023,Residential,B,3.35,231.3,OpenChannel,ERA5,45.1,5,monitor,0.014421007318123116,9.02,Low Risk
SEG-00615,"Rio de Janeiro, Brazil",Ward E,-22.827474,-43.151841,CAT-036,7.9,Copernicus_EEA-10_v5,Commercial,C,9.1,161.2,OpenChannel,ERA5,55.5,5,low_lying,0.056103575832305796,11.1,Medium Risk
SEG-00616,"Lagos, Nigeria",District 2,6.616109,3.350403,CAT-096,-3.0,SRTM_3arc,Industrial,D,3.97,126.3,CurbInlet,IMD,88.8,25,ponding_hotspot|extreme_rain_history|low_lying,0.031186174391201887,3.552,High Risk
SEG-00617,"Accra, Ghana",Zone V,5.593634,-0.182098,CAT-012,5.71,SRTM_3arc,Roads,D,10.1,91.69999999999999,CurbInlet,Blended,65.3,10,low_lying|event_2022-06-25,0.10895361380798275,6.529999999999999,Medium Risk
SEG-00618,"Auckland, New Zealand",Ward F,-36.929847,174.763748,CAT-027,61.1,SRTM_3arc,Residential,B,4.11,283.8,OpenChannel,ERA5,40.1,2,monitor,0.014431179775280899,20.05,Low Risk
SEG-00619,"New Orleans, USA",Borough East,29.880213,-89.982476,CAT-024,12.5,SRTM_1arc,Residential,A,5.33,79.0,Manhole,LocalGauge,22.3,10,monitor,0.066625,2.23,Low Risk
SEG-00620,"San Francisco, USA",Zone VI,37.695517,-122.400306,CAT-083,-3.0,Copernicus_GLO-30_v2023,Residential,B,8.47,38.4,GratedInlet,ERA5,50.3,50,low_lying,0.2149746192893401,1.006,Medium Risk
SEG-00621,"San Francisco, USA",Sector 28,37.655403,-122.424232,CAT-033,58.9,Copernicus_GLO-30_v2023,Roads,A,7.87,146.0,OpenChannel,IMD,30.1,2,monitor,0.053537414965986393,15.05,Low Risk
SEG-00622,"Colombo, Sri Lanka",Sector 26,6.965006,79.861194,CAT-104,13.19,SRTM_1arc,Residential,D,4.02,88.5,Manhole,IMD,72.3,10,monitor,0.04491620111731843,7.2299999999999995,Low Risk
SEG-00623,"New York, USA",District 9,40.663617,-73.940983,CAT-123,38.12,Copernicus_GLO-30_v2023,Industrial,B,4.86,87.2,CurbInlet,IMD,18.8,10,monitor,0.05510204081632653,1.8800000000000001,Low Risk
SEG-00624,"Rome, Italy",Ward G,42.009736,12.572159,CAT-090,14.7,Copernicus_GLO-30_v2023,Water,C,4.34,301.4,GratedInlet,Blended,20.6,10,monitor,0.014351851851851852,2.06,Low Risk
SEG-00625,"Chennai, India",Ward D,13.120171,80.39711,CAT-100,4.96,SRTM_3arc,Industrial,A,7.08,205.0,CurbInlet,Blended,40.3,25,low_lying,0.034368932038834954,1.6119999999999999,Medium Risk
SEG-00626,"Ahmedabad, India",Zone X,23.052291,72.461573,CAT-056,60.3,SRTM_3arc,Residential,C,3.95,186.7,GratedInlet,LocalGauge,57.5,25,monitor,0.021044219499200854,2.3,Low Risk
SEG-00627,"Karachi, Pakistan",District 12,24.830144,67.025476,CAT-154,-3.0,Copernicus_GLO-30_v2023,Water,A,6.74,147.5,GratedInlet,ERA5,27.4,2,low_lying,0.045387205387205386,13.7,Medium Risk
SEG-00628,"Barcelona, Spain",District 23,41.211432,2.109194,CAT-078,10.29,Copernicus_EEA-10_v5,Green,C,2.92,104.3,OpenChannel,ERA5,43.4,25,sparse_drainage,0.027730294396961064,1.736,Medium Risk
SEG-00629,"Osaka, Japan",Ward F,34.547845,135.516497,CAT-053,87.14,Copernicus_GLO-30_v2023,Commercial,A,7.98,29.7,GratedInlet,ERA5,24.9,25,monitor,0.25993485342019546,0.996,Low Risk
SEG-00630,"Houston, USA",Sector 18,29.653301,-95.425304,CAT-119,71.28,Copernicus_GLO-30_v2023,Residential,B,5.94,52.5,Manhole,Blended,30.7,5,monitor,0.11102803738317758,6.14,Low Risk
SEG-00631,"Shenzhen, China",Ward I,22.45687,114.213275,CAT-019,-3.0,Copernicus_GLO-90_v2022,Commercial,D,9.55,40.1,GratedInlet,LocalGauge,96.0,2,ponding_hotspot|extreme_rain_history|low_lying,0.232360097323601,48.0,High Risk
SEG-00632,"Dhaka, Bangladesh",Zone III,23.822366,90.352225,CAT-114,-3.0,Copernicus_GLO-30_v2023,Commercial,A,7.74,5.5,OpenChannel,ERA5,39.5,5,low_lying,1.1907692307692308,7.9,Medium Risk
SEG-00633,"London, UK",Borough Hillside,51.545199,-0.122036,CAT-068,30.33,Copernicus_GLO-30_v2023,Residential,D,7.8,46.1,CurbInlet,Blended,36.5,25,monitor,0.16560509554140126,1.46,Low Risk
SEG-00634,"Vancouver, Canada",District 30,49.192106,-123.270287,CAT-156,22.95,Copernicus_GLO-30_v2023,Residential,D,5.71,164.6,CurbInlet,Blended,26.4,50,monitor,0.034480676328502415,0.528,Low Risk
SEG-00635,"Miami, USA",Sector 16,25.727049,-80.122735,CAT-098,7.34,Copernicus_EEA-10_v5,Roads,B,6.25,47.1,GratedInlet,ERA5,149.5,50,ponding_hotspot|extreme_rain_history|low_lying|event_2025-07-02,0.12993762993762994,2.99,High Risk
SEG-00636,"Washington DC, USA",Zone V,38.859685,-76.977323,CAT-047,30.07,Copernicus_GLO-30_v2023,Industrial,B,5.5,61.8,GratedInlet,ERA5,18.6,25,monitor,0.08757961783439491,0.7440000000000001,Low Risk
SEG-00637,"Hamburg, Germany",Ward H,53.507634,9.948713,CAT-072,9.81,SRTM_1arc,Commercial,B,4.9,30.4,GratedInlet,LocalGauge,28.7,5,monitor,0.15605095541401276,5.74,Low Risk
SEG-00638,"Washington DC, USA",Borough Riverside,38.876307,-77.06297,CAT-077,69.8,Copernicus_GLO-90_v2022,Commercial,B,4.37,68.1,OpenChannel,ERA5,28.8,5,monitor,0.06324167872648337,5.76,Low Risk
SEG-00639,"Doha, Qatar",District 12,25.371948,51.438038,CAT-029,79.74,SRTM_1arc,Residential,D,7.27,57.4,GratedInlet,ERA5,11.8,10,monitor,0.12448630136986301,1.1800000000000002,Low Risk
SEG-00640,"Vancouver, Canada",Sector 7,49.197153,-123.216684,CAT-054,8.05,Copernicus_EEA-10_v5,Roads,B,3.98,12.7,Manhole,ERA5,74.0,100,monitor,0.2905109489051095,0.74,Low Risk
SEG-00641,"Singapore, Singapore",Zone II,1.297866,103.645443,CAT-040,21.73,SRTM_1arc,Residential,A,6.25,205.3,OpenChannel,LocalGauge,68.0,2,monitor,0.030295685894328645,34.0,Low Risk
SEG-00642,"Dhaka, Bangladesh",Ward K,23.723479,90.2893,CAT-034,120.63,Copernicus_GLO-30_v2023,Roads,C,9.66,60.4,GratedInlet,IMD,50.0,2,monitor,0.15732899022801303,25.0,Low Risk
SEG-00643,"Bengaluru, India",Borough Old Town,12.970835,77.602844,CAT-094,88.37,Copernicus_GLO-30_v2023,Residential,B,2.99,138.1,Manhole,Blended,40.6,5,sparse_drainage|event_2024-01-05,0.02149532710280374,8.120000000000001,Medium Risk
SEG-00644,"Delhi, India",Borough Central,28.530066,77.246917,CAT-095,-3.0,Copernicus_GLO-30_v2023,Roads,D,4.87,85.9,Manhole,ERA5,21.6,25,ponding_hotspot|low_lying,0.05604142692750287,0.8640000000000001,High Risk
SEG-00645,"Philadelphia, USA",Zone V,39.963861,-75.125059,CAT-018,65.99,Copernicus_EEA-10_v5,Roads,A,8.53,91.69999999999999,GratedInlet,LocalGauge,33.1,10,monitor,0.09201725997842503,3.31,Low Risk
SEG-00646,"Doha, Qatar",Zone II,25.324283,51.587106,CAT-039,40.23,Copernicus_GLO-30_v2023,Mixed,B,5.58,199.5,OpenChannel,ERA5,13.1,10,monitor,0.027830423940149625,1.31,Low Risk
SEG-00647,"Athens, Greece",Borough Old Town,37.961692,23.754627,CAT-027,7.94,Copernicus_GLO-30_v2023,Commercial,D,6.25,58.4,CurbInlet,Blended,20.2,5,low_lying,0.10521885521885523,4.04,Medium Risk
SEG-00648,"Ahmedabad, India",Zone IX,23.100636,72.610165,CAT-063,59.62,SRTM_1arc,Residential,B,4.5,39.8,Manhole,ERA5,21.6,2,monitor,0.11029411764705883,10.8,Low Risk
SEG-00649,"Kuala Lumpur, Malaysia",Ward D,3.215749,101.746824,CAT-086,51.92,SRTM_1arc,Roads,A,4.94,94.5,CurbInlet,ERA5,138.4,10,extreme_rain_history,0.05172774869109948,13.84,High Risk
SEG-00650,"Riyadh, Saudi Arabia",Zone VIII,24.656836,46.608665,CAT-027,16.51,Copernicus_EEA-10_v5,Green,A,3.27,221.3,CurbInlet,ERA5,17.2,2,monitor,0.014709851551956815,8.6,Low Risk
SEG-00651,"Rio de Janeiro, Brazil",Sector 15,-22.940329,-43.113132,CAT-124,9.35,SRTM_1arc,Residential,B,7.13,31.3,Manhole,ERA5,113.1,10,extreme_rain_history,0.22074303405572757,11.309999999999999,High Risk
SEG-00652,"Karachi, Pakistan",District 5,24.933147,67.016084,CAT-024,94.83,Copernicus_GLO-30_v2023,Roads,B,5.31,91.69999999999999,OpenChannel,Blended,28.9,5,monitor,0.05728155339805825,5.779999999999999,Low Risk
SEG-00653,"Barcelona, Spain",Sector 29,41.331471,2.202911,CAT-114,11.11,Copernicus_GLO-30_v2023,Commercial,B,5.46,102.2,GratedInlet,ERA5,27.8,2,monitor,0.05290697674418605,13.9,Low Risk
SEG-00654,"Accra, Ghana",Ward C,5.566433,-0.221917,CAT-032,11.47,Copernicus_GLO-90_v2022,Residential,C,4.34,39.1,OpenChannel,Blended,61.7,25,monitor,0.1082294264339152,2.468,Low Risk
SEG-00655,"Tehran, Iran",Sector 12,35.65908,51.323983,CAT-092,86.31,Copernicus_GLO-30_v2023,Water,D,6.37,183.8,CurbInlet,IMD,55.5,10,monitor,0.03446969696969697,5.55,Low Risk
SEG-00656,"San Francisco, USA",Ward K,37.716087,-122.341944,CAT-067,63.6,Copernicus_GLO-90_v2022,Residential,C,3.21,179.6,Manhole,ERA5,36.0,10,monitor,0.017774086378737543,3.6,Low Risk
SEG-00657,"Paris, France",District 12,48.733852,2.306346,CAT-062,74.7,SRTM_1arc,Roads,C,6.73,71.1,Manhole,ERA5,17.0,5,monitor,0.09334257975034675,3.4,Low Risk
SEG-00658,"Cape Town, South Africa",Borough West,-33.939786,18.361097,CAT-143,115.2,Copernicus_GLO-30_v2023,Residential,D,6.25,177.0,OpenChannel,ERA5,16.1,10,monitor,0.0351123595505618,1.61,Low Risk
SEG-00659,"Durban, South Africa",Ward F,-30.023547,31.128908,CAT-080,-3.0,SRTM_1arc,Roads,B,5.41,40.5,CurbInlet,ERA5,46.8,10,low_lying,0.13036144578313252,4.68,Medium Risk
SEG-00660,"Sao Paulo, Brazil",Borough Central,-23.653911,-46.666966,CAT-106,77.69,Copernicus_GLO-90_v2022,Residential,B,5.33,91.69999999999999,CurbInlet,ERA5,37.9,2,monitor,0.0574973031283711,18.95,Low Risk
SEG-00661,"Seoul, South Korea",Ward F,37.554751,126.972007,CAT-094,-3.0,Copernicus_GLO-30_v2023,Roads,C,8.51,62.5,GratedInlet,ERA5,70.3,50,ponding_hotspot|low_lying|event_2022-12-18,0.13401574803149605,1.406,High Risk
SEG-00662,"Shenzhen, China",Zone IX,22.598464,113.977979,CAT-156,9.57,Copernicus_EEA-10_v5,Residential,B,4.86,69.2,Manhole,IMD,44.7,50,monitor,0.06923076923076923,0.894,Low Risk
SEG-00663,"Mumbai, India",Zone X,19.080762,72.795554,CAT-079,-2.8,Copernicus_GLO-30_v2023,Residential,D,4.08,141.6,Manhole,LocalGauge,41.5,25,ponding_hotspot|low_lying,0.028611500701262275,1.66,High Risk
SEG-00664,"Cape Town, South Africa",Zone VI,-33.827695,18.397607,CAT-076,25.130000000000003,SRTM_1arc,Roads,C,8.04,28.8,Manhole,LocalGauge,49.5,25,monitor,0.2697986577181208,1.98,Low Risk
SEG-00665,"Amsterdam, Netherlands",District 7,52.318933,5.087657,CAT-122,18.79,Copernicus_GLO-30_v2023,Commercial,B,6.25,85.6,CurbInlet,IMD,40.8,5,monitor,0.07217090069284066,8.16,Low Risk
SEG-00666,"Rome, Italy",Ward E,42.032416,12.493229,CAT-017,41.3,SRTM_1arc,Institutional,B,3.01,184.3,CurbInlet,ERA5,37.1,50,monitor,0.016243928764166214,0.742,Low Risk
SEG-00667,"Tokyo, Japan",District 17,35.672686,139.679858,CAT-180,25.71,SRTM_1arc,Industrial,A,4.98,16.5,OpenChannel,Blended,25.6,10,monitor,0.2845714285714286,2.56,Low Risk
SEG-00668,"Montreal, Canada",Zone V,45.509106,-73.484677,CAT-049,75.53,SRTM_1arc,Commercial,B,7.97,138.1,CurbInlet,ERA5,56.3,5,monitor,0.057296908698777856,11.26,Low Risk
SEG-00669,"Seoul, South Korea",Sector 22,37.633209,126.948871,CAT-140,54.21,SRTM_1arc,Industrial,B,6.25,61.4,CurbInlet,ERA5,53.8,2,monitor,0.10016025641025642,26.9,Low Risk
SEG-00670,"Tokyo, Japan",Zone VI,35.62683,139.53682,CAT-062,-3.0,Copernicus_EEA-10_v5,Residential,A,6.41,111.0,Manhole,ERA5,33.9,5,low_lying,0.057232142857142856,6.779999999999999,Medium Risk
SEG-00671,"Kolkata, India",Ward A,22.57244,88.30154,CAT-026,10.16,SRTM_3arc,Commercial,B,10.15,89.1,CurbInlet,Blended,55.2,10,monitor,0.11265260821309657,5.5200000000000005,Low Risk
SEG-00672,"Nairobi, Kenya",Borough East,-1.319528,36.823379,CAT-172,53.02,SRTM_1arc,Commercial,C,5.2,26.6,CurbInlet,IMD,17.8,50,monitor,0.18840579710144928,0.35600000000000004,Low Risk
SEG-00673,"Chennai, India",Ward C,13.113856,80.371556,CAT-104,6.88,SRTM_3arc,Residential,B,5.16,51.8,GratedInlet,Blended,70.3,10,low_lying,0.09772727272727273,7.029999999999999,Medium Risk
SEG-00674,"Bangkok, Thailand",Borough West,13.873456,100.35958,CAT-030,0.56,Copernicus_EEA-10_v5,Commercial,B,8.26,365.9,OpenChannel,IMD,69.3,50,low_lying,0.022512946306895612,1.386,Medium Risk
SEG-00675,"Rotterdam, Netherlands",Sector 28,51.951031,4.387465,CAT-015,-0.06,SRTM_1arc,Green,D,5.57,276.0,Manhole,ERA5,21.5,10,low_lying,0.020108303249097473,2.15,Medium Risk
SEG-00676,"Houston, USA",District 22,29.918555,-95.299258,CAT-162,42.01,SRTM_3arc,Green,D,4.78,107.5,CurbInlet,ERA5,50.2,10,monitor,0.044055299539170506,5.0200000000000005,Low Risk
SEG-00677,"Ho Chi Minh City, Vietnam",Sector 17,10.83953,106.659697,CAT-104,63.85,Copernicus_GLO-30_v2023,Roads,C,6.25,388.0,OpenChannel,ERA5,54.9,50,monitor,0.016066838046272493,1.0979999999999999,Low Risk
SEG-00678,"Tehran, Iran",Sector 4,35.620812,51.37742,CAT-140,152.65,SRTM_1arc,Residential,A,8.46,63.1,Manhole,ERA5,12.8,5,monitor,0.13198127925117006,2.56,Low Risk
SEG-00679,"Pune, India",Borough West,18.652679,73.99192,CAT-180,27.19,SRTM_1arc,Industrial,B,5.57,305.3,OpenChannel,ERA5,59.4,5,monitor,0.018184786157362062,11.879999999999999,Low Risk
SEG-00680,"Manila, Philippines",Sector 19,14.533617,120.898454,CAT-069,15.02,Copernicus_GLO-30_v2023,Residential,B,7.6,62.9,Manhole,LocalGauge,50.5,100,monitor,0.1189358372456964,0.505,Low Risk
SEG-00681,"Dhaka, Bangladesh",Sector 15,23.660339,90.451229,CAT-068,40.64,SRTM_1arc,Residential,C,3.38,405.7,OpenChannel,ERA5,68.5,10,monitor,0.008310794197196951,6.85,Low Risk
SEG-00682,"Karachi, Pakistan",Sector 23,24.914301,66.882778,CAT-130,9.2,SRTM_1arc,Commercial,A,9.14,217.9,OpenChannel,LocalGauge,35.1,5,monitor,0.04175422567382366,7.0200000000000005,Low Risk
SEG-00683,"Tehran, Iran",Borough Hillside,35.73631,51.363667,CAT-032,253.88,Copernicus_GLO-30_v2023,Industrial,C,9.79,530.4,CurbInlet,Blended,34.3,2,monitor,0.01842303349642454,17.15,Low Risk
SEG-00684,"Montreal, Canada",Sector 12,45.487647,-73.753286,CAT-099,81.28,SRTM_1arc,Commercial,B,5.49,96.5,Manhole,IMD,28.6,10,monitor,0.05630769230769231,2.8600000000000003,Low Risk
SEG-00685,"Amsterdam, Netherlands",District 26,52.379491,4.881455,CAT-067,15.59,Copernicus_GLO-30_v2023,Industrial,B,6.26,38.8,GratedInlet,IMD,25.7,5,monitor,0.157286432160804,5.14,Low Risk
SEG-00686,"Karachi, Pakistan",Zone VII,24.882304,67.010255,CAT-023,2.7,SRTM_1arc,Roads,C,3.87,81.6,CurbInlet,ERA5,23.9,10,low_lying,0.04685230024213075,2.3899999999999997,Medium Risk
SEG-00687,"Istanbul, Türkiye",District 2,41.040132,29.006163,CAT-116,25.130000000000003,Copernicus_GLO-30_v2023,Industrial,C,6.84,33.4,Manhole,LocalGauge,26.5,25,monitor,0.1988372093023256,1.06,Low Risk
SEG-00688,"Durban, South Africa",District 29,-29.821433,31.066605,CAT-075,59.62,SRTM_3arc,Roads,C,7.18,110.3,Manhole,IMD,24.3,5,monitor,0.06451033243486073,4.86,Low Risk
SEG-00689,"Singapore, Singapore",Borough Old Town,1.348403,103.908228,CAT-170,13.22,Copernicus_EEA-10_v5,Mixed,C,5.97,68.9,GratedInlet,ERA5,42.6,10,monitor,0.0854077253218884,4.26,Low Risk
SEG-00690,"Taipei, Taiwan",Ward G,25.074434,121.446602,CAT-083,61.21,SRTM_3arc,Commercial,C,7.61,61.0,GratedInlet,IMD,53.2,10,monitor,0.12274193548387097,5.32,Low Risk
SEG-00691,"Seoul, South Korea",Ward K,37.580087,126.995149,CAT-046,25.130000000000003,Copernicus_GLO-30_v2023,Roads,B,5.29,189.2,GratedInlet,ERA5,59.9,10,monitor,0.027812828601472137,5.99,Low Risk
SEG-00692,"Tehran, Iran",Borough North,35.758658,51.446085,CAT-108,-3.0,Copernicus_EEA-10_v5,Green,A,6.25,491.4,CurbInlet,Blended,41.3,10,low_lying,0.012692932575142162,4.13,Medium Risk
SEG-00693,"Riyadh, Saudi Arabia",Borough Delta,24.644576,46.611099,CAT-103,57.61,SRTM_1arc,Residential,D,7.08,155.2,CurbInlet,Blended,34.5,2,monitor,0.04532650448143406,17.25,Low Risk
SEG-00694,"Durban, South Africa",District 8,-29.815039,31.04753,CAT-031,119.77,Copernicus_GLO-30_v2023,Residential,B,5.78,59.6,Manhole,ERA5,41.6,2,monitor,0.09537953795379538,20.8,Low Risk
SEG-00695,"Hyderabad, India",Ward H,17.331043,78.565398,CAT-014,78.02,Copernicus_EEA-10_v5,Residential,C,4.74,79.0,Manhole,LocalGauge,19.3,2,monitor,0.059250000000000004,9.65,Low Risk
SEG-00696,"Barcelona, Spain",Ward C,41.378569,2.195392,CAT-163,-3.0,SRTM_3arc,Commercial,C,6.93,15.3,CurbInlet,LocalGauge,40.6,5,ponding_hotspot|low_lying,0.4251533742331288,8.120000000000001,High Risk
SEG-00697,"Doha, Qatar",Borough Hillside,25.367712,51.612383,CAT-099,-3.0,Copernicus_GLO-30_v2023,Commercial,B,6.93,34.3,GratedInlet,ERA5,17.6,2,low_lying,0.1963172804532578,8.8,Medium Risk
SEG-00698,"Pune, India",Sector 4,18.59539,73.877415,CAT-161,69.81,SRTM_3arc,Commercial,B,8.98,67.8,CurbInlet,ERA5,35.0,2,monitor,0.1305232558139535,17.5,Low Risk
SEG-00699,"Barcelona, Spain",Borough Hillside,41.487391,2.1067,CAT-168,19.71,Copernicus_EEA-10_v5,Green,B,5.38,121.4,CurbInlet,Blended,17.5,5,monitor,0.04395424836601307,3.5,Low Risk
SEG-00700,"Tehran, Iran",Ward F,35.644842,51.444996,CAT-138,195.41,SRTM_1arc,Residential,C,3.28,117.9,OpenChannel,IMD,20.2,10,monitor,0.02758620689655172,2.02,Low Risk
SEG-00701,"Accra, Ghana",Zone X,5.406643,-0.293439,CAT-068,21.36,Copernicus_GLO-30_v2023,Residential,B,6.03,15.8,Manhole,ERA5,31.7,5,monitor,0.35892857142857143,6.34,Low Risk
SEG-00702,"Nairobi, Kenya",Zone II,-1.251216,36.960553,CAT-066,106.5,SRTM_1arc,Roads,B,6.95,37.9,GratedInlet,ERA5,24.6,5,monitor,0.17866323907455015,4.92,Low Risk
SEG-00703,"Shanghai, China",Zone V,31.122104,121.5664,CAT-098,14.72,SRTM_3arc,Roads,D,2.67,148.9,CurbInlet,LocalGauge,49.9,10,sparse_drainage,0.01781187458305537,4.99,Medium Risk
SEG-00704,"Houston, USA",Ward K,29.8199,-95.298084,CAT-108,-3.0,Copernicus_GLO-30_v2023,Industrial,A,7.32,32.6,Manhole,ERA5,61.2,25,low_lying,0.21785714285714286,2.448,Medium Risk
SEG-00705,"Sao Paulo, Brazil",Sector 21,-23.572479,-46.531559,CAT-090,46.02,Copernicus_GLO-30_v2023,Residential,A,6.25,57.6,CurbInlet,Blended,42.2,100,monitor,0.10665529010238907,0.42200000000000004,Low Risk
SEG-00706,"Shenzhen, China",Borough Riverside,22.683999,114.045831,CAT-153,2.84,Copernicus_GLO-30_v2023,Roads,C,4.05,91.69999999999999,Manhole,ERA5,72.8,100,ponding_hotspot|low_lying|event_2025-04-29,0.043689320388349516,0.728,High Risk
SEG-00707,"Shanghai, China",Borough North,31.29294,121.36865,CAT-084,1.04,Copernicus_EEA-10_v5,Residential,D,6.57,58.9,Manhole,Blended,33.5,100,ponding_hotspot|low_lying,0.10968280467445744,0.335,High Risk
SEG-00708,"Singapore, Singapore",Ward I,1.346743,103.689947,CAT-050,11.2,Copernicus_GLO-90_v2022,Roads,D,6.54,103.1,CurbInlet,LocalGauge,86.4,25,extreme_rain_history,0.0628242074927954,3.4560000000000004,High Risk
SEG-00709,"Paris, France",Zone V,48.821159,2.332728,CAT-130,65.9,SRTM_1arc,Residential,D,6.25,121.9,OpenChannel,ERA5,74.5,50,monitor,0.05085435313262815,1.49,Low Risk
SEG-00710,"Kolkata, India",District 13,22.553199,88.374015,CAT-073,9.75,Copernicus_GLO-30_v2023,Roads,C,5.86,43.5,Manhole,ERA5,34.9,2,monitor,0.13168539325842699,17.45,Low Risk
SEG-00711,"Athens, Greece",Ward A,37.995071,23.774247,CAT-059,50.78,SRTM_3arc,Commercial,B,7.52,91.69999999999999,GratedInlet,Blended,13.6,5,monitor,0.08112189859762675,2.7199999999999998,Low Risk
SEG-00712,"Tokyo, Japan",Zone X,35.654081,139.797701,CAT-046,25.130000000000003,SRTM_1arc,Industrial,C,10.18,91.69999999999999,CurbInlet,ERA5,60.5,25,monitor,0.1098166127292341,2.42,Low Risk
SEG-00713,"Durban, South Africa",Ward E,-29.857573,30.989136,CAT-019,63.37,Copernicus_GLO-90_v2022,Informal,B,5.58,91.69999999999999,CurbInlet,LocalGauge,62.6,5,monitor,0.06019417475728156,12.52,Low Risk
SEG-00714,"Bangkok, Thailand",Borough Old Town,13.727514,100.519369,CAT-066,10.42,Copernicus_GLO-30_v2023,Roads,D,7.73,35.8,CurbInlet,ERA5,64.9,2,monitor|event_2025-04-25,0.21005434782608698,32.45,Low Risk
SEG-00715,"Mexico City, Mexico",Ward I,19.491075,-99.153614,CAT-052,25.130000000000003,Copernicus_GLO-30_v2023,Industrial,C,9.32,101.2,GratedInlet,ERA5,56.7,5,monitor,0.09119373776908024,11.34,Low Risk
SEG-00716,"Kolkata, India",Borough West,22.491177,88.492678,CAT-086,48.97,Copernicus_GLO-30_v2023,Roads,D,6.25,139.3,GratedInlet,IMD,40.1,25,monitor,0.04454739843193157,1.604,Low Risk
SEG-00717,"Rotterdam, Netherlands",Sector 7,52.011402,4.516424,CAT-118,12.67,SRTM_1arc,Roads,C,6.67,60.5,Manhole,ERA5,16.2,25,monitor,0.10845528455284553,0.648,Low Risk
SEG-00718,"Hamburg, Germany",Ward F,53.488006,10.058915,CAT-074,75.66,SRTM_1arc,Residential,B,2.91,91.69999999999999,GratedInlet,ERA5,54.6,2,sparse_drainage,0.03139158576051781,27.3,Medium Risk
SEG-00719,"Bogotá, Colombia",Borough Central,4.713893,-73.922619,CAT-094,33.56,SRTM_1arc,Industrial,A,3.75,43.6,CurbInlet,ERA5,24.5,5,monitor,0.08408071748878923,4.9,Low Risk
SEG-00720,"Tokyo, Japan",Borough Delta,35.760767,139.54114,CAT-034,-3.0,Copernicus_GLO-30_v2023,Residential,C,3.91,47.1,GratedInlet,IMD,31.7,2,ponding_hotspot|low_lying,0.0812889812889813,15.85,High Risk
SEG-00721,"Rome, Italy",Zone I,41.75963,12.596604,CAT-069,96.37,SRTM_1arc,Residential,C,4.04,62.4,OpenChannel,LocalGauge,25.0,5,monitor,0.06372239747634069,5.0,Low Risk
SEG-00722,"Mexico City, Mexico",District 10,19.407587,-99.154693,CAT-070,22.5,SRTM_3arc,Residential,B,5.04,60.5,CurbInlet,ERA5,27.7,5,monitor,0.08195121951219513,5.54,Low Risk
SEG-00723,"Dubai, UAE",Zone X,25.295387,55.321834,CAT-025,76.78,Copernicus_GLO-30_v2023,Institutional,B,6.25,72.2,OpenChannel,ERA5,25.2,2,monitor,0.08538251366120218,12.6,Low Risk
SEG-00724,"Manila, Philippines",District 19,14.59167,121.025053,CAT-112,19.84,SRTM_3arc,Water,D,6.36,146.5,Manhole,ERA5,41.6,10,monitor,0.04311864406779661,4.16,Low Risk
SEG-00725,"Hanoi, Vietnam",Sector 27,21.090787,105.771564,CAT-045,64.4,Copernicus_EEA-10_v5,Residential,A,6.23,275.4,CurbInlet,ERA5,55.7,10,monitor,0.022539797395079598,5.57,Low Risk
SEG-00726,"Ahmedabad, India",Ward H,23.057006,72.535381,CAT-074,16.18,Copernicus_EEA-10_v5,Mixed,C,9.14,16.9,CurbInlet,Blended,29.2,2,monitor,0.5106145251396649,14.6,Low Risk
SEG-00727,"Lagos, Nigeria",District 26,6.642788,3.411478,CAT-093,1.38,SRTM_1arc,Residential,D,6.64,37.9,GratedInlet,IMD,85.9,25,ponding_hotspot|extreme_rain_history|low_lying|event_2023-11-14,0.17069408740359898,3.4360000000000004,High Risk
SEG-00728,"San Francisco, USA",District 24,37.871157,-122.41986,CAT-171,112.09,SRTM_1arc,Residential,C,5.8,99.6,CurbInlet,ERA5,32.0,50,monitor,0.05765407554671968,0.64,Low Risk
SEG-00729,"New Orleans, USA",Sector 10,29.89275,-90.028087,CAT-075,13.95,Copernicus_EEA-10_v5,Institutional,B,6.25,162.8,GratedInlet,IMD,33.3,100,monitor,0.03815628815628815,0.33299999999999996,Low Risk
SEG-00730,"Brisbane, Australia",District 12,-27.401379,153.077346,CAT-143,18.93,Copernicus_GLO-30_v2023,Residential,C,8.49,37.1,CurbInlet,Blended,74.4,25,monitor,0.22283464566929134,2.9760000000000004,Low Risk
SEG-00731,"Montreal, Canada",District 8,45.432819,-73.499733,CAT-055,7.3,SRTM_3arc,Residential,C,4.99,154.3,CurbInlet,ERA5,14.6,2,low_lying,0.03213135866065679,7.3,Medium Risk
SEG-00732,"Washington DC, USA",District 4,38.88906,-77.116066,CAT-042,47.84,SRTM_3arc,Residential,B,6.79,87.4,Manhole,LocalGauge,73.5,100,monitor,0.07680995475113121,0.735,Low Risk
SEG-00733,"Rome, Italy",Sector 25,41.961757,12.571678,CAT-004,47.48,Copernicus_GLO-30_v2023,Commercial,C,6.25,6.8,CurbInlet,ERA5,15.9,10,monitor,0.8012820512820513,1.59,Low Risk
SEG-00734,"Mexico City, Mexico",District 3,19.323463,-99.125343,CAT-168,15.12,SRTM_1arc,Residential,D,4.76,15.7,Manhole,LocalGauge,61.0,5,monitor,0.28502994011976046,12.2,Low Risk
SEG-00735,"Hong Kong, China",Sector 13,22.422942,114.221116,CAT-056,6.29,SRTM_3arc,Industrial,B,8.96,32.3,Manhole,ERA5,52.6,50,low_lying,0.26906906906906913,1.052,Medium Risk
SEG-00736,"Hanoi, Vietnam",Ward A,21.079542,105.87533,CAT-050,51.62,Copernicus_EEA-10_v5,Mixed,D,6.25,50.8,CurbInlet,ERA5,47.6,5,monitor,0.12065637065637067,9.52,Low Risk
SEG-00737,"Hamburg, Germany",Ward B,53.48909,10.084538,CAT-121,6.02,SRTM_1arc,Industrial,B,7.68,32.2,GratedInlet,ERA5,32.0,2,low_lying,0.23132530120481926,16.0,Medium Risk
SEG-00738,"Houston, USA",District 27,29.811292,-95.302753,CAT-112,55.01,SRTM_3arc,Green,A,6.25,261.5,OpenChannel,LocalGauge,32.6,100,monitor,0.023809523809523808,0.326,Low Risk
SEG-00739,"New Orleans, USA",Zone V,29.847539,-90.141894,CAT-091,11.7,Copernicus_GLO-90_v2022,Residential,D,4.35,91.69999999999999,GratedInlet,ERA5,38.4,5,monitor,0.046925566343042076,7.68,Low Risk
SEG-00740,"Miami, USA",Zone I,25.890284,-80.167954,CAT-176,4.3,Copernicus_GLO-30_v2023,Mixed,B,6.25,354.4,OpenChannel,ERA5,54.2,100,low_lying,0.01758581879572313,0.542,Medium Risk
SEG-00741,"Barcelona, Spain",Ward K,41.320303,2.085204,CAT-077,25.130000000000003,SRTM_1arc,Roads,B,8.45,157.1,CurbInlet,ERA5,38.3,10,monitor,0.0534471853257432,3.8299999999999996,Low Risk
SEG-00742,"Cape Town, South Africa",District 3,-33.885279,18.446892,CAT-124,-3.0,SRTM_1arc,Residential,B,5.99,128.4,CurbInlet,ERA5,17.4,25,low_lying,0.046290571870170015,0.696,Medium Risk
SEG-00743,"Delhi, India",Sector 1,28.628947,77.212775,CAT-115,89.56,Copernicus_EEA-10_v5,Institutional,C,3.31,235.3,Manhole,LocalGauge,49.1,2,monitor,0.014007617435463393,24.55,Low Risk
SEG-00744,"Washington DC, USA",Sector 30,38.991091,-77.055597,CAT-173,25.130000000000003,Copernicus_GLO-30_v2023,Roads,D,6.25,128.7,CurbInlet,IMD,39.9,10,monitor,0.0481881264456438,3.9899999999999998,Low Risk
SEG-00745,"Colombo, Sri Lanka",Borough Hillside,7.003586,79.894333,CAT-160,25.130000000000003,SRTM_3arc,Mixed,D,9.43,356.6,OpenChannel,ERA5,129.3,100,ponding_hotspot|extreme_rain_history|event_2024-03-15,0.026370246085011182,1.2930000000000001,High Risk
SEG-00746,"Colombo, Sri Lanka",Ward H,7.008992,79.798521,CAT-149,6.59,Copernicus_EEA-10_v5,Roads,A,9.16,78.1,CurbInlet,Blended,71.6,10,low_lying,0.11580278128950697,7.159999999999999,Medium Risk
SEG-00747,"Colombo, Sri Lanka",District 29,6.945088,79.775974,CAT-055,8.48,Copernicus_GLO-90_v2022,Green,D,3.42,91.69999999999999,CurbInlet,ERA5,63.3,5,monitor,0.03689320388349515,12.66,Low Risk
SEG-00748,"Rotterdam, Netherlands",Zone X,51.858138,4.399197,CAT-027,9.04,Copernicus_GLO-30_v2023,Residential,B,8.49,27.4,CurbInlet,ERA5,35.1,5,monitor,0.29894366197183103,7.0200000000000005,Low Risk
SEG-00749,"Cape Town, South Africa",District 5,-33.940071,18.372848,CAT-097,23.8,Copernicus_GLO-30_v2023,Green,B,4.35,274.4,CurbInlet,Blended,55.7,10,monitor,0.01579520697167756,5.57,Low Risk
SEG-00750,"Vancouver, Canada",Zone VI,49.28578,-123.149075,CAT-098,15.56,Copernicus_GLO-30_v2023,Commercial,B,5.68,91.69999999999999,Manhole,ERA5,53.1,10,monitor,0.06127292340884574,5.3100000000000005,Low Risk
SEG-00751,"Hamburg, Germany",District 30,53.537167,10.10649,CAT-098,79.62,SRTM_3arc,Green,A,2.96,184.6,OpenChannel,Blended,32.1,10,sparse_drainage|event_2022-07-18,0.015948275862068966,3.21,Medium Risk
SEG-00752,"Rome, Italy",District 7,41.890968,12.557779,CAT-058,46.83,Copernicus_EEA-10_v5,Roads,D,10.45,51.5,Manhole,LocalGauge,63.4,25,monitor,0.19904761904761903,2.536,Low Risk
SEG-00753,"Montreal, Canada",Borough South,45.483509,-73.597431,CAT-036,51.85,SRTM_1arc,Roads,C,7.32,36.9,Manhole,ERA5,29.1,5,monitor,0.19313984168865436,5.82,Low Risk
SEG-00754,"Delhi, India",Sector 17,28.538543,77.194478,CAT-100,35.82,SRTM_3arc,Residential,D,7.58,157.6,CurbInlet,ERA5,74.5,5,monitor,0.04779319041614124,14.9,Low Risk
SEG-00755,"Durban, South Africa",Ward C,-29.771723,30.974719,CAT-058,72.82,SRTM_1arc,Commercial,C,7.08,75.6,Manhole,ERA5,26.5,2,monitor,0.09242819843342037,13.25,Low Risk
SEG-00756,"Kuala Lumpur, Malaysia",Ward I,3.129055,101.770517,CAT-014,9.86,SRTM_1arc,Roads,B,10.19,60.5,GratedInlet,ERA5,87.8,50,extreme_rain_history|event_2024-07-25,0.1656910569105691,1.756,High Risk
SEG-00757,"Brisbane, Australia",Zone VII,-27.507908,153.011252,CAT-108,10.72,Copernicus_EEA-10_v5,Residential,B,7.99,163.6,CurbInlet,LocalGauge,27.6,2,monitor,0.04854191980558931,13.8,Low Risk
SEG-00758,"Manila, Philippines",Zone I,14.506927,121.040289,CAT-173,23.56,SRTM_1arc,Green,C,4.46,369.8,OpenChannel,ERA5,95.9,10,extreme_rain_history,0.012028047464940668,9.59,High Risk
SEG-00759,"Hamburg, Germany",Sector 2,53.458456,10.003259,CAT-138,42.17,Copernicus_GLO-90_v2022,Commercial,C,5.94,56.6,GratedInlet,ERA5,37.8,10,monitor,0.10312500000000001,3.78,Low Risk
SEG-00760,"Shenzhen, China",Sector 9,22.606117,114.095235,CAT-117,1.72,Copernicus_GLO-30_v2023,Commercial,B,5.97,24.2,Manhole,LocalGauge,69.5,2,low_lying|event_2024-01-09,0.2369047619047619,34.75,Medium Risk
SEG-00761,"Ho Chi Minh City, Vietnam",Zone III,10.849732,106.662603,CAT-036,25.130000000000003,Copernicus_GLO-30_v2023,Residential,B,2.81,87.0,Manhole,ERA5,37.4,2,sparse_drainage,0.03193181818181818,18.7,Medium Risk
SEG-00762,"Bengaluru, India",Ward F,12.990622,77.593824,CAT-166,25.130000000000003,SRTM_1arc,Commercial,D,5.91,75.9,Manhole,ERA5,27.0,2,monitor,0.07685305591677503,13.5,Low Risk
SEG-00763,"Vancouver, Canada",Zone IX,49.279911,-123.109501,CAT-129,11.8,SRTM_3arc,Roads,C,9.48,90.4,Manhole,ERA5,11.9,25,monitor,0.1037199124726477,0.47600000000000003,Low Risk
SEG-00764,"New Orleans, USA",Zone VI,29.922575,-90.133756,CAT-096,12.75,Copernicus_EEA-10_v5,Green,A,2.28,29.2,CurbInlet,ERA5,20.9,100,sparse_drainage|event_2024-09-03,0.07549668874172184,0.209,Medium Risk
SEG-00765,"Bogotá, Colombia",Borough West,4.781346,-74.199324,CAT-164,64.18,SRTM_3arc,Roads,B,6.38,65.8,CurbInlet,ERA5,29.4,5,monitor,0.09550898203592814,5.88,Low Risk
SEG-00766,"Hanoi, Vietnam",Zone VIII,21.034645,105.803475,CAT-043,32.21,Copernicus_GLO-90_v2022,Industrial,B,5.25,96.6,CurbInlet,ERA5,48.1,50,monitor,0.05379098360655738,0.9620000000000001,Low Risk
SEG-00767,"Delhi, India",District 5,28.711049,77.208686,CAT-050,92.67,SRTM_3arc,Informal,D,6.52,213.5,CurbInlet,Blended,36.3,2,monitor,0.030396270396270395,18.15,Low Risk
SEG-00768,"New York, USA",District 13,40.757452,-74.069899,CAT-054,6.05,Copernicus_EEA-10_v5,Institutional,C,3.22,187.4,OpenChannel,ERA5,32.4,5,low_lying,0.017091295116772823,6.4799999999999995,Medium Risk
SEG-00769,"Chennai, India",Borough Hillside,13.107102,80.337919,CAT-122,3.42,SRTM_1arc,Commercial,C,5.5,158.2,CurbInlet,Blended,122.1,50,ponding_hotspot|extreme_rain_history|low_lying,0.03454773869346734,2.4419999999999997,High Risk
SEG-00770,"Istanbul, Türkiye",District 14,41.026182,28.924288,CAT-081,50.7,SRTM_1arc,Industrial,D,10.26,91.69999999999999,CurbInlet,ERA5,32.7,25,monitor,0.11067961165048545,1.308,Low Risk
SEG-00771,"Brisbane, Australia",Ward D,-27.485765,152.902917,CAT-160,28.06,Copernicus_EEA-10_v5,Roads,A,8.22,4.0,CurbInlet,Blended,42.7,10,monitor,1.6440000000000001,4.2700000000000005,Low Risk
SEG-00772,"Singapore, Singapore",Sector 2,1.38379,103.770525,CAT-123,7.61,Copernicus_EEA-10_v5,Commercial,B,5.68,52.4,Manhole,ERA5,150.0,50,ponding_hotspot|extreme_rain_history|low_lying,0.10636704119850186,3.0,High Risk
SEG-00773,"Ahmedabad, India",Borough West,23.134443,72.507367,CAT-026,-3.0,Copernicus_EEA-10_v5,Residential,B,4.19,110.8,GratedInlet,Blended,12.0,2,low_lying,0.03747763864042934,6.0,Medium Risk
SEG-00774,"Auckland, New Zealand",District 6,-36.905828,174.778975,CAT-147,86.77,SRTM_1arc,Mixed,D,8.36,63.0,Manhole,ERA5,20.4,2,monitor,0.130625,10.2,Low Risk
SEG-00775,"Cape Town, South Africa",Zone V,-33.968261,18.466638,CAT-131,243.51,Copernicus_EEA-10_v5,Roads,C,8.1,57.7,OpenChannel,Blended,17.1,100,monitor,0.13798977853492334,0.171,Low Risk
SEG-00776,"Durban, South Africa",Borough East,-29.679394,31.058998,CAT-075,15.26,SRTM_1arc,Green,B,1.54,225.0,OpenChannel,LocalGauge,43.9,25,sparse_drainage,0.006814159292035399,1.756,Medium Risk
SEG-00777,"Hamburg, Germany",District 23,53.462697,10.070491,CAT-047,53.2,Copernicus_GLO-30_v2023,Roads,A,10.8,74.1,Manhole,ERA5,12.4,25,monitor,0.1438082556591212,0.496,Low Risk
SEG-00778,"Mumbai, India",Zone VII,18.993732,72.833841,CAT-168,2.42,Copernicus_GLO-30_v2023,Residential,D,7.53,72.9,OpenChannel,ERA5,62.7,50,ponding_hotspot|low_lying,0.10189445196211096,1.254,High Risk
SEG-00779,"Shanghai, China",Zone III,31.18297,121.49218,CAT-178,5.88,SRTM_1arc,Residential,C,5.19,48.1,Manhole,Blended,34.9,2,low_lying,0.10570264765784114,17.45,Medium Risk
SEG-00780,"New York, USA",Borough Hillside,40.889908,-74.02131,CAT-160,11.88,SRTM_3arc,Commercial,A,8.3,67.8,Manhole,ERA5,22.7,5,monitor,0.12063953488372095,4.54,Low Risk
SEG-00781,"Kuala Lumpur, Malaysia",Zone VII,3.037505,101.611958,CAT-068,-3.0,Copernicus_EEA-10_v5,Residential,B,3.09,18.7,CurbInlet,ERA5,64.5,50,ponding_hotspot|low_lying,0.15685279187817258,1.29,High Risk
SEG-00782,"Durban, South Africa",Zone III,-29.9059,30.969008,CAT-118,96.15,Copernicus_GLO-90_v2022,Institutional,B,3.51,323.1,GratedInlet,LocalGauge,37.1,10,monitor,0.010829990743597653,3.71,Low Risk
SEG-00783,"Paris, France",Zone IX,48.91237,2.42309,CAT-139,25.130000000000003,Copernicus_EEA-10_v5,Commercial,D,5.93,124.8,GratedInlet,LocalGauge,47.4,25,monitor,0.04713831478537361,1.896,Low Risk
SEG-00784,"Lima, Peru",Borough West,-12.031356,-76.950794,CAT-077,39.63,Copernicus_GLO-30_v2023,Residential,D,7.78,146.8,CurbInlet,Blended,11.8,10,monitor,0.05263870094722598,1.1800000000000002,Low Risk
SEG-00785,"Tehran, Iran",Sector 14,35.782901,51.308018,CAT-110,83.34,SRTM_1arc,Commercial,A,5.66,118.9,CurbInlet,LocalGauge,58.9,50,monitor,0.04720600500417014,1.178,Low Risk
SEG-00786,"Shanghai, China",Zone VI,31.364377,121.548792,CAT-095,25.130000000000003,Copernicus_EEA-10_v5,Mixed,C,4.47,88.2,Manhole,ERA5,18.8,5,monitor,0.05011210762331838,3.7600000000000002,Low Risk
SEG-00787,"Bengaluru, India",Ward H,12.910081,77.540188,CAT-137,-3.0,SRTM_1arc,Industrial,C,6.12,89.9,Manhole,ERA5,21.5,5,low_lying,0.06732673267326732,4.3,Medium Risk
SEG-00788,"New Orleans, USA",Sector 24,29.942636,-90.243223,CAT-152,21.62,SRTM_3arc,Commercial,A,4.84,39.0,CurbInlet,ERA5,25.7,10,monitor,0.121,2.57,Low Risk
SEG-00789,"Accra, Ghana",Borough North,5.591793,-0.140785,CAT-034,22.83,SRTM_1arc,Residential,B,2.83,85.3,GratedInlet,IMD,77.2,10,sparse_drainage,0.03279258400926999,7.720000000000001,Medium Risk
SEG-00790,"Tehran, Iran",Zone VII,35.680355,51.299926,CAT-143,38.3,Copernicus_EEA-10_v5,Residential,B,6.25,19.1,GratedInlet,LocalGauge,38.2,5,monitor,0.31094527363184077,7.640000000000001,Low Risk
SEG-00791,"Guangzhou, China",Sector 12,23.200778,113.147624,CAT-091,-1.23,SRTM_1arc,Residential,D,7.14,52.2,CurbInlet,LocalGauge,41.5,100,ponding_hotspot|low_lying|event_2023-12-23,0.13421052631578945,0.415,High Risk
SEG-00792,"Singapore, Singapore",Sector 24,1.374447,103.961276,CAT-066,7.11,SRTM_1arc,Commercial,D,6.83,79.1,Manhole,ERA5,69.7,10,ponding_hotspot|low_lying,0.08526841448189763,6.970000000000001,High Risk
SEG-00793,"Pune, India",Borough South,18.635076,73.799206,CAT-132,48.21,Copernicus_GLO-90_v2022,Green,A,4.75,59.4,Manhole,ERA5,15.1,5,monitor,0.07864238410596026,3.02,Low Risk
SEG-00794,"Amsterdam, Netherlands",Sector 28,52.469471,4.856786,CAT-122,-2.69,Copernicus_GLO-30_v2023,Industrial,D,8.45,43.9,CurbInlet,IMD,37.0,10,ponding_hotspot|low_lying,0.18819599109131402,3.7,High Risk
SEG-00795,"Houston, USA",Sector 7,29.807889,-95.46667,CAT-054,23.13,SRTM_1arc,Residential,D,6.3,142.7,CurbInlet,ERA5,21.4,2,monitor,0.04384133611691023,10.7,Low Risk
SEG-00796,"Bengaluru, India",Ward H,13.060229,77.608438,CAT-025,78.19,SRTM_3arc,Roads,B,5.1,1.0,GratedInlet,ERA5,15.2,2,monitor,2.55,7.6,Low Risk
SEG-00797,"Mexico City, Mexico",District 2,19.509675,-99.140834,CAT-103,61.03,SRTM_3arc,Roads,C,4.13,392.1,OpenChannel,ERA5,65.5,5,monitor,0.010506232510811498,13.1,Low Risk
SEG-00798,"Istanbul, Türkiye",District 21,40.987747,28.969673,CAT-125,56.49,Copernicus_GLO-30_v2023,Green,B,4.75,60.1,Manhole,ERA5,28.7,2,monitor,0.07774140752864157,14.35,Low Risk
SEG-00799,"Mexico City, Mexico",Ward I,19.575712,-99.09631,CAT-156,24.57,Copernicus_GLO-30_v2023,Industrial,B,7.71,48.1,Manhole,ERA5,27.3,25,monitor,0.1570264765784114,1.092,Low Risk
SEG-00800,"Pune, India",District 14,18.575206,73.970498,CAT-127,-3.0,Copernicus_GLO-30_v2023,Commercial,B,7.42,81.9,Manhole,IMD,20.7,10,low_lying,0.08950542822677925,2.07,Medium Risk
SEG-00801,"Singapore, Singapore",Ward E,1.376511,103.86334,CAT-041,8.88,SRTM_1arc,Commercial,C,3.31,136.4,Manhole,LocalGauge,150.0,100,ponding_hotspot|extreme_rain_history,0.024090247452692868,1.5,High Risk
SEG-00802,"Manila, Philippines",Sector 29,14.7408,121.037862,CAT-159,12.4,Copernicus_GLO-30_v2023,Roads,D,3.53,49.3,OpenChannel,ERA5,34.7,2,monitor,0.07017892644135189,17.35,Low Risk
SEG-00803,"Taipei, Taiwan",Sector 27,25.022527,121.475552,CAT-015,29.91,Copernicus_GLO-90_v2022,Industrial,C,4.77,117.9,CurbInlet,ERA5,21.9,2,monitor,0.04011774600504625,10.95,Low Risk
SEG-00804,"Hamburg, Germany",Ward A,53.3908,10.035679,CAT-001,51.76,Copernicus_GLO-90_v2022,Roads,B,10.17,4.3,CurbInlet,IMD,33.5,50,monitor,1.918867924528302,0.67,Low Risk
SEG-00805,"Tehran, Iran",District 8,35.640678,51.315357,CAT-039,82.5,SRTM_3arc,Residential,B,2.38,38.4,CurbInlet,LocalGauge,40.3,5,sparse_drainage,0.06040609137055838,8.059999999999999,Medium Risk
SEG-00806,"Rotterdam, Netherlands",Borough North,51.917783,4.40911,CAT-079,2.33,SRTM_1arc,Residential,D,2.61,91.69999999999999,CurbInlet,ERA5,23.1,10,low_lying|sparse_drainage,0.028155339805825245,2.31,Medium Risk
SEG-00807,"Copenhagen, Denmark",Sector 14,55.632304,12.618777,CAT-139,23.75,SRTM_1arc,Green,D,6.25,256.6,GratedInlet,Blended,27.6,10,monitor,0.024262422360248444,2.7600000000000002,Low Risk
SEG-00808,"Sao Paulo, Brazil",Zone VII,-23.556091,-46.587018,CAT-117,49.41,Copernicus_EEA-10_v5,Roads,A,7.53,91.69999999999999,CurbInlet,ERA5,89.6,2,extreme_rain_history,0.08122977346278318,44.8,High Risk
SEG-00809,"Ahmedabad, India",Borough West,23.056499,72.629412,CAT-013,61.69,Copernicus_EEA-10_v5,Industrial,B,7.45,91.69999999999999,CurbInlet,LocalGauge,20.0,25,monitor,0.08036677454153184,0.8,Low Risk
SEG-00810,"Riyadh, Saudi Arabia",Zone II,24.641361,46.690154,CAT-012,26.41,Copernicus_EEA-10_v5,Residential,B,4.91,32.4,CurbInlet,ERA5,8.5,5,monitor,0.1470059880239521,1.7,Low Risk
SEG-00811,"New Orleans, USA",Sector 29,29.8677,-90.058014,CAT-139,14.44,SRTM_3arc,Residential,B,8.6,150.7,CurbInlet,ERA5,29.7,2,monitor,0.05669083717864206,14.85,Low Risk
SEG-00812,"Hamburg, Germany",District 10,53.469971,10.069403,CAT-050,0.53,Copernicus_EEA-10_v5,Green,B,3.14,274.6,Manhole,ERA5,32.0,25,low_lying,0.011393323657474601,1.28,Medium Risk
SEG-00813,"Ho Chi Minh City, Vietnam",Sector 23,10.890532,106.51306,CAT-095,14.6,SRTM_1arc,Commercial,C,8.47,67.0,Manhole,LocalGauge,90.3,5,extreme_rain_history,0.12455882352941178,18.06,High Risk
SEG-00814,"Istanbul, Türkiye",District 23,40.905096,28.956286,CAT-052,47.02,SRTM_3arc,Commercial,B,5.89,48.6,Manhole,ERA5,16.0,5,monitor,0.11875,3.2,Low Risk
SEG-00815,"Cape Town, South Africa",Ward G,-33.870557,18.472307,CAT-135,183.7,SRTM_3arc,Green,D,1.93,273.6,CurbInlet,Blended,19.9,25,sparse_drainage|event_2022-08-06,0.007028404952658412,0.7959999999999999,Medium Risk
SEG-00816,"Chennai, India",District 26,13.188348,80.350287,CAT-152,12.34,Copernicus_EEA-10_v5,Green,D,3.7,108.8,CurbInlet,IMD,41.5,25,monitor,0.033697632058287796,1.66,Low Risk
SEG-00817,"Lima, Peru",Borough East,-11.98696,-76.957503,CAT-172,61.81,Copernicus_EEA-10_v5,Green,D,2.53,441.6,OpenChannel,ERA5,40.8,5,sparse_drainage,0.005716222322638951,8.16,Medium Risk
SEG-00818,"Riyadh, Saudi Arabia",Sector 7,24.665252,46.638564,CAT-132,72.93,SRTM_3arc,Mixed,B,6.25,102.3,GratedInlet,ERA5,12.4,10,monitor,0.060503388189738626,1.24,Low Risk
SEG-00819,"Philadelphia, USA",Zone VI,39.952134,-75.178309,CAT-038,77.25,Copernicus_EEA-10_v5,Commercial,B,8.14,4.1,Manhole,IMD,26.8,25,monitor,1.5960784313725493,1.072,Low Risk
SEG-00820,"London, UK",Ward D,51.498276,-0.175483,CAT-109,34.99,Copernicus_EEA-10_v5,Residential,A,3.38,114.4,CurbInlet,ERA5,63.0,2,monitor,0.029289428076256497,31.5,Low Risk
SEG-00821,"Riyadh, Saudi Arabia",Ward I,24.679585,46.755747,CAT-059,-3.0,Copernicus_GLO-30_v2023,Roads,B,5.71,87.1,Manhole,ERA5,8.6,10,low_lying,0.06481271282633372,0.86,Medium Risk
SEG-00822,"Kolkata, India",Sector 10,22.595972,88.401311,CAT-064,23.13,SRTM_1arc,Green,D,6.43,57.2,GratedInlet,ERA5,26.3,2,monitor,0.11048109965635738,13.15,Low Risk
SEG-00823,"Brisbane, Australia",Zone I,-27.482592,153.011911,CAT-065,25.130000000000003,Copernicus_EEA-10_v5,Residential,C,5.42,52.8,CurbInlet,LocalGauge,32.4,50,monitor,0.10074349442379182,0.648,Low Risk
SEG-00824,"Tokyo, Japan",Ward I,35.659465,139.605611,CAT-176,-3.0,Copernicus_GLO-90_v2022,Green,A,7.21,319.7,CurbInlet,IMD,43.7,50,low_lying,0.022482070470845026,0.8740000000000001,Medium Risk
SEG-00825,"Washington DC, USA",Zone I,38.914633,-77.001546,CAT-081,70.97,Copernicus_EEA-10_v5,Roads,B,7.61,330.6,OpenChannel,Blended,47.6,5,monitor,0.022949336550060314,9.52,Low Risk
SEG-00826,"Lima, Peru",Sector 24,-11.993655,-77.024442,CAT-096,21.15,Copernicus_GLO-30_v2023,Institutional,A,6.3,129.0,GratedInlet,ERA5,35.9,100,monitor,0.04846153846153846,0.359,Low Risk
SEG-00827,"Osaka, Japan",Ward G,34.611108,135.601162,CAT-024,153.91,Copernicus_GLO-30_v2023,Industrial,C,7.75,439.6,OpenChannel,ERA5,74.0,25,monitor,0.017589650476622785,2.96,Low Risk
SEG-00828,"Buenos Aires, Argentina",Zone III,-34.674195,-58.463025,CAT-032,89.19,Copernicus_GLO-30_v2023,Institutional,C,6.25,248.5,OpenChannel,LocalGauge,21.8,2,monitor,0.025050100200400802,10.9,Low Risk
SEG-00829,"Hanoi, Vietnam",Borough South,21.041748,105.761559,CAT-148,73.01,Copernicus_GLO-30_v2023,Residential,B,5.23,101.5,Manhole,LocalGauge,48.0,25,monitor,0.05102439024390244,1.92,Low Risk
SEG-00830,"Shanghai, China",Ward B,31.389409,121.47089,CAT-109,19.02,Copernicus_EEA-10_v5,Roads,B,7.47,185.8,CurbInlet,LocalGauge,30.3,2,monitor,0.039989293361884365,15.15,Low Risk
SEG-00831,"Houston, USA",District 17,29.763446,-95.204308,CAT-103,57.12,SRTM_1arc,Residential,D,3.66,49.5,Manhole,ERA5,21.1,25,monitor,0.07247524752475248,0.8440000000000001,Low Risk
SEG-00832,"Karachi, Pakistan",Zone IV,24.932233,67.022422,CAT-141,3.04,Copernicus_EEA-10_v5,Residential,C,6.14,371.8,CurbInlet,ERA5,35.4,10,low_lying,0.016469957081545063,3.54,Medium Risk
SEG-00833,"Lima, Peru",Zone VIII,-12.067346,-77.134339,CAT-077,81.9,Copernicus_GLO-90_v2022,Commercial,C,10.87,10.6,CurbInlet,LocalGauge,26.2,50,monitor,0.9370689655172414,0.524,Low Risk
SEG-00834,"Philadelphia, USA",District 4,39.937856,-75.228937,CAT-143,28.33,Copernicus_EEA-10_v5,Roads,B,10.33,65.7,GratedInlet,IMD,35.6,2,monitor,0.15487256371814093,17.8,Low Risk
SEG-00835,"Rotterdam, Netherlands",District 12,51.984869,4.454636,CAT-047,12.3,SRTM_1arc,Residential,B,3.99,91.69999999999999,GratedInlet,LocalGauge,55.2,50,monitor,0.04304207119741101,1.104,Low Risk
SEG-00836,"Kuala Lumpur, Malaysia",Zone VIII,3.24852,101.77501,CAT-089,45.01,SRTM_1arc,Industrial,D,11.51,61.9,OpenChannel,ERA5,73.0,50,monitor,0.18298887122416535,1.46,Low Risk
SEG-00837,"Copenhagen, Denmark",Sector 21,55.631318,12.581618,CAT-086,2.39,SRTM_1arc,Residential,C,8.09,20.6,Manhole,Blended,47.1,50,low_lying|event_2025-05-25,0.374537037037037,0.9420000000000001,Medium Risk
SEG-00838,"Taipei, Taiwan",Ward E,25.08819,121.553027,CAT-110,73.41,Copernicus_EEA-10_v5,Residential,B,3.33,84.2,CurbInlet,ERA5,61.9,2,monitor,0.03908450704225352,30.95,Low Risk
SEG-00839,"Manila, Philippines",Sector 3,14.684029,120.982508,CAT-006,14.78,SRTM_3arc,Informal,A,8.67,109.6,OpenChannel,ERA5,55.8,25,monitor,0.07839059674502713,2.2319999999999998,Low Risk
SEG-00840,"Shenzhen, China",Zone II,22.405906,114.101329,CAT-088,9.54,Copernicus_EEA-10_v5,Commercial,B,6.61,216.0,OpenChannel,ERA5,85.6,10,extreme_rain_history|event_2022-09-24,0.03046082949308756,8.559999999999999,High Risk
SEG-00841,"Brisbane, Australia",District 11,-27.346465,153.009891,CAT-021,65.23,Copernicus_EEA-10_v5,Green,B,3.32,134.6,CurbInlet,IMD,74.8,25,monitor,0.02448377581120944,2.992,Low Risk
SEG-00842,"Chennai, India",District 25,13.234755,80.281603,CAT-045,6.88,Copernicus_GLO-30_v2023,Water,A,5.72,91.69999999999999,OpenChannel,LocalGauge,52.9,25,low_lying,0.06170442286947142,2.116,Medium Risk
SEG-00843,"Ho Chi Minh City, Vietnam",Borough South,10.787952,106.580353,CAT-005,2.07,Copernicus_GLO-90_v2022,Institutional,C,7.41,382.3,CurbInlet,ERA5,46.2,50,low_lying,0.019332115836159666,0.924,Medium Risk
SEG-00844,"Mumbai, India",Borough East,18.936852,72.829707,CAT-148,19.94,Copernicus_GLO-90_v2022,Roads,A,5.04,177.7,OpenChannel,LocalGauge,65.7,10,monitor,0.02820369334079463,6.57,Low Risk
SEG-00845,"Copenhagen, Denmark",Sector 1,55.674157,12.552691,CAT-143,10.95,Copernicus_GLO-30_v2023,Commercial,C,7.49,155.9,CurbInlet,ERA5,39.0,5,monitor,0.047737412364563414,7.8,Low Risk
SEG-00846,"Osaka, Japan",Sector 27,34.668148,135.467984,CAT-111,88.93,Copernicus_GLO-30_v2023,Mixed,B,8.44,31.7,CurbInlet,Blended,26.9,50,monitor,0.2581039755351682,0.5379999999999999,Low Risk
SEG-00847,"Singapore, Singapore",Ward A,1.440947,103.795449,CAT-148,21.63,SRTM_1arc,Roads,A,7.11,147.4,OpenChannel,ERA5,55.2,2,monitor,0.047911051212938004,27.6,Low Risk
SEG-00848,"Rotterdam, Netherlands",Borough Harbor,51.836494,4.494686,CAT-037,13.08,SRTM_1arc,Commercial,D,8.59,96.5,Manhole,ERA5,19.2,10,monitor,0.0881025641025641,1.92,Low Risk
SEG-00849,"Bengaluru, India",Borough North,12.962712,77.613952,CAT-080,25.130000000000003,Copernicus_GLO-30_v2023,Water,A,4.07,19.7,OpenChannel,ERA5,54.2,2,monitor,0.19661835748792272,27.1,Low Risk
SEG-00850,"Pune, India",Ward J,18.662988,74.089304,CAT-139,40.74,Copernicus_GLO-30_v2023,Green,D,6.25,165.8,CurbInlet,ERA5,27.3,25,monitor,0.037470023980815344,1.092,Low Risk
SEG-00851,"Barcelona, Spain",Zone VIII,41.337527,2.162418,CAT-063,-1.72,SRTM_1arc,Roads,A,8.33,98.9,CurbInlet,Blended,41.1,2,low_lying,0.08338338338338339,20.55,Medium Risk
SEG-00852,"Karachi, Pakistan",Ward I,24.892184,67.076192,CAT-069,33.15,Copernicus_EEA-10_v5,Residential,B,5.77,185.0,Manhole,IMD,15.5,100,monitor,0.031021505376344082,0.155,Low Risk
SEG-00853,"Nairobi, Kenya",Borough Delta,-1.390578,36.906604,CAT-114,53.41,SRTM_3arc,Green,C,6.61,688.8,CurbInlet,LocalGauge,42.5,25,monitor,0.009582487677587707,1.7,Low Risk
SEG-00854,"Miami, USA",Sector 26,25.514165,-80.337782,CAT-159,3.91,SRTM_1arc,Roads,D,9.57,33.0,GratedInlet,ERA5,104.2,5,ponding_hotspot|extreme_rain_history|low_lying,0.28147058823529414,20.84,High Risk
SEG-00855,"Seoul, South Korea",Sector 30,37.554769,127.019884,CAT-124,63.2,Copernicus_GLO-30_v2023,Institutional,B,3.57,106.9,GratedInlet,IMD,22.9,2,monitor,0.03308619091751622,11.45,Low Risk
SEG-00856,"Bogotá, Colombia",Ward F,4.72376,-74.159818,CAT-179,-3.0,Copernicus_EEA-10_v5,Residential,B,6.25,96.4,Manhole,ERA5,21.1,50,low_lying,0.06416837782340862,0.42200000000000004,Medium Risk
SEG-00857,"Lima, Peru",Zone IV,-12.017529,-76.983358,CAT-179,31.07,Copernicus_GLO-30_v2023,Roads,B,6.25,20.3,GratedInlet,Blended,30.1,50,monitor,0.2934272300469484,0.602,Low Risk
SEG-00858,"Sydney, Australia",Borough Delta,-33.85822,151.097908,CAT-177,4.43,SRTM_3arc,Green,A,6.25,314.1,OpenChannel,ERA5,26.3,5,low_lying,0.019834973024436684,5.26,Medium Risk
SEG-00859,"New Orleans, USA",Borough Hillside,30.105616,-90.054217,CAT-014,8.17,SRTM_1arc,Commercial,B,4.15,91.69999999999999,OpenChannel,ERA5,27.4,2,monitor,0.04476806903991371,13.7,Low Risk
SEG-00860,"Paris, France",Ward B,48.794752,2.461056,CAT-079,46.27,Copernicus_GLO-30_v2023,Commercial,B,8.49,148.6,GratedInlet,ERA5,29.6,10,monitor,0.056751336898395725,2.96,Low Risk
SEG-00861,"Paris, France",Zone VIII,48.804512,2.353269,CAT-044,79.22,Copernicus_GLO-30_v2023,Residential,C,6.99,154.5,CurbInlet,IMD,33.3,5,monitor,0.044951768488745984,6.659999999999999,Low Risk
SEG-00862,"New York, USA",Borough Old Town,40.686698,-74.090619,CAT-149,67.85,SRTM_1arc,Commercial,B,5.31,142.5,Manhole,ERA5,17.6,5,monitor,0.037003484320557486,3.5200000000000005,Low Risk
SEG-00863,"Ahmedabad, India",Ward G,22.898055,72.540289,CAT-159,73.9,Copernicus_GLO-30_v2023,Green,B,3.76,76.5,GratedInlet,LocalGauge,50.7,10,monitor,0.04851612903225806,5.07,Low Risk
SEG-00864,"Sydney, Australia",Borough West,-33.933994,151.293151,CAT-168,18.09,SRTM_1arc,Institutional,C,4.63,30.0,OpenChannel,LocalGauge,41.1,5,monitor,0.14935483870967742,8.22,Low Risk
SEG-00865,"Mexico City, Mexico",Borough Harbor,19.352517,-99.186477,CAT-173,68.77,Copernicus_GLO-30_v2023,Roads,A,8.68,3.9,CurbInlet,ERA5,46.1,100,monitor,1.7714285714285714,0.461,Low Risk
SEG-00866,"Paris, France",Ward C,48.740994,2.279908,CAT-058,101.21,Copernicus_GLO-30_v2023,Roads,B,4.93,111.4,Manhole,ERA5,26.3,2,monitor,0.043861209964412805,13.15,Low Risk
SEG-00867,"Mumbai, India",Zone VIII,19.087989,72.896894,CAT-059,20.51,SRTM_3arc,Commercial,D,8.35,75.0,Manhole,LocalGauge,58.3,25,monitor,0.10986842105263157,2.332,Low Risk
SEG-00868,"Rio de Janeiro, Brazil",Zone IV,-22.929879,-43.062853,CAT-059,2.8,SRTM_3arc,Residential,A,6.25,1.4,CurbInlet,Blended,58.8,10,low_lying,2.604166666666667,5.88,Medium Risk
SEG-00869,"Tehran, Iran",District 19,35.781993,51.284404,CAT-132,86.53,Copernicus_GLO-30_v2023,Industrial,B,6.34,149.1,OpenChannel,LocalGauge,49.4,50,monitor,0.04223850766155896,0.988,Low Risk
SEG-00870,"San Francisco, USA",District 8,37.725868,-122.370136,CAT-037,199.87,SRTM_1arc,Residential,B,4.02,185.8,OpenChannel,ERA5,15.1,5,monitor,0.021520342612419696,3.02,Low Risk
SEG-00871,"Manila, Philippines",Sector 14,14.523032,121.037338,CAT-095,7.73,Copernicus_GLO-30_v2023,Residential,B,8.41,263.9,OpenChannel,ERA5,65.2,5,low_lying,0.031747829369573426,13.040000000000001,Medium Risk
SEG-00872,"Guangzhou, China",Zone IV,23.018796,113.181516,CAT-015,-3.0,Copernicus_GLO-30_v2023,Roads,B,3.88,163.3,CurbInlet,LocalGauge,71.6,50,ponding_hotspot|low_lying,0.023615337796713327,1.432,High Risk
SEG-00873,"Hamburg, Germany",Ward F,53.574231,9.907241,CAT-017,85.98,SRTM_1arc,Roads,B,10.67,198.8,OpenChannel,ERA5,64.4,5,monitor,0.0534034034034034,12.88,Low Risk
SEG-00874,"Lima, Peru",Zone VIII,-12.097714,-77.149043,CAT-163,40.47,Copernicus_EEA-10_v5,Water,D,5.99,218.3,CurbInlet,ERA5,60.9,2,monitor,0.027314181486548107,30.45,Low Risk
SEG-00875,"Rotterdam, Netherlands",District 6,51.953381,4.489087,CAT-109,5.14,Copernicus_EEA-10_v5,Green,B,5.79,290.9,Manhole,ERA5,19.3,2,low_lying,0.01983556012332991,9.65,Medium Risk
SEG-00876,"New Orleans, USA",Borough West,30.059895,-90.00645,CAT-050,15.63,SRTM_3arc,Mixed,A,7.92,48.4,GratedInlet,LocalGauge,26.8,50,monitor,0.16032388663967612,0.536,Low Risk
SEG-00877,"Pune, India",Sector 19,18.515805,73.893303,CAT-001,69.12,Copernicus_GLO-30_v2023,Commercial,D,9.22,108.4,CurbInlet,ERA5,22.0,10,monitor,0.08427787934186472,2.2,Low Risk
SEG-00878,"Washington DC, USA",Sector 8,38.849125,-77.025252,CAT-126,-3.0,Copernicus_GLO-30_v2023,Green,A,6.88,172.3,Manhole,IMD,51.2,2,low_lying,0.03969994229659549,25.6,Medium Risk
SEG-00879,"Montreal, Canada",Borough Delta,45.378225,-73.588294,CAT-086,112.91,SRTM_1arc,Roads,C,6.66,131.9,Manhole,ERA5,20.3,25,monitor,0.05011286681715575,0.812,Low Risk
SEG-00880,"Riyadh, Saudi Arabia",District 18,24.761389,46.618214,CAT-054,78.55,Copernicus_GLO-30_v2023,Roads,B,6.25,191.1,Manhole,IMD,14.1,2,monitor,0.0325351379489849,7.05,Low Risk
SEG-00881,"Houston, USA",District 1,29.69263,-95.42272,CAT-138,57.47,SRTM_3arc,Institutional,D,7.31,144.8,Manhole,Blended,42.1,5,monitor,0.050137174211248275,8.42,Low Risk
SEG-00882,"Lagos, Nigeria",District 9,6.530401,3.366467,CAT-105,12.85,Copernicus_EEA-10_v5,Green,B,2.34,190.3,OpenChannel,ERA5,58.5,50,sparse_drainage|event_2023-02-13,0.012232096184004181,1.17,Medium Risk
SEG-00883,"Hong Kong, China",Borough Harbor,22.322034,114.254569,CAT-159,1.49,Copernicus_GLO-30_v2023,Green,B,2.01,220.4,CurbInlet,Blended,86.9,25,ponding_hotspot|extreme_rain_history|low_lying|sparse_drainage|event_2022-08-02,0.009078590785907857,3.4760000000000004,High Risk
SEG-00884,"Sao Paulo, Brazil",Zone II,-23.435681,-46.695501,CAT-010,53.23,Copernicus_GLO-90_v2022,Roads,B,6.25,8.5,CurbInlet,Blended,58.5,5,monitor,0.6578947368421053,11.7,Low Risk
SEG-00885,"Hyderabad, India",Zone V,17.409677,78.390015,CAT-050,22.17,SRTM_3arc,Residential,A,6.92,34.6,OpenChannel,ERA5,50.3,25,monitor,0.1943820224719101,2.012,Low Risk
SEG-00886,"Shenzhen, China",Borough West,22.537683,114.035488,CAT-132,-3.0,SRTM_1arc,Residential,B,2.83,74.6,Manhole,Blended,41.2,2,low_lying|sparse_drainage,0.03743386243386244,20.6,Medium Risk
SEG-00887,"Shenzhen, China",Ward K,22.575624,114.043803,CAT-131,3.7,SRTM_3arc,Roads,B,6.15,52.9,OpenChannel,IMD,93.3,5,ponding_hotspot|extreme_rain_history|low_lying,0.11410018552875696,18.66,High Risk
SEG-00888,"Lagos, Nigeria",Sector 30,6.457234,3.406915,CAT-079,12.78,Copernicus_EEA-10_v5,Residential,C,6.43,37.5,Manhole,ERA5,49.8,2,monitor,0.167012987012987,24.9,Low Risk
SEG-00889,"Chennai, India",Borough Old Town,13.157692,80.30691,CAT-056,22.1,Copernicus_GLO-30_v2023,Roads,B,9.23,4.9,Manhole,Blended,91.8,10,extreme_rain_history,1.5644067796610168,9.18,High Risk
SEG-00890,"Delhi, India",Borough South,28.680172,77.118965,CAT-056,28.49,SRTM_1arc,Roads,B,10.16,91.5,Manhole,ERA5,50.5,50,monitor,0.10983783783783783,1.01,Low Risk
SEG-00891,"Istanbul, Türkiye",Ward A,40.973665,28.836225,CAT-004,22.81,Copernicus_GLO-30_v2023,Commercial,B,6.25,127.6,CurbInlet,Blended,16.9,2,monitor,0.04860031104199067,8.45,Low Risk
SEG-00892,"Dubai, UAE",Ward H,25.107066,55.291682,CAT-083,65.18,Copernicus_EEA-10_v5,Industrial,B,9.88,96.8,GratedInlet,IMD,9.9,2,monitor,0.10102249488752557,4.95,Low Risk
SEG-00893,"Hong Kong, China",Zone VIII,22.275331,114.066262,CAT-146,-0.54,Copernicus_GLO-30_v2023,Industrial,B,10.43,287.2,OpenChannel,ERA5,60.2,2,low_lying,0.03619014573213047,30.1,Medium Risk
SEG-00894,"Sao Paulo, Brazil",District 26,-23.607566,-46.65442,CAT-150,25.130000000000003,SRTM_1arc,Residential,B,6.25,214.5,OpenChannel,IMD,79.5,25,monitor,0.029002320185614848,3.18,Low Risk
SEG-00895,"Barcelona, Spain",Zone VII,41.546001,2.149377,CAT-145,22.64,Copernicus_EEA-10_v5,Green,B,1.74,176.1,GratedInlet,IMD,65.3,5,sparse_drainage|event_2024-11-13,0.009824957651044608,13.059999999999999,Medium Risk
SEG-00896,"Shanghai, China",Sector 16,31.350399,121.515148,CAT-106,12.56,Copernicus_EEA-10_v5,Industrial,A,9.53,117.6,GratedInlet,ERA5,23.1,100,monitor,0.08035413153456998,0.231,Low Risk
SEG-00897,"Istanbul, Türkiye",Zone V,40.961125,28.841423,CAT-040,40.81,Copernicus_GLO-30_v2023,Industrial,A,5.46,70.9,GratedInlet,IMD,50.3,5,monitor,0.07593880389429764,10.059999999999999,Low Risk
SEG-00898,"Jakarta, Indonesia",District 9,-6.237599,106.888409,CAT-161,19.91,Copernicus_GLO-30_v2023,Commercial,C,6.27,136.6,GratedInlet,ERA5,26.6,10,monitor,0.04556686046511628,2.66,Low Risk
SEG-00899,"Sydney, Australia",Zone VI,-33.904719,151.081554,CAT-078,14.83,Copernicus_GLO-30_v2023,Informal,B,7.66,55.4,Manhole,IMD,27.7,100,monitor,0.13581560283687943,0.27699999999999997,Low Risk
SEG-00900,"Ahmedabad, India",Sector 20,23.169613,72.618909,CAT-104,37.12,Copernicus_GLO-30_v2023,Institutional,C,5.07,224.6,CurbInlet,ERA5,21.3,5,monitor,0.02247340425531915,4.26,Low Risk
SEG-00901,"Dhaka, Bangladesh",Ward C,23.854322,90.467371,CAT-166,-3.0,Copernicus_GLO-30_v2023,Residential,C,2.5,71.6,OpenChannel,Blended,100.1,50,ponding_hotspot|extreme_rain_history|low_lying|sparse_drainage,0.03443526170798898,2.002,High Risk
SEG-00902,"Bengaluru, India",District 21,12.904517,77.530421,CAT-141,112.99,Copernicus_GLO-30_v2023,Informal,C,8.78,137.7,CurbInlet,ERA5,43.6,2,monitor,0.06330209084354722,21.8,Low Risk
SEG-00903,"Rio de Janeiro, Brazil",Sector 5,-23.033853,-43.101966,CAT-044,2.68,Copernicus_GLO-90_v2022,Industrial,B,6.25,91.69999999999999,Manhole,ERA5,76.6,50,low_lying,0.06742179072276161,1.5319999999999998,Medium Risk
SEG-00904,"Riyadh, Saudi Arabia",Borough Delta,24.776093,46.710111,CAT-103,39.68,Copernicus_EEA-10_v5,Residential,C,4.94,52.0,CurbInlet,IMD,32.3,5,monitor,0.09320754716981133,6.459999999999999,Low Risk
SEG-00905,"London, UK",Zone IX,51.549938,-0.107785,CAT-050,45.56,SRTM_1arc,Residential,A,2.91,50.7,OpenChannel,IMD,47.3,10,sparse_drainage,0.056286266924564794,4.7299999999999995,Medium Risk
SEG-00906,"Houston, USA",Borough Hillside,29.762999,-95.489522,CAT-046,5.62,Copernicus_GLO-90_v2022,Green,B,5.69,316.4,GratedInlet,IMD,55.8,50,low_lying,0.017926906112161314,1.1159999999999999,Medium Risk
SEG-00907,"Bangkok, Thailand",Sector 3,13.779823,100.463987,CAT-119,23.35,SRTM_3arc,Commercial,D,4.94,37.6,CurbInlet,ERA5,78.9,50,monitor,0.12797927461139896,1.578,Low Risk
SEG-00908,"Bogotá, Colombia",Borough North,4.607249,-73.997026,CAT-008,-3.0,Copernicus_GLO-30_v2023,Industrial,D,5.2,32.5,Manhole,ERA5,42.7,5,ponding_hotspot|low_lying,0.15522388059701492,8.540000000000001,High Risk
SEG-00909,"Pune, India",District 27,18.537123,73.914859,CAT-071,82.49,SRTM_1arc,Residential,B,6.25,91.69999999999999,CurbInlet,Blended,32.9,10,monitor,0.06742179072276161,3.29,Low Risk
SEG-00910,"Amsterdam, Netherlands",Borough Harbor,52.392608,4.965928,CAT-084,7.1,SRTM_1arc,Residential,B,5.02,11.8,CurbInlet,ERA5,16.9,2,low_lying,0.39218749999999997,8.45,Medium Risk
SEG-00911,"Amsterdam, Netherlands",Borough Hillside,52.378298,4.913748,CAT-159,6.59,SRTM_1arc,Residential,B,5.93,22.1,CurbInlet,Blended,24.7,2,low_lying,0.25670995670995667,12.35,Medium Risk
SEG-00912,"Amsterdam, Netherlands",Borough Old Town,52.331293,4.853567,CAT-039,-3.0,Copernicus_EEA-10_v5,Commercial,C,9.43,91.69999999999999,CurbInlet,ERA5,10.9,25,low_lying,0.1017259978425027,0.436,Medium Risk
SEG-00913,"Tehran, Iran",Ward E,35.657215,51.380266,CAT-024,110.22,SRTM_1arc,Roads,B,5.67,200.2,CurbInlet,ERA5,43.5,5,monitor,0.028180914512922466,8.7,Low Risk
SEG-00914,"Copenhagen, Denmark",Sector 24,55.672756,12.498374,CAT-016,27.9,Copernicus_GLO-30_v2023,Industrial,A,7.97,17.1,CurbInlet,IMD,34.4,10,monitor,0.44033149171270713,3.44,Low Risk
SEG-00915,"Istanbul, Türkiye",Borough Harbor,40.859385,28.977664,CAT-109,16.67,SRTM_1arc,Institutional,B,4.42,69.7,GratedInlet,IMD,31.8,10,monitor,0.06251768033946252,3.18,Low Risk
SEG-00916,"Buenos Aires, Argentina",Ward F,-34.66872,-58.456992,CAT-061,18.17,Copernicus_GLO-90_v2022,Commercial,B,7.75,91.69999999999999,OpenChannel,Blended,34.5,25,monitor,0.0836030204962244,1.38,Low Risk
SEG-00917,"Tokyo, Japan",Zone VII,35.698295,139.666558,CAT-156,64.94,SRTM_1arc,Roads,D,5.91,453.5,OpenChannel,IMD,52.1,5,monitor,0.013003300330033003,10.42,Low Risk
SEG-00918,"Washington DC, USA",Zone II,38.98458,-77.126841,CAT-048,62.08,SRTM_3arc,Residential,B,4.11,321.9,OpenChannel,ERA5,40.3,2,monitor,0.012728398885103749,20.15,Low Risk
SEG-00919,"Singapore, Singapore",Sector 13,1.414695,103.809052,CAT-094,3.39,Copernicus_GLO-30_v2023,Institutional,B,7.55,296.3,Manhole,LocalGauge,132.7,100,ponding_hotspot|extreme_rain_history|low_lying,0.025395223679784727,1.327,High Risk
SEG-00920,"Delhi, India",Zone VI,28.537309,77.301926,CAT-147,63.14,Copernicus_GLO-30_v2023,Industrial,C,6.11,180.2,OpenChannel,ERA5,24.9,50,monitor,0.033719646799117,0.498,Low Risk
SEG-00921,"Bengaluru, India",Zone X,12.975412,77.553468,CAT-138,43.85,SRTM_1arc,Commercial,B,4.57,110.2,CurbInlet,ERA5,53.9,5,monitor,0.04109712230215828,10.78,Low Risk
SEG-00922,"Paris, France",Sector 1,48.850221,2.351908,CAT-070,49.76,Copernicus_GLO-90_v2022,Roads,C,8.83,79.5,OpenChannel,LocalGauge,37.4,2,monitor,0.10968944099378881,18.7,Low Risk
SEG-00923,"Hanoi, Vietnam",Zone V,20.839309,105.779958,CAT-009,101.14,Copernicus_EEA-10_v5,Roads,D,6.59,92.1,OpenChannel,ERA5,74.0,10,monitor,0.07078410311493019,7.4,Low Risk
SEG-00924,"Bangkok, Thailand",Ward A,13.727791,100.496571,CAT-138,11.32,Copernicus_GLO-90_v2022,Green,D,4.47,132.0,Manhole,IMD,49.7,10,monitor,0.03360902255639098,4.970000000000001,Low Risk
SEG-00925,"Accra, Ghana",District 28,5.588281,-0.260113,CAT-100,3.63,SRTM_1arc,Commercial,C,6.45,1.6,OpenChannel,IMD,79.3,25,ponding_hotspot|low_lying|event_2024-12-24,2.480769230769231,3.1719999999999997,High Risk
SEG-00926,"Montreal, Canada",Borough North,45.503508,-73.499706,CAT-097,15.67,Copernicus_GLO-30_v2023,Industrial,B,8.54,49.5,Manhole,ERA5,41.4,5,monitor,0.1691089108910891,8.28,Low Risk
SEG-00927,"Ho Chi Minh City, Vietnam",District 2,10.756764,106.646767,CAT-025,23.22,SRTM_1arc,Green,D,3.12,375.5,CurbInlet,ERA5,39.3,2,monitor,0.008286852589641434,19.65,Low Risk
SEG-00928,"Houston, USA",Ward I,29.84323,-95.346401,CAT-006,47.8,SRTM_1arc,Residential,B,6.11,21.4,CurbInlet,ERA5,46.6,5,monitor,0.2727678571428572,9.32,Low Risk
SEG-00929,"Athens, Greece",Borough West,37.862792,23.720579,CAT-003,67.2,SRTM_1arc,Roads,D,4.58,31.8,GratedInlet,ERA5,12.6,2,monitor,0.13963414634146343,6.3,Low Risk
SEG-00930,"Paris, France",Sector 26,48.850151,2.34864,CAT-172,59.53,Copernicus_GLO-90_v2022,Residential,B,5.38,69.7,GratedInlet,IMD,49.6,50,monitor,0.07609618104667609,0.992,Low Risk
SEG-00931,"Durban, South Africa",Zone IV,-29.942261,31.043286,CAT-057,40.49,SRTM_3arc,Mixed,B,8.64,123.1,CurbInlet,Blended,38.1,5,monitor,0.06962127316680097,7.62,Low Risk
SEG-00932,"Hyderabad, India",Borough North,17.343763,78.524928,CAT-177,31.41,Copernicus_GLO-30_v2023,Roads,C,5.37,436.0,OpenChannel,IMD,24.2,2,monitor,0.0122883295194508,12.1,Low Risk
SEG-00933,"Auckland, New Zealand",Ward H,-36.825738,174.819888,CAT-007,49.75,SRTM_3arc,Green,A,2.25,413.5,OpenChannel,LocalGauge,34.0,10,sparse_drainage,0.005428226779252111,3.4,Medium Risk
SEG-00934,"Vancouver, Canada",District 8,49.289313,-123.087291,CAT-005,11.79,Copernicus_EEA-10_v5,Water,B,4.25,262.4,Manhole,ERA5,24.1,2,monitor,0.016135155656795748,12.05,Low Risk
SEG-00935,"Manila, Philippines",District 25,14.765753,120.987248,CAT-018,14.09,Copernicus_GLO-30_v2023,Residential,D,6.25,93.4,OpenChannel,ERA5,82.0,50,extreme_rain_history,0.06620762711864406,1.64,High Risk
SEG-00936,"New Orleans, USA",District 24,29.937586,-90.05801,CAT-093,2.9,Copernicus_GLO-30_v2023,Industrial,B,6.92,84.9,Manhole,ERA5,28.9,10,low_lying,0.08055878928987194,2.8899999999999997,Medium Risk
SEG-00937,"San Francisco, USA",Sector 5,37.608937,-122.279155,CAT-028,90.48,SRTM_1arc,Residential,A,6.31,55.3,GratedInlet,LocalGauge,41.3,5,monitor,0.11207815275310835,8.26,Low Risk
SEG-00938,"Doha, Qatar",Zone I,25.287486,51.621283,CAT-039,107.47,SRTM_1arc,Commercial,D,4.64,33.0,CurbInlet,IMD,14.9,25,monitor,0.13647058823529412,0.596,Low Risk
SEG-00939,"Mexico City, Mexico",Sector 7,19.464859,-99.138764,CAT-121,109.67,Copernicus_EEA-10_v5,Industrial,A,9.31,120.4,GratedInlet,LocalGauge,20.7,2,monitor,0.07668863261943987,10.35,Low Risk
SEG-00940,"Washington DC, USA",Ward G,39.003335,-77.123286,CAT-158,59.14,Copernicus_GLO-30_v2023,Residential,B,2.07,2.0,Manhole,Blended,35.7,25,sparse_drainage,0.69,1.4280000000000002,Medium Risk
SEG-00941,"Delhi, India",District 20,28.743897,77.319533,CAT-071,38.04,Copernicus_EEA-10_v5,Green,D,6.9,211.9,GratedInlet,ERA5,45.1,5,monitor,0.032409581963363084,9.02,Low Risk
SEG-00942,"Lima, Peru",Sector 18,-12.112317,-77.182807,CAT-178,25.130000000000003,SRTM_1arc,Commercial,B,8.0,64.0,CurbInlet,ERA5,29.7,10,monitor,0.12307692307692308,2.9699999999999998,Low Risk
SEG-00943,"Washington DC, USA",Zone VIII,38.801725,-76.982915,CAT-051,53.87,Copernicus_GLO-30_v2023,Industrial,B,6.19,11.0,OpenChannel,ERA5,35.1,50,monitor,0.5158333333333334,0.7020000000000001,Low Risk
SEG-00944,"Durban, South Africa",District 13,-29.881087,30.999472,CAT-167,21.16,Copernicus_EEA-10_v5,Green,D,4.55,124.0,CurbInlet,ERA5,90.4,10,extreme_rain_history,0.0364,9.040000000000001,High Risk
SEG-00945,"Hamburg, Germany",Sector 13,53.659498,10.095186,CAT-022,8.26,Copernicus_GLO-30_v2023,Residential,B,4.59,172.4,CurbInlet,ERA5,40.5,10,monitor,0.026470588235294117,4.05,Low Risk
SEG-00946,"Rotterdam, Netherlands",Sector 26,51.853352,4.513923,CAT-165,16.14,SRTM_1arc,Residential,D,6.46,312.2,CurbInlet,ERA5,11.6,2,monitor,0.02062579821200511,5.8,Low Risk
SEG-00947,"London, UK",Sector 23,51.520953,-0.184526,CAT-012,25.130000000000003,Copernicus_EEA-10_v5,Informal,A,9.76,25.3,OpenChannel,IMD,39.9,25,monitor,0.37110266159695815,1.5959999999999999,Low Risk
SEG-00948,"Ho Chi Minh City, Vietnam",Zone VII,10.94311,106.65812,CAT-079,34.8,Copernicus_GLO-30_v2023,Green,B,1.76,257.7,CurbInlet,ERA5,67.7,25,sparse_drainage|event_2023-10-01,0.006803247004252029,2.708,Medium Risk
SEG-00949,"Rome, Italy",Sector 24,41.951726,12.550095,CAT-140,51.05,Copernicus_EEA-10_v5,Roads,C,6.92,125.0,CurbInlet,ERA5,33.5,10,monitor,0.05492063492063492,3.35,Low Risk
SEG-00950,"Nairobi, Kenya",Ward F,-1.341502,36.785666,CAT-080,75.43,SRTM_1arc,Residential,C,8.05,3.2,CurbInlet,ERA5,18.8,5,monitor,1.9166666666666667,3.7600000000000002,Low Risk
SEG-00951,"Auckland, New Zealand",Zone II,-36.912945,174.727732,CAT-174,38.7,SRTM_1arc,Institutional,C,2.75,141.4,GratedInlet,ERA5,37.8,5,sparse_drainage|event_2022-07-29,0.019311797752808987,7.56,Medium Risk
SEG-00952,"Sydney, Australia",Sector 20,-33.892023,151.256871,CAT-098,11.05,Copernicus_GLO-30_v2023,Roads,C,5.57,121.0,OpenChannel,ERA5,21.3,2,monitor,0.045655737704918035,10.65,Low Risk
SEG-00953,"Bogotá, Colombia",District 20,4.683532,-74.094583,CAT-011,76.81,SRTM_1arc,Green,D,2.56,227.9,CurbInlet,LocalGauge,27.7,5,sparse_drainage,0.011183923110528616,5.54,Medium Risk
SEG-00954,"Singapore, Singapore",Ward H,1.436535,103.851633,CAT-083,13.05,SRTM_3arc,Roads,D,9.06,91.69999999999999,OpenChannel,ERA5,71.0,25,monitor,0.09773462783171523,2.84,Low Risk
SEG-00955,"Bengaluru, India",Zone III,12.976419,77.672582,CAT-100,25.130000000000003,SRTM_1arc,Roads,B,6.9,44.5,CurbInlet,ERA5,29.6,5,monitor,0.15164835164835166,5.92,Low Risk
SEG-00956,"Hyderabad, India",Ward K,17.400306,78.42412,CAT-162,0.6,SRTM_1arc,Industrial,A,10.63,112.2,CurbInlet,ERA5,32.7,5,low_lying,0.09390459363957597,6.540000000000001,Medium Risk
SEG-00957,"New York, USA",Borough Central,40.697476,-73.989248,CAT-025,-3.0,SRTM_1arc,Roads,B,5.28,28.1,Manhole,ERA5,37.0,10,low_lying,0.18144329896907216,3.7,Medium Risk
SEG-00958,"Mexico City, Mexico",District 28,19.506972,-99.083452,CAT-053,29.79,Copernicus_GLO-30_v2023,Green,D,6.37,78.2,OpenChannel,ERA5,105.3,100,extreme_rain_history,0.08042929292929293,1.053,High Risk
SEG-00959,"New Orleans, USA",Zone I,30.02893,-90.125852,CAT-004,25.71,SRTM_1arc,Industrial,A,9.35,164.9,OpenChannel,ERA5,30.6,50,monitor,0.0563592525617842,0.612,Low Risk
SEG-00960,"Philadelphia, USA",Sector 24,39.897007,-75.138577,CAT-029,3.21,Copernicus_GLO-30_v2023,Industrial,D,5.29,26.8,CurbInlet,ERA5,15.5,10,low_lying,0.19028776978417267,1.55,Medium Risk
SEG-00961,"Amsterdam, Netherlands",Borough Old Town,52.429427,4.84654,CAT-052,9.15,SRTM_1arc,Commercial,A,5.02,31.6,Manhole,IMD,95.9,25,extreme_rain_history,0.15398773006134966,3.8360000000000003,High Risk
SEG-00962,"Tehran, Iran",Ward E,35.567025,51.338974,CAT-033,165.1,SRTM_3arc,Roads,C,10.45,98.0,Manhole,ERA5,18.1,10,monitor,0.10555555555555556,1.81,Low Risk
SEG-00963,"Washington DC, USA",Sector 21,38.835243,-77.032635,CAT-103,44.84,Copernicus_GLO-30_v2023,Commercial,B,4.86,43.4,OpenChannel,LocalGauge,24.3,25,monitor,0.10945945945945947,0.972,Low Risk
SEG-00964,"Copenhagen, Denmark",Ward G,55.68215,12.620313,CAT-010,46.36,Copernicus_EEA-10_v5,Roads,A,5.78,113.9,Manhole,Blended,67.1,10,monitor,0.05030461270670148,6.709999999999999,Low Risk
SEG-00965,"Accra, Ghana",Ward A,5.593215,-0.123185,CAT-106,21.76,SRTM_1arc,Residential,D,4.71,73.6,CurbInlet,ERA5,104.7,50,extreme_rain_history,0.06313672922252012,2.094,High Risk
SEG-00966,"Auckland, New Zealand",Zone III,-36.770466,174.80051,CAT-037,96.1,SRTM_1arc,Residential,B,2.55,116.6,CurbInlet,ERA5,34.2,5,sparse_drainage,0.021683673469387755,6.840000000000001,Medium Risk
SEG-00967,"Washington DC, USA",Sector 15,38.840094,-77.085936,CAT-101,25.130000000000003,SRTM_1arc,Residential,B,5.8,207.7,OpenChannel,LocalGauge,33.5,5,monitor,0.027791087685673215,6.7,Low Risk
SEG-00968,"Bengaluru, India",Zone II,12.971863,77.499457,CAT-143,19.29,Copernicus_EEA-10_v5,Mixed,C,5.39,102.9,CurbInlet,LocalGauge,45.5,50,monitor,0.05187680461982675,0.91,Low Risk
SEG-00969,"Istanbul, Türkiye",Ward H,40.938883,29.037041,CAT-022,43.22,Copernicus_GLO-30_v2023,Institutional,C,5.25,217.8,OpenChannel,Blended,17.2,2,monitor,0.0239945155393053,8.6,Low Risk
SEG-00970,"Delhi, India",Ward H,28.654352,77.174898,CAT-114,29.64,SRTM_1arc,Green,C,5.97,279.8,CurbInlet,ERA5,50.9,25,monitor,0.021260683760683758,2.036,Low Risk
SEG-00971,"Tehran, Iran",District 13,35.621167,51.457125,CAT-093,95.27,Copernicus_GLO-30_v2023,Commercial,C,9.74,43.2,Manhole,Blended,33.4,10,monitor,0.22036199095022624,3.34,Low Risk
SEG-00972,"Rome, Italy",Zone IV,41.870449,12.537356,CAT-010,81.34,SRTM_1arc,Mixed,C,8.12,81.2,CurbInlet,LocalGauge,33.9,25,monitor,0.09878345498783454,1.3559999999999999,Low Risk
SEG-00973,"Ahmedabad, India",Zone I,22.918461,72.46655,CAT-030,17.29,SRTM_1arc,Residential,D,5.34,141.0,Manhole,Blended,41.3,50,monitor,0.0376056338028169,0.826,Low Risk
SEG-00974,"Dhaka, Bangladesh",Ward F,23.820243,90.445466,CAT-061,28.41,Copernicus_GLO-30_v2023,Residential,B,6.75,100.2,Manhole,LocalGauge,122.8,100,extreme_rain_history,0.06669960474308301,1.228,High Risk
SEG-00975,"Copenhagen, Denmark",Ward D,55.720015,12.625263,CAT-078,86.77,Copernicus_GLO-30_v2023,Roads,B,5.96,111.4,Manhole,ERA5,30.3,25,monitor,0.053024911032028464,1.212,Low Risk
SEG-00976,"San Francisco, USA",Borough Harbor,37.653485,-122.428024,CAT-066,103.7,SRTM_1arc,Green,C,2.59,383.9,Manhole,Blended,21.2,25,sparse_drainage,0.006729020524811639,0.848,Medium Risk
SEG-00977,"Karachi, Pakistan",Borough West,24.994404,66.990375,CAT-135,40.17,Copernicus_GLO-30_v2023,Residential,D,6.3,25.3,GratedInlet,Blended,37.5,25,monitor,0.23954372623574144,1.5,Low Risk
SEG-00978,"Hyderabad, India",District 28,17.330777,78.413597,CAT-091,95.35,SRTM_1arc,Green,B,7.46,77.7,Manhole,ERA5,32.9,2,monitor,0.09479034307496823,16.45,Low Risk
SEG-00979,"Durban, South Africa",Ward K,-29.861286,31.003011,CAT-005,90.1,Copernicus_EEA-10_v5,Green,D,6.77,265.2,CurbInlet,LocalGauge,28.9,25,monitor,0.025432006010518406,1.156,Low Risk
SEG-00980,"Rio de Janeiro, Brazil",District 26,-22.852815,-43.10377,CAT-107,8.57,Copernicus_GLO-30_v2023,Green,C,5.86,273.1,CurbInlet,LocalGauge,46.1,5,monitor,0.021379058737686973,9.22,Low Risk
SEG-00981,"Osaka, Japan",Borough Hillside,34.718116,135.439287,CAT-061,82.8,SRTM_3arc,Commercial,B,6.25,22.9,GratedInlet,ERA5,24.7,25,monitor,0.2615062761506276,0.988,Low Risk
SEG-00982,"Houston, USA",Ward C,29.787057,-95.480957,CAT-160,68.22,Copernicus_GLO-30_v2023,Roads,C,7.4,506.1,CurbInlet,ERA5,37.5,10,monitor,0.014592782488661013,3.75,Low Risk
SEG-00983,"Dhaka, Bangladesh",Ward B,23.709857,90.335245,CAT-155,29.33,Copernicus_EEA-10_v5,Roads,D,6.25,133.0,CurbInlet,LocalGauge,53.0,50,monitor,0.04664179104477612,1.06,Low Risk
SEG-00984,"Athens, Greece",District 14,38.060732,23.814645,CAT-113,64.97,SRTM_3arc,Industrial,D,8.12,203.5,OpenChannel,LocalGauge,72.5,25,monitor,0.03970660146699266,2.9,Low Risk
SEG-00985,"Bogotá, Colombia",District 3,4.820196,-74.087819,CAT-087,-3.0,SRTM_3arc,Roads,B,9.61,28.9,CurbInlet,LocalGauge,14.5,10,low_lying,0.3214046822742475,1.45,Medium Risk
SEG-00986,"Bengaluru, India",Ward C,13.032985,77.525474,CAT-119,107.72,SRTM_1arc,Mixed,C,5.02,51.2,CurbInlet,IMD,15.6,10,monitor,0.09616858237547891,1.56,Low Risk
SEG-00987,"Manila, Philippines",Sector 12,14.559466,120.959337,CAT-161,-3.0,Copernicus_GLO-30_v2023,Roads,A,10.38,18.1,CurbInlet,LocalGauge,37.2,5,low_lying,0.543455497382199,7.44,Medium Risk
SEG-00988,"Philadelphia, USA",Zone IV,39.863444,-75.244375,CAT-083,-3.0,SRTM_3arc,Residential,D,8.19,18.5,CurbInlet,IMD,15.9,2,ponding_hotspot|low_lying|event_2023-06-21,0.42,7.95,High Risk
SEG-00989,"San Francisco, USA",District 15,37.822754,-122.264542,CAT-028,37.82,Copernicus_GLO-30_v2023,Institutional,C,4.79,91.69999999999999,GratedInlet,ERA5,34.0,5,monitor,0.051672060409924496,6.8,Low Risk
SEG-00990,"Philadelphia, USA",Zone VIII,39.877507,-75.219547,CAT-016,55.03,Copernicus_GLO-30_v2023,Residential,C,6.88,87.0,OpenChannel,LocalGauge,31.8,5,monitor,0.07818181818181819,6.36,Low Risk
SEG-00991,"Washington DC, USA",Borough North,38.900106,-77.130974,CAT-052,46.25,Copernicus_GLO-30_v2023,Commercial,B,9.6,66.0,Manhole,Blended,57.0,5,monitor,0.14328358208955225,11.4,Low Risk
SEG-00992,"Dubai, UAE",Ward E,25.244372,55.238492,CAT-172,64.54,Copernicus_GLO-90_v2022,Industrial,C,10.61,48.1,Manhole,IMD,11.0,2,monitor,0.2160896130346232,5.5,Low Risk
SEG-00993,"Kolkata, India",Sector 2,22.502441,88.388195,CAT-125,0.82,Copernicus_GLO-30_v2023,Residential,C,4.02,235.5,OpenChannel,ERA5,19.8,2,low_lying,0.016997885835095136,9.9,Medium Risk
SEG-00994,"Paris, France",Sector 26,48.813754,2.319234,CAT-038,12.78,SRTM_1arc,Green,A,7.69,263.0,Manhole,ERA5,33.5,10,monitor,0.02912878787878788,3.35,Low Risk
SEG-00995,"Auckland, New Zealand",Borough Hillside,-36.877243,174.654183,CAT-136,16.95,Copernicus_GLO-90_v2022,Industrial,B,7.2,4.8,CurbInlet,ERA5,35.0,25,monitor,1.2413793103448276,1.4,Low Risk
SEG-00996,"Singapore, Singapore",Borough Riverside,1.373572,103.885093,CAT-021,-1.56,SRTM_1arc,Residential,C,3.78,37.7,Manhole,ERA5,39.5,10,ponding_hotspot|low_lying|event_2022-06-14,0.09767441860465115,3.95,High Risk
SEG-00997,"Athens, Greece",District 18,37.836354,23.737228,CAT-180,72.08,Copernicus_EEA-10_v5,Roads,D,6.13,59.6,CurbInlet,ERA5,25.2,10,monitor,0.10115511551155115,2.52,Low Risk
SEG-00998,"Cape Town, South Africa",Zone I,-33.911126,18.471533,CAT-085,94.48,SRTM_1arc,Mixed,C,7.79,131.7,GratedInlet,ERA5,23.6,25,monitor,0.058703843255463455,0.9440000000000001,Low Risk
SEG-00999,"Hamburg, Germany",Zone X,53.547843,10.056854,CAT-005,33.59,SRTM_1arc,Commercial,D,6.25,39.1,GratedInlet,ERA5,19.4,5,monitor,0.15586034912718205,3.88,Low Risk
SEG-01000,"Philadelphia, USA",Sector 4,40.176348,-75.167439,CAT-081,53.42,SRTM_1arc,Residential,A,7.52,95.2,CurbInlet,ERA5,29.0,10,monitor,0.07817047817047816,2.9,Low Risk
SEG-01001,"Brisbane, Australia",Sector 22,-27.505958,152.986253,CAT-057,7.31,Copernicus_EEA-10_v5,Commercial,D,5.92,41.4,CurbInlet,Blended,32.6,5,low_lying,0.13962264150943396,6.5200000000000005,Medium Risk
SEG-01002,"Accra, Ghana",District 21,5.530644,-0.199079,CAT-054,10.94,SRTM_1arc,Mixed,B,6.25,60.0,GratedInlet,LocalGauge,82.8,50,extreme_rain_history,0.10245901639344263,1.656,High Risk
SEG-01003,"New Orleans, USA",Sector 5,30.031989,-90.1022,CAT-163,25.97,SRTM_1arc,Industrial,A,6.58,91.69999999999999,Manhole,ERA5,25.2,10,monitor,0.07098166127292342,2.52,Low Risk
SEG-01004,"Houston, USA",Sector 11,29.739922,-95.547153,CAT-034,-3.0,SRTM_3arc,Roads,A,6.98,18.8,Manhole,IMD,28.4,5,low_lying,0.3525252525252525,5.68,Medium Risk
SEG-01005,"Shanghai, China",District 23,31.228349,121.503088,CAT-099,16.21,Copernicus_GLO-30_v2023,Industrial,C,9.21,73.1,Manhole,LocalGauge,40.1,5,monitor,0.12429149797570853,8.02,Low Risk
SEG-01006,"Paris, France",Zone V,48.916056,2.387111,CAT-096,95.38,Copernicus_GLO-30_v2023,Industrial,A,6.25,49.8,Manhole,ERA5,40.4,5,monitor,0.12303149606299213,8.08,Low Risk
SEG-01007,"Miami, USA",Borough Harbor,25.696455,-80.180022,CAT-030,7.38,SRTM_1arc,Roads,C,6.95,322.2,OpenChannel,IMD,88.0,50,extreme_rain_history|low_lying|event_2025-04-14,0.02150371287128713,1.76,High Risk
SEG-01008,"Ahmedabad, India",Zone I,23.031814,72.536613,CAT-121,25.130000000000003,Copernicus_EEA-10_v5,Commercial,D,5.56,116.9,Manhole,ERA5,17.7,5,monitor,0.04715860899067005,3.54,Low Risk
SEG-01009,"Copenhagen, Denmark",Zone VII,55.613956,12.553419,CAT-034,74.74,SRTM_1arc,Commercial,A,6.25,99.7,GratedInlet,ERA5,47.8,10,monitor,0.06206554121151936,4.779999999999999,Low Risk
SEG-01010,"Shenzhen, China",Sector 8,22.603453,113.944284,CAT-163,18.85,SRTM_1arc,Commercial,D,6.94,2.2,GratedInlet,LocalGauge,48.2,5,monitor,2.16875,9.64,Low Risk
SEG-01011,"Osaka, Japan",Zone II,34.618238,135.543634,CAT-173,71.11,SRTM_1arc,Residential,D,8.03,70.0,CurbInlet,ERA5,27.1,100,monitor,0.11309859154929576,0.271,Low Risk
SEG-01012,"Dubai, UAE",Ward E,25.206679,55.297,CAT-020,140.6,SRTM_1arc,Green,B,3.46,91.69999999999999,OpenChannel,ERA5,14.2,10,monitor,0.03732470334412082,1.42,Low Risk
SEG-01013,"Paris, France",Zone V,48.820295,2.362497,CAT-003,-3.0,Copernicus_GLO-30_v2023,Commercial,B,6.01,77.4,CurbInlet,IMD,43.9,25,low_lying|event_2022-06-11,0.07665816326530611,1.756,Medium Risk
SEG-01014,"Seoul, South Korea",Zone I,37.530551,126.942667,CAT-174,38.77,SRTM_3arc,Commercial,D,7.63,75.3,Manhole,IMD,31.7,5,monitor,0.1,6.34,Low Risk
SEG-01015,"Hamburg, Germany",District 6,53.499476,9.987928,CAT-076,35.92,SRTM_1arc,Residential,B,6.25,87.2,Manhole,IMD,24.8,10,monitor,0.07086167800453515,2.48,Low Risk
SEG-01016,"Delhi, India",District 4,28.604522,77.356367,CAT-094,25.130000000000003,Copernicus_GLO-90_v2022,Industrial,C,8.55,204.9,OpenChannel,ERA5,31.7,10,monitor,0.04152501214181642,3.17,Low Risk
SEG-01017,"Mumbai, India",Sector 30,19.046697,72.904096,CAT-094,31.27,SRTM_1arc,Commercial,B,6.3,62.7,Manhole,IMD,57.2,10,monitor,0.0989010989010989,5.720000000000001,Low Risk
SEG-01018,"Rotterdam, Netherlands",Borough West,51.822678,4.548301,CAT-070,24.75,SRTM_3arc,Roads,C,5.6,120.7,GratedInlet,ERA5,35.5,50,monitor,0.046014790468364826,0.71,Low Risk
SEG-01019,"Rotterdam, Netherlands",Sector 18,51.941492,4.557546,CAT-015,-3.0,SRTM_3arc,Roads,A,6.25,91.69999999999999,Manhole,Blended,25.7,5,low_lying,0.06742179072276161,5.14,Medium Risk
SEG-01020,"Philadelphia, USA",Borough West,40.033321,-75.206655,CAT-006,59.75,SRTM_1arc,Residential,D,6.88,299.1,CurbInlet,Blended,16.5,2,monitor,0.022925691436187935,8.25,Low Risk
SEG-01021,"Rio de Janeiro, Brazil",Borough Old Town,-22.982711,-43.168558,CAT-143,7.52,SRTM_3arc,Commercial,B,6.25,255.1,OpenChannel,ERA5,56.6,10,low_lying,0.02440452948067161,5.66,Medium Risk
SEG-01022,"Amsterdam, Netherlands",District 30,52.411967,4.910303,CAT-087,13.61,SRTM_3arc,Roads,C,6.86,7.4,Manhole,ERA5,40.8,2,monitor,0.8166666666666667,20.4,Low Risk
SEG-01023,"Copenhagen, Denmark",Sector 4,55.676038,12.475858,CAT-080,-3.0,Copernicus_GLO-90_v2022,Roads,C,6.58,91.69999999999999,GratedInlet,ERA5,73.0,25,ponding_hotspot|low_lying,0.07098166127292342,2.92,High Risk
SEG-01024,"Houston, USA",Borough Delta,29.875716,-95.365477,CAT-063,-3.0,Copernicus_EEA-10_v5,Commercial,D,7.44,295.1,OpenChannel,IMD,35.1,25,ponding_hotspot|low_lying,0.025126646403242147,1.4040000000000001,High Risk
SEG-01025,"Rio de Janeiro, Brazil",Borough South,-22.734157,-43.078368,CAT-158,6.2,SRTM_1arc,Green,A,6.25,275.3,Manhole,LocalGauge,47.6,100,low_lying,0.022620340209916757,0.47600000000000003,Medium Risk
SEG-01026,"Buenos Aires, Argentina",Zone VII,-34.626511,-58.36969,CAT-131,69.3,Copernicus_GLO-30_v2023,Residential,B,2.14,130.8,GratedInlet,ERA5,30.1,10,sparse_drainage,0.016236722306525037,3.0100000000000002,Medium Risk
SEG-01027,"Ho Chi Minh City, Vietnam",Zone VI,10.783828,106.608651,CAT-131,17.98,Copernicus_EEA-10_v5,Industrial,A,7.5,120.9,CurbInlet,LocalGauge,99.0,25,extreme_rain_history,0.06152584085315833,3.96,High Risk
SEG-01028,"Dubai, UAE",Borough West,25.233784,55.162711,CAT-063,37.56,SRTM_1arc,Roads,A,4.68,58.4,Manhole,Blended,12.3,25,monitor,0.07878787878787878,0.49200000000000005,Low Risk
SEG-01029,"Bangkok, Thailand",Zone IV,13.81983,100.409085,CAT-082,12.11,Copernicus_GLO-90_v2022,Residential,B,6.51,50.0,CurbInlet,LocalGauge,47.3,2,monitor,0.12764705882352942,23.65,Low Risk
SEG-01030,"Athens, Greece",Borough Riverside,37.930266,23.77683,CAT-132,82.35,SRTM_3arc,Industrial,C,8.96,198.0,OpenChannel,LocalGauge,40.5,5,monitor,0.045025125628140705,8.1,Low Risk
SEG-01031,"Doha, Qatar",Zone II,25.212535,51.449438,CAT-178,43.43,Copernicus_GLO-30_v2023,Green,D,6.76,143.4,CurbInlet,ERA5,25.2,2,monitor,0.04681440443213296,12.6,Low Risk
SEG-01032,"Durban, South Africa",District 30,-29.689839,30.931009,CAT-061,88.55,SRTM_1arc,Commercial,D,6.64,86.3,GratedInlet,ERA5,20.7,2,monitor,0.07605956471935853,10.35,Low Risk
SEG-01033,"New York, USA",District 9,40.721325,-73.918089,CAT-121,32.33,SRTM_1arc,Mixed,A,7.45,97.7,GratedInlet,ERA5,58.1,10,monitor,0.07548125633232017,5.8100000000000005,Low Risk
SEG-01034,"London, UK",District 26,51.509335,-0.176816,CAT-070,5.88,SRTM_1arc,Residential,A,4.9,77.5,Manhole,ERA5,28.2,5,low_lying,0.0624203821656051,5.64,Medium Risk
SEG-01035,"Kolkata, India",Zone VII,22.481937,88.384919,CAT-113,-3.0,Copernicus_GLO-30_v2023,Residential,B,7.71,59.1,GratedInlet,ERA5,43.9,2,low_lying,0.12828618968386024,21.95,Medium Risk
SEG-01036,"Colombo, Sri Lanka",District 14,6.892359,79.835083,CAT-120,14.12,Copernicus_EEA-10_v5,Commercial,C,6.9,5.3,GratedInlet,ERA5,38.3,10,monitor,1.0952380952380953,3.8299999999999996,Low Risk
SEG-01037,"Houston, USA",District 10,29.801225,-95.365109,CAT-173,78.33,Copernicus_EEA-10_v5,Roads,A,7.89,33.1,CurbInlet,IMD,16.7,25,monitor,0.23137829912023458,0.6679999999999999,Low Risk
SEG-01038,"Tehran, Iran",Sector 8,35.663378,51.380115,CAT-115,266.7,SRTM_3arc,Industrial,A,5.02,169.3,OpenChannel,ERA5,61.4,10,monitor,0.029477392836171457,6.14,Low Risk
SEG-01039,"Auckland, New Zealand",Borough Riverside,-36.725358,174.693487,CAT-122,31.27,SRTM_3arc,Roads,B,6.25,110.3,Manhole,Blended,15.0,2,monitor,0.05615453728661276,7.5,Low Risk
SEG-01040,"Delhi, India",Borough Central,28.597697,77.14876,CAT-177,16.94,Copernicus_EEA-10_v5,Mixed,D,11.06,14.9,CurbInlet,LocalGauge,31.3,2,monitor,0.6955974842767296,15.65,Low Risk
SEG-01041,"San Francisco, USA",Ward I,37.804709,-122.428751,CAT-054,101.2,SRTM_1arc,Green,D,4.67,226.5,OpenChannel,ERA5,36.3,100,monitor,0.020527472527472525,0.363,Low Risk
SEG-01042,"Accra, Ghana",Zone VIII,5.629864,-0.380004,CAT-159,4.44,SRTM_3arc,Green,B,3.65,91.69999999999999,OpenChannel,LocalGauge,58.7,50,low_lying,0.039374325782092774,1.1740000000000002,Medium Risk
SEG-01043,"Durban, South Africa",Sector 21,-29.875206,30.990429,CAT-160,29.26,SRTM_1arc,Institutional,C,6.25,179.6,OpenChannel,ERA5,38.8,10,monitor,0.03460686600221484,3.88,Low Risk
SEG-01044,"Bangkok, Thailand",Borough West,13.837318,100.451984,CAT-064,2.8,Copernicus_GLO-30_v2023,Commercial,D,5.27,12.5,CurbInlet,ERA5,66.0,25,ponding_hotspot|low_lying|event_2024-07-17,0.3903703703703703,2.64,High Risk
SEG-01045,"Chennai, India",Ward B,13.005119,80.306822,CAT-153,15.33,Copernicus_GLO-90_v2022,Mixed,B,8.46,7.0,GratedInlet,ERA5,49.9,10,monitor,1.0575,4.99,Low Risk
SEG-01046,"San Francisco, USA",Ward I,37.797121,-122.489398,CAT-113,-3.0,Copernicus_GLO-30_v2023,Roads,C,8.44,61.8,CurbInlet,ERA5,23.3,25,low_lying,0.13439490445859872,0.932,Medium Risk
SEG-01047,"Nairobi, Kenya",District 18,-1.307403,36.889173,CAT-101,16.49,Copernicus_GLO-30_v2023,Roads,C,6.25,113.9,Manhole,ERA5,71.1,25,monitor,0.054395126196692775,2.844,Low Risk
SEG-01048,"Manila, Philippines",Zone V,14.599068,120.948872,CAT-153,-3.0,Copernicus_GLO-30_v2023,Roads,D,5.72,32.9,Manhole,LocalGauge,31.6,50,ponding_hotspot|low_lying|event_2023-11-11,0.1687315634218289,0.632,High Risk
SEG-01049,"Kolkata, India",Ward B,22.536239,88.364486,CAT-172,32.93,Copernicus_GLO-30_v2023,Mixed,C,3.92,176.2,CurbInlet,ERA5,18.7,5,monitor,0.02212189616252822,3.7399999999999998,Low Risk
SEG-01050,"Taipei, Taiwan",Zone VIII,24.98884,121.533569,CAT-022,23.07,Copernicus_GLO-30_v2023,Commercial,B,7.9,39.1,OpenChannel,ERA5,50.7,25,monitor,0.1970074812967581,2.028,Low Risk
SEG-01051,"Sydney, Australia",Zone IX,-33.804466,151.281246,CAT-010,12.89,Copernicus_GLO-30_v2023,Residential,B,4.42,77.7,CurbInlet,LocalGauge,48.0,5,monitor,0.05616264294790343,9.6,Low Risk
SEG-01052,"Cape Town, South Africa",Borough East,-33.929127,18.381745,CAT-160,146.51,SRTM_1arc,Commercial,B,6.25,78.5,Manhole,ERA5,53.8,2,monitor,0.07861635220125786,26.9,Low Risk
SEG-01053,"Taipei, Taiwan",Sector 4,25.070587,121.528752,CAT-064,53.17,Copernicus_GLO-30_v2023,Commercial,D,5.61,112.8,CurbInlet,Blended,43.0,50,monitor,0.04929701230228471,0.86,Low Risk
SEG-01054,"Athens, Greece",Ward B,38.069249,23.652526,CAT-175,74.61,SRTM_1arc,Green,A,6.25,4.2,CurbInlet,Blended,20.2,5,monitor,1.2019230769230769,4.04,Low Risk
SEG-01055,"Sao Paulo, Brazil",Zone VIII,-23.529509,-46.441518,CAT-030,90.64,Copernicus_GLO-30_v2023,Commercial,D,8.95,66.3,CurbInlet,ERA5,55.0,25,monitor,0.13298662704309064,2.2,Low Risk
SEG-01056,"Hamburg, Germany",Zone V,53.566865,9.972869,CAT-137,74.27,SRTM_1arc,Residential,C,6.25,186.6,GratedInlet,ERA5,15.8,50,monitor,0.03331556503198294,0.316,Low Risk
SEG-01057,"Amsterdam, Netherlands",Zone IV,52.307896,4.771777,CAT-123,25.130000000000003,SRTM_1arc,Mixed,C,5.36,91.69999999999999,GratedInlet,ERA5,55.8,2,monitor,0.05782092772384036,27.9,Low Risk
SEG-01058,"Lagos, Nigeria",District 12,6.546067,3.256323,CAT-100,8.15,SRTM_3arc,Residential,A,2.18,67.7,Manhole,ERA5,36.9,2,sparse_drainage|event_2023-02-14,0.03173216885007278,18.45,Medium Risk
SEG-01059,"Athens, Greece",Sector 5,37.929545,23.854706,CAT-047,25.130000000000003,Copernicus_GLO-30_v2023,Commercial,A,7.75,152.9,GratedInlet,ERA5,27.8,5,monitor,0.050357374918778425,5.5600000000000005,Low Risk
SEG-01060,"Amsterdam, Netherlands",Zone III,52.256612,4.829554,CAT-049,3.04,Copernicus_GLO-30_v2023,Water,D,6.25,323.6,Manhole,ERA5,36.9,100,low_lying,0.019254467036352432,0.369,Medium Risk
SEG-01061,"Bogotá, Colombia",Sector 21,4.621354,-74.037316,CAT-094,136.1,SRTM_3arc,Roads,C,3.93,133.0,Manhole,ERA5,30.8,5,monitor,0.029328358208955223,6.16,Low Risk
SEG-01062,"Lima, Peru",Borough Central,-12.017418,-77.042791,CAT-091,12.38,Copernicus_EEA-10_v5,Residential,B,7.29,29.3,CurbInlet,IMD,25.4,100,monitor,0.24059405940594059,0.254,Low Risk
SEG-01063,"Buenos Aires, Argentina",Sector 13,-34.675599,-58.35568,CAT-030,92.0,SRTM_1arc,Green,D,4.26,131.7,CurbInlet,LocalGauge,27.5,5,monitor,0.03210248681235871,5.5,Low Risk
SEG-01064,"Ho Chi Minh City, Vietnam",District 6,10.886239,106.718425,CAT-115,72.66,SRTM_1arc,Roads,C,7.0,26.3,CurbInlet,IMD,75.3,25,monitor,0.2564102564102564,3.012,Low Risk
SEG-01065,"Buenos Aires, Argentina",Ward G,-34.612,-58.279973,CAT-003,45.72,SRTM_3arc,Residential,B,6.95,76.0,Manhole,ERA5,35.1,5,monitor,0.09025974025974026,7.0200000000000005,Low Risk
SEG-01066,"Bangkok, Thailand",District 23,13.768683,100.565325,CAT-167,11.42,Copernicus_GLO-30_v2023,Green,A,3.78,248.4,CurbInlet,LocalGauge,68.3,5,monitor,0.01515637530072173,13.66,Low Risk
SEG-01067,"Nairobi, Kenya",Ward D,-1.287728,36.812716,CAT-111,8.29,Copernicus_GLO-30_v2023,Institutional,A,7.07,79.4,OpenChannel,Blended,41.7,2,monitor,0.08793532338308457,20.85,Low Risk
SEG-01068,"Doha, Qatar",Borough Hillside,25.260664,51.547282,CAT-012,70.16,Copernicus_EEA-10_v5,Roads,B,9.91,28.4,GratedInlet,ERA5,23.0,2,monitor,0.3370748299319728,11.5,Low Risk
SEG-01069,"Mumbai, India",Ward H,19.129694,72.896332,CAT-131,10.36,SRTM_1arc,Industrial,B,5.24,30.4,CurbInlet,IMD,73.4,25,monitor,0.16687898089171976,2.9360000000000004,Low Risk
SEG-01070,"Miami, USA",Borough Hillside,25.656611,-80.21304,CAT-091,16.22,SRTM_3arc,Roads,D,6.25,213.1,OpenChannel,IMD,81.2,50,extreme_rain_history,0.029191966370854742,1.624,High Risk
SEG-01071,"Tokyo, Japan",Sector 28,35.709772,139.85643,CAT-056,25.130000000000003,Copernicus_GLO-30_v2023,Commercial,C,7.22,99.5,CurbInlet,LocalGauge,11.0,5,monitor,0.0718407960199005,2.2,Low Risk
SEG-01072,"Cape Town, South Africa",Zone IX,-33.909843,18.499087,CAT-138,171.95,SRTM_3arc,Roads,B,5.95,136.6,GratedInlet,LocalGauge,32.2,25,monitor,0.04324127906976744,1.288,Low Risk
SEG-01073,"Hong Kong, China",Zone VI,22.346661,114.204969,CAT-158,12.26,Copernicus_GLO-90_v2022,Commercial,A,5.12,91.69999999999999,CurbInlet,ERA5,90.4,5,extreme_rain_history,0.05523193096008631,18.080000000000002,High Risk
SEG-01074,"Mexico City, Mexico",Borough Riverside,19.370592,-99.03889,CAT-096,4.76,Copernicus_EEA-10_v5,Roads,B,5.7,64.2,CurbInlet,ERA5,44.7,2,low_lying,0.08742331288343558,22.35,Medium Risk
SEG-01075,"Nairobi, Kenya",Borough Harbor,-1.258043,36.91423,CAT-041,56.93,Copernicus_EEA-10_v5,Commercial,B,6.25,216.4,OpenChannel,ERA5,73.0,5,monitor,0.02874885004599816,14.6,Low Risk
SEG-01076,"Dhaka, Bangladesh",Zone VI,23.874831,90.348137,CAT-060,-3.0,SRTM_3arc,Commercial,C,10.15,78.6,GratedInlet,Blended,83.7,25,ponding_hotspot|extreme_rain_history|low_lying,0.12751256281407036,3.3480000000000003,High Risk
SEG-01077,"Manila, Philippines",Ward E,14.577994,120.882965,CAT-068,4.51,Copernicus_GLO-30_v2023,Commercial,B,7.16,33.5,Manhole,ERA5,49.1,5,low_lying,0.20753623188405798,9.82,Medium Risk
SEG-01078,"Manila, Philippines",Ward F,14.658186,121.074522,CAT-089,7.29,Copernicus_GLO-30_v2023,Industrial,C,5.02,27.0,CurbInlet,IMD,42.3,50,low_lying,0.17928571428571427,0.846,Medium Risk
SEG-01079,"Shenzhen, China",District 28,22.58301,114.102571,CAT-089,23.04,SRTM_3arc,Water,C,5.0,157.2,GratedInlet,LocalGauge,75.6,50,monitor,0.03160556257901391,1.5119999999999998,Low Risk
SEG-01080,"Accra, Ghana",Zone IX,5.680419,-0.120241,CAT-117,11.77,SRTM_1arc,Commercial,C,6.25,16.2,GratedInlet,Blended,71.7,25,monitor,0.36337209302325585,2.8680000000000003,Low Risk
SEG-01081,"San Francisco, USA",Borough North,37.789929,-122.414607,CAT-021,215.05,Copernicus_GLO-30_v2023,Residential,B,6.25,44.3,GratedInlet,Blended,42.7,2,monitor,0.13796909492273732,21.35,Low Risk
SEG-01082,"Jakarta, Indonesia",Sector 28,-6.058511,106.862669,CAT-025,7.61,Copernicus_GLO-30_v2023,Green,B,2.59,282.3,OpenChannel,ERA5,39.1,2,low_lying|sparse_drainage|event_2025-05-17,0.009142252029650546,19.55,Medium Risk
SEG-01083,"Rotterdam, Netherlands",Zone X,51.930353,4.453565,CAT-115,25.130000000000003,Copernicus_GLO-90_v2022,Mixed,C,6.82,29.4,CurbInlet,Blended,34.0,2,monitor,0.22434210526315793,17.0,Low Risk
SEG-01084,"Amsterdam, Netherlands",Zone III,52.511767,4.849415,CAT-128,19.34,Copernicus_GLO-30_v2023,Residential,D,2.75,45.1,GratedInlet,ERA5,68.8,2,sparse_drainage|event_2025-02-13,0.059652928416485895,34.4,Medium Risk
SEG-01085,"Seoul, South Korea",Zone II,37.49049,127.08021,CAT-088,44.75,SRTM_1arc,Roads,B,7.77,416.6,OpenChannel,ERA5,54.6,10,monitor,0.018606321839080456,5.46,Low Risk
SEG-01086,"Barcelona, Spain",Sector 17,41.316869,2.180096,CAT-115,11.8,Copernicus_GLO-90_v2022,Mixed,D,8.49,76.1,GratedInlet,ERA5,36.2,5,monitor,0.11011673151750974,7.24,Low Risk
SEG-01087,"Delhi, India",Borough West,28.491566,77.227151,CAT-027,32.91,Copernicus_GLO-30_v2023,Roads,C,8.06,450.2,CurbInlet,Blended,26.5,10,monitor,0.017863475177304966,2.65,Low Risk
SEG-01088,"Doha, Qatar",Zone V,25.265792,51.537143,CAT-116,4.72,Copernicus_EEA-10_v5,Residential,B,6.25,91.69999999999999,Manhole,ERA5,21.1,25,low_lying,0.06742179072276161,0.8440000000000001,Medium Risk
SEG-01089,"Kolkata, India",District 7,22.597351,88.378658,CAT-061,60.27,SRTM_1arc,Roads,C,8.49,60.5,GratedInlet,ERA5,23.9,100,monitor,0.1380487804878049,0.239,Low Risk
SEG-01090,"Barcelona, Spain",Sector 8,41.372703,2.070023,CAT-029,22.67,Copernicus_GLO-90_v2022,Commercial,A,6.34,250.1,OpenChannel,LocalGauge,50.7,10,monitor,0.025248904818797293,5.07,Low Risk
SEG-01091,"Mexico City, Mexico",District 6,19.432495,-99.191978,CAT-092,31.29,SRTM_3arc,Roads,C,6.19,91.69999999999999,Manhole,ERA5,38.0,5,monitor,0.06677454153182309,7.6,Low Risk
SEG-01092,"Hyderabad, India",District 27,17.459499,78.389815,CAT-009,69.12,SRTM_1arc,Industrial,B,4.66,4.0,Manhole,ERA5,46.9,5,monitor,0.932,9.379999999999999,Low Risk
SEG-01093,"Seoul, South Korea",Zone III,37.55087,127.035131,CAT-116,52.6,SRTM_1arc,Commercial,D,6.25,77.1,CurbInlet,ERA5,24.2,2,monitor,0.08002560819462229,12.1,Low Risk
SEG-01094,"Sao Paulo, Brazil",District 28,-23.494061,-46.609309,CAT-123,20.98,SRTM_1arc,Commercial,A,11.61,91.69999999999999,Manhole,ERA5,39.6,10,monitor,0.12524271844660195,3.96,Low Risk
SEG-01095,"Philadelphia, USA",District 27,39.980375,-75.212532,CAT-102,25.130000000000003,Copernicus_EEA-10_v5,Green,B,2.57,280.3,CurbInlet,LocalGauge,33.9,25,sparse_drainage,0.009136153572698187,1.3559999999999999,Medium Risk
SEG-01096,"Miami, USA",Sector 1,25.772128,-80.233645,CAT-174,5.22,Copernicus_GLO-90_v2022,Green,B,6.2,83.6,CurbInlet,LocalGauge,55.6,25,low_lying,0.07328605200945627,2.224,Medium Risk
SEG-01097,"Rome, Italy",District 30,41.82382,12.530924,CAT-128,78.99,Copernicus_GLO-90_v2022,Green,C,2.75,195.6,Manhole,ERA5,45.8,25,sparse_drainage,0.013987792472024415,1.8319999999999999,Medium Risk
SEG-01098,"Bengaluru, India",Borough Central,13.014629,77.701645,CAT-175,50.4,Copernicus_EEA-10_v5,Water,C,6.03,23.1,GratedInlet,ERA5,53.1,25,monitor,0.25020746887966805,2.124,Low Risk
SEG-01099,"Buenos Aires, Argentina",Ward E,-34.564441,-58.347267,CAT-070,-3.0,Copernicus_GLO-30_v2023,Roads,D,7.01,28.9,CurbInlet,ERA5,67.1,25,ponding_hotspot|low_lying|event_2023-08-17,0.23444816053511705,2.6839999999999997,High Risk
SEG-01100,"Bogotá, Colombia",Ward E,4.715968,-74.127762,CAT-045,206.74,SRTM_1arc,Roads,D,5.75,84.1,CurbInlet,ERA5,34.1,2,monitor,0.06756756756756757,17.05,Low Risk
SEG-01101,"Sao Paulo, Brazil",Ward G,-23.522854,-46.620677,CAT-112,25.33,Copernicus_GLO-30_v2023,Commercial,C,2.86,110.1,GratedInlet,ERA5,68.0,10,sparse_drainage,0.02574257425742574,6.8,Medium Risk
SEG-01102,"Shanghai, China",Borough Riverside,31.251165,121.46156,CAT-064,6.15,SRTM_1arc,Institutional,B,7.75,334.2,CurbInlet,ERA5,56.3,25,low_lying,0.023120525059665872,2.252,Medium Risk
SEG-01103,"Bogotá, Colombia",Borough West,4.785951,-74.061598,CAT-148,207.92,Copernicus_EEA-10_v5,Industrial,C,9.39,91.69999999999999,GratedInlet,ERA5,32.9,25,monitor,0.10129449838187704,1.3159999999999998,Low Risk
SEG-01104,"Buenos Aires, Argentina",Borough West,-34.757794,-58.297773,CAT-179,-3.0,Copernicus_GLO-90_v2022,Industrial,D,10.01,127.7,Manhole,ERA5,30.8,5,ponding_hotspot|low_lying|event_2023-05-11,0.07777777777777778,6.16,High Risk
SEG-01105,"Cape Town, South Africa",District 23,-33.838658,18.467204,CAT-130,-3.0,SRTM_1arc,Roads,C,7.09,56.5,CurbInlet,ERA5,17.2,5,low_lying,0.12330434782608696,3.44,Medium Risk
SEG-01106,"Brisbane, Australia",Sector 8,-27.496909,153.071637,CAT-037,38.4,SRTM_1arc,Roads,B,5.95,74.6,Manhole,Blended,46.0,5,monitor,0.0787037037037037,9.2,Low Risk
SEG-01107,"Auckland, New Zealand",Zone V,-36.942037,174.705568,CAT-106,95.26,Copernicus_GLO-30_v2023,Commercial,A,9.84,4.4,Manhole,Blended,22.4,25,monitor,1.822222222222222,0.8959999999999999,Low Risk
SEG-01108,"Bangkok, Thailand",District 1,13.709283,100.558179,CAT-063,13.54,Copernicus_EEA-10_v5,Residential,B,7.17,78.5,GratedInlet,ERA5,123.7,10,extreme_rain_history,0.09018867924528302,12.370000000000001,High Risk
SEG-01109,"Philadelphia, USA",Borough Hillside,39.859241,-75.12075,CAT-030,66.53,SRTM_1arc,Water,C,5.92,291.4,GratedInlet,Blended,36.8,2,monitor,0.02024623803009576,18.4,Low Risk
SEG-01110,"Karachi, Pakistan",Sector 25,24.91484,66.91399,CAT-120,48.49,Copernicus_GLO-30_v2023,Green,D,6.07,37.8,Manhole,IMD,17.0,2,monitor,0.1564432989690722,8.5,Low Risk
SEG-01111,"San Francisco, USA",Sector 12,37.740146,-122.247176,CAT-035,140.27,Copernicus_GLO-30_v2023,Roads,A,5.66,119.7,Manhole,IMD,20.4,2,monitor,0.04689312344656172,10.2,Low Risk
SEG-01112,"Barcelona, Spain",Sector 6,41.5251,2.137944,CAT-004,6.76,Copernicus_EEA-10_v5,Industrial,C,6.51,20.0,CurbInlet,ERA5,16.4,10,low_lying,0.31,1.64,Medium Risk
SEG-01113,"Osaka, Japan",District 7,34.614552,135.349776,CAT-156,79.22,Copernicus_GLO-30_v2023,Industrial,D,10.3,58.7,Manhole,ERA5,33.8,2,monitor,0.17252931323283083,16.9,Low Risk
SEG-01114,"Houston, USA",Borough Harbor,29.788429,-95.322909,CAT-004,61.66,SRTM_1arc,Residential,B,4.81,101.7,GratedInlet,ERA5,29.4,25,monitor,0.046835443037974676,1.176,Low Risk
SEG-01115,"Shenzhen, China",Borough Riverside,22.558538,114.082194,CAT-048,16.53,Copernicus_GLO-30_v2023,Roads,B,4.47,58.6,Manhole,Blended,44.4,50,monitor,0.075,0.888,Low Risk
SEG-01116,"Shenzhen, China",Ward C,22.540889,114.102755,CAT-002,12.25,Copernicus_EEA-10_v5,Residential,B,3.7,8.6,CurbInlet,ERA5,56.3,25,monitor,0.3854166666666667,2.252,Low Risk
SEG-01117,"Cape Town, South Africa",Sector 1,-33.849295,18.46284,CAT-110,-3.0,Copernicus_GLO-90_v2022,Commercial,A,10.12,157.5,Manhole,LocalGauge,21.4,5,low_lying,0.06384858044164038,4.279999999999999,Medium Risk
SEG-01118,"Washington DC, USA",Ward B,38.853497,-76.88931,CAT-001,62.17,SRTM_3arc,Mixed,A,5.87,183.2,CurbInlet,ERA5,21.5,5,monitor,0.03186753528773073,4.3,Low Risk
SEG-01119,"Hong Kong, China",Borough Hillside,22.338149,114.204633,CAT-003,-0.66,Copernicus_GLO-30_v2023,Mixed,B,4.39,3.8,Manhole,Blended,63.1,25,ponding_hotspot|low_lying,0.9145833333333333,2.524,High Risk
SEG-01120,"Bengaluru, India",Ward B,13.05799,77.484144,CAT-119,-3.0,Copernicus_EEA-10_v5,Mixed,A,8.89,145.1,OpenChannel,ERA5,24.7,10,low_lying,0.06084873374401096,2.4699999999999998,Medium Risk
SEG-01121,"Shanghai, China",Borough Riverside,31.301322,121.458469,CAT-037,18.49,SRTM_3arc,Commercial,A,9.5,160.8,CurbInlet,ERA5,35.5,100,monitor,0.05871446229913473,0.355,Low Risk
SEG-01122,"Doha, Qatar",Ward H,25.439814,51.541682,CAT-003,31.36,SRTM_1arc,Roads,A,10.46,53.4,GratedInlet,ERA5,14.5,50,monitor,0.1922794117647059,0.29,Low Risk
SEG-01123,"Istanbul, Türkiye",Zone V,41.073396,29.025451,CAT-050,36.68,SRTM_3arc,Roads,C,5.98,88.1,CurbInlet,ERA5,27.6,5,monitor,0.06711560044893379,5.5200000000000005,Low Risk
SEG-01124,"Colombo, Sri Lanka",Borough Harbor,7.001239,79.792647,CAT-042,-3.0,SRTM_1arc,Residential,B,3.36,41.5,GratedInlet,LocalGauge,81.7,25,ponding_hotspot|extreme_rain_history|low_lying,0.07905882352941176,3.2680000000000002,High Risk
SEG-01125,"Ho Chi Minh City, Vietnam",Zone VI,10.832647,106.594353,CAT-009,84.21,SRTM_1arc,Roads,C,7.46,128.8,CurbInlet,ERA5,79.6,5,monitor,0.05747303543913713,15.919999999999998,Low Risk
SEG-01126,"Bangkok, Thailand",Borough Central,13.840623,100.56477,CAT-164,25.130000000000003,SRTM_3arc,Mixed,B,8.0,91.69999999999999,OpenChannel,ERA5,37.0,2,monitor,0.08629989212513485,18.5,Low Risk
SEG-01127,"Buenos Aires, Argentina",Zone VIII,-34.579189,-58.399358,CAT-161,101.19,Copernicus_GLO-30_v2023,Commercial,A,6.25,113.1,Manhole,ERA5,34.6,50,monitor,0.054776511831726556,0.6920000000000001,Low Risk
SEG-01128,"Paris, France",Borough South,48.946672,2.427395,CAT-094,20.64,Copernicus_GLO-30_v2023,Commercial,C,5.26,133.1,GratedInlet,ERA5,27.9,5,monitor,0.03922445935868755,5.58,Low Risk
SEG-01129,"Dhaka, Bangladesh",Ward B,23.693511,90.438357,CAT-028,1.04,Copernicus_GLO-30_v2023,Green,B,3.46,137.5,GratedInlet,ERA5,56.3,25,low_lying,0.024981949458483754,2.252,Medium Risk
SEG-01130,"Dhaka, Bangladesh",Borough Harbor,23.881802,90.541463,CAT-087,25.130000000000003,SRTM_1arc,Commercial,C,6.99,31.4,CurbInlet,ERA5,65.6,25,monitor,0.21574074074074076,2.6239999999999997,Low Risk
SEG-01131,"Sao Paulo, Brazil",Sector 30,-23.584633,-46.57009,CAT-136,102.05,SRTM_1arc,Commercial,D,8.25,15.4,CurbInlet,LocalGauge,34.5,2,monitor,0.5030487804878049,17.25,Low Risk
SEG-01132,"Dhaka, Bangladesh",Zone III,23.773729,90.482895,CAT-106,57.54,SRTM_1arc,Informal,A,5.5,91.69999999999999,GratedInlet,Blended,74.5,5,monitor,0.05933117583603021,14.9,Low Risk
SEG-01133,"Buenos Aires, Argentina",Borough Central,-34.629047,-58.353671,CAT-136,37.81,Copernicus_GLO-90_v2022,Roads,A,3.08,93.6,GratedInlet,Blended,39.7,2,monitor,0.03255813953488372,19.85,Low Risk
SEG-01134,"Houston, USA",Borough Old Town,29.604559,-95.310232,CAT-005,5.34,SRTM_3arc,Roads,B,8.97,91.69999999999999,CurbInlet,ERA5,58.6,25,low_lying,0.09676375404530746,2.344,Medium Risk
SEG-01135,"Paris, France",Zone I,48.792233,2.396271,CAT-068,31.05,SRTM_3arc,Commercial,B,6.02,87.5,Manhole,ERA5,46.6,25,monitor,0.06802259887005649,1.864,Low Risk
SEG-01136,"San Francisco, USA",District 1,37.698102,-122.428617,CAT-016,101.16,Copernicus_GLO-30_v2023,Commercial,C,4.45,44.7,Manhole,ERA5,20.0,5,monitor,0.09737417943107221,4.0,Low Risk
SEG-01137,"Ahmedabad, India",Ward F,22.999735,72.739378,CAT-147,10.67,Copernicus_EEA-10_v5,Green,C,6.76,182.6,GratedInlet,ERA5,23.1,5,monitor,0.036819172113289764,4.62,Low Risk
SEG-01138,"Ahmedabad, India",Ward H,22.986481,72.553506,CAT-033,12.9,SRTM_1arc,Residential,D,7.73,142.0,OpenChannel,ERA5,36.3,25,monitor,0.05405594405594406,1.452,Low Risk
SEG-01139,"Bogotá, Colombia",Zone II,4.777081,-74.120164,CAT-150,59.29,Copernicus_EEA-10_v5,Green,B,4.78,62.5,GratedInlet,ERA5,46.2,50,monitor,0.0752755905511811,0.924,Low Risk
SEG-01140,"San Francisco, USA",Borough Riverside,37.845991,-122.501941,CAT-066,26.17,SRTM_1arc,Green,C,6.43,177.0,CurbInlet,ERA5,38.9,50,monitor,0.03612359550561797,0.778,Low Risk
SEG-01141,"San Francisco, USA",Zone V,37.749579,-122.331745,CAT-065,89.31,Copernicus_EEA-10_v5,Commercial,D,6.5,225.4,OpenChannel,ERA5,18.9,25,monitor,0.02871024734982332,0.7559999999999999,Low Risk
SEG-01142,"Copenhagen, Denmark",District 7,55.682857,12.586534,CAT-058,11.48,SRTM_3arc,Residential,B,6.25,147.9,GratedInlet,ERA5,45.3,50,monitor,0.04197447951645399,0.9059999999999999,Low Risk
SEG-01143,"Guangzhou, China",Zone V,23.232045,113.10784,CAT-097,14.73,Copernicus_GLO-30_v2023,Industrial,B,8.38,86.7,CurbInlet,Blended,49.6,100,monitor,0.09555302166476626,0.496,Low Risk
SEG-01144,"Auckland, New Zealand",District 11,-36.856944,174.696706,CAT-092,55.46,Copernicus_GLO-30_v2023,Commercial,A,6.32,68.8,CurbInlet,ERA5,23.1,2,monitor,0.09054441260744986,11.55,Low Risk
SEG-01145,"Rio de Janeiro, Brazil",Zone V,-22.879527,-43.183073,CAT-023,17.21,Copernicus_GLO-30_v2023,Roads,C,7.91,97.4,GratedInlet,LocalGauge,58.4,25,monitor,0.08038617886178862,2.336,Low Risk
SEG-01146,"Philadelphia, USA",Sector 9,39.880331,-75.272589,CAT-024,12.08,Copernicus_GLO-30_v2023,Roads,D,9.81,57.3,Manhole,ERA5,22.4,10,monitor,0.16826758147512866,2.2399999999999998,Low Risk
SEG-01147,"Ho Chi Minh City, Vietnam",District 9,10.768939,106.772404,CAT-046,92.44,Copernicus_GLO-30_v2023,Residential,D,6.42,54.3,OpenChannel,ERA5,61.6,25,monitor,0.11609403254972876,2.464,Low Risk
SEG-01148,"Ahmedabad, India",Ward E,23.06364,72.547515,CAT-103,54.3,SRTM_3arc,Industrial,A,10.9,91.69999999999999,OpenChannel,Blended,18.2,5,monitor,0.11758360302049624,3.6399999999999997,Low Risk
SEG-01149,"New York, USA",Sector 21,40.68658,-73.934226,CAT-156,26.1,Copernicus_GLO-30_v2023,Commercial,B,9.94,39.1,CurbInlet,IMD,35.4,5,monitor,0.2478802992518703,7.08,Low Risk
SEG-01150,"Philadelphia, USA",Sector 25,39.83917,-75.215199,CAT-015,95.49,Copernicus_EEA-10_v5,Commercial,C,9.55,62.0,CurbInlet,LocalGauge,47.0,2,monitor,0.1515873015873016,23.5,Low Risk
SEG-01151,"Philadelphia, USA",Sector 23,39.943112,-75.1756,CAT-147,-3.0,Copernicus_EEA-10_v5,Roads,B,5.33,27.0,CurbInlet,IMD,17.0,2,low_lying,0.19035714285714286,8.5,Medium Risk
SEG-01152,"Doha, Qatar",Zone I,25.199946,51.724874,CAT-030,93.88,Copernicus_GLO-30_v2023,Residential,B,6.28,386.1,CurbInlet,ERA5,14.0,25,monitor,0.0162231981400155,0.56,Low Risk
SEG-01153,"Manila, Philippines",Sector 2,14.503359,121.053581,CAT-044,-0.07,Copernicus_GLO-30_v2023,Residential,C,6.49,36.4,CurbInlet,ERA5,49.7,2,ponding_hotspot|low_lying,0.1735294117647059,24.85,High Risk
SEG-01154,"Riyadh, Saudi Arabia",District 6,24.714689,46.683165,CAT-086,31.85,Copernicus_GLO-30_v2023,Residential,B,3.21,45.9,GratedInlet,LocalGauge,14.1,50,monitor,0.06844349680170576,0.282,Low Risk
SEG-01155,"Pune, India",Zone I,18.521728,73.7889,CAT-119,103.71,Copernicus_GLO-30_v2023,Residential,B,3.39,74.8,Manhole,Blended,19.9,10,monitor,0.04472295514511874,1.9899999999999998,Low Risk
SEG-01156,"Colombo, Sri Lanka",Zone IV,6.967384,79.685941,CAT-081,17.11,SRTM_1arc,Green,A,3.76,311.5,OpenChannel,ERA5,47.7,50,monitor,0.012032,0.9540000000000001,Low Risk
SEG-01157,"Ahmedabad, India",Borough West,22.962895,72.566254,CAT-140,125.51,SRTM_1arc,Commercial,C,2.74,77.9,Manhole,ERA5,16.0,5,sparse_drainage,0.034727503168567805,3.2,Medium Risk
SEG-01158,"Istanbul, Türkiye",Sector 27,40.988631,29.034077,CAT-004,-2.54,Copernicus_GLO-30_v2023,Commercial,B,7.82,77.0,GratedInlet,ERA5,34.5,25,low_lying,0.10025641025641026,1.38,Medium Risk
SEG-01159,"Ho Chi Minh City, Vietnam",District 10,10.856407,106.620472,CAT-109,48.55,Copernicus_GLO-30_v2023,Industrial,A,4.13,115.5,Manhole,ERA5,40.8,2,monitor,0.03545064377682403,20.4,Low Risk
SEG-01160,"Lima, Peru",Borough Harbor,-11.959881,-77.049269,CAT-023,59.97,Copernicus_GLO-30_v2023,Residential,B,4.2,44.4,CurbInlet,ERA5,42.7,25,monitor,0.09251101321585904,1.7080000000000002,Low Risk
SEG-01161,"Hyderabad, India",District 20,17.420398,78.439156,CAT-165,62.55,Copernicus_EEA-10_v5,Commercial,B,8.3,414.8,OpenChannel,ERA5,35.4,2,monitor,0.01996151996151996,17.7,Low Risk
SEG-01162,"New Orleans, USA",Sector 27,29.914586,-90.032522,CAT-125,15.85,Copernicus_EEA-10_v5,Residential,B,6.25,254.1,OpenChannel,ERA5,25.9,10,monitor,0.02450019600156801,2.59,Low Risk
SEG-01163,"Istanbul, Türkiye",District 5,41.089486,28.950703,CAT-033,100.52,SRTM_3arc,Roads,D,6.71,44.5,GratedInlet,ERA5,24.1,2,monitor,0.14747252747252748,12.05,Low Risk
SEG-01164,"New Orleans, USA",District 28,29.893873,-90.011673,CAT-066,-1.54,SRTM_3arc,Mixed,B,9.22,14.5,OpenChannel,ERA5,80.2,25,extreme_rain_history|low_lying|event_2023-01-05,0.5948387096774194,3.208,High Risk
SEG-01165,"Pune, India",Borough Delta,18.486884,73.921768,CAT-118,-2.17,SRTM_1arc,Residential,C,7.17,142.2,GratedInlet,IMD,30.1,5,low_lying,0.05006983240223464,6.0200000000000005,Medium Risk
SEG-01166,"Ho Chi Minh City, Vietnam",District 8,10.695213,106.619548,CAT-080,78.32,SRTM_1arc,Roads,A,7.26,53.9,Manhole,ERA5,36.9,10,monitor,0.13224043715846995,3.69,Low Risk
SEG-01167,"Bengaluru, India",District 4,13.044352,77.540087,CAT-087,49.83,SRTM_1arc,Residential,B,5.88,85.2,CurbInlet,ERA5,37.6,5,monitor,0.06821345707656612,7.5200000000000005,Low Risk
SEG-01168,"Ahmedabad, India",District 4,22.927511,72.390875,CAT-021,105.09,SRTM_1arc,Residential,D,5.05,30.9,CurbInlet,Blended,40.1,50,monitor,0.15830721003134796,0.802,Low Risk
SEG-01169,"Hanoi, Vietnam",Ward J,21.124363,105.753075,CAT-151,19.36,SRTM_1arc,Commercial,B,6.95,6.1,CurbInlet,ERA5,63.8,100,monitor,0.9788732394366197,0.638,Low Risk
SEG-01170,"New Orleans, USA",Sector 4,30.030359,-90.147191,CAT-167,8.96,Copernicus_GLO-30_v2023,Roads,B,7.8,14.2,GratedInlet,ERA5,27.4,5,monitor,0.5131578947368421,5.4799999999999995,Low Risk
SEG-01171,"Tokyo, Japan",Borough Central,35.600976,139.647244,CAT-118,6.73,Copernicus_GLO-30_v2023,Residential,B,5.06,94.6,CurbInlet,Blended,17.7,2,low_lying,0.05292887029288703,8.85,Medium Risk
SEG-01172,"Nairobi, Kenya",Sector 25,-1.29611,36.827874,CAT-018,96.59,SRTM_3arc,Roads,A,9.94,18.3,GratedInlet,Blended,52.5,100,monitor,0.5150259067357512,0.525,Low Risk
SEG-01173,"Kuala Lumpur, Malaysia",Borough North,2.96712,101.702773,CAT-073,16.65,Copernicus_GLO-30_v2023,Roads,A,6.25,441.6,CurbInlet,ERA5,56.2,10,monitor,0.01412110257568911,5.62,Low Risk
SEG-01174,"Bengaluru, India",Borough West,13.031963,77.54686,CAT-017,15.41,Copernicus_EEA-10_v5,Green,B,7.06,91.69999999999999,CurbInlet,ERA5,48.0,50,monitor,0.0761596548004315,0.96,Low Risk
SEG-01175,"Houston, USA",Ward F,29.81638,-95.317252,CAT-038,13.72,SRTM_1arc,Roads,D,9.01,128.7,GratedInlet,ERA5,26.4,50,monitor,0.0694680030840401,0.528,Low Risk
SEG-01176,"Doha, Qatar",Borough Old Town,25.249653,51.513268,CAT-136,56.75,Copernicus_GLO-30_v2023,Green,B,5.12,167.4,CurbInlet,ERA5,28.2,10,monitor,0.030403800475059382,2.82,Low Risk
SEG-01177,"London, UK",District 24,51.523637,-0.090442,CAT-020,78.44,SRTM_1arc,Roads,C,10.44,46.5,CurbInlet,ERA5,54.0,25,monitor,0.2197894736842105,2.16,Low Risk
SEG-01178,"Hong Kong, China",District 21,22.401144,114.092472,CAT-157,-3.0,Copernicus_EEA-10_v5,Industrial,C,7.13,44.3,Manhole,Blended,29.4,2,low_lying|event_2025-04-08,0.15739514348785874,14.7,Medium Risk
SEG-01179,"Jakarta, Indonesia",District 25,-6.283434,106.788739,CAT-103,2.75,Copernicus_GLO-30_v2023,Roads,B,6.8,28.7,GratedInlet,ERA5,54.3,50,low_lying,0.22895622895622897,1.0859999999999999,Medium Risk
SEG-01180,"Barcelona, Spain",Borough Delta,41.399764,2.156793,CAT-090,25.2,Copernicus_EEA-10_v5,Residential,B,6.34,92.7,CurbInlet,ERA5,46.0,5,monitor,0.06766275346851654,9.2,Low Risk
SEG-01181,"Tokyo, Japan",Ward D,35.643635,139.529462,CAT-031,24.72,Copernicus_GLO-30_v2023,Residential,B,4.87,33.2,CurbInlet,ERA5,24.2,10,monitor,0.14239766081871344,2.42,Low Risk
SEG-01182,"Istanbul, Türkiye",District 24,41.056322,28.958126,CAT-134,66.65,Copernicus_GLO-30_v2023,Industrial,C,9.97,5.1,GratedInlet,LocalGauge,38.8,2,monitor,1.6344262295081968,19.4,Low Risk
SEG-01183,"Philadelphia, USA",Sector 12,39.906681,-75.123845,CAT-046,36.76,SRTM_3arc,Commercial,D,8.26,60.6,CurbInlet,ERA5,28.2,2,monitor,0.1340909090909091,14.1,Low Risk
SEG-01184,"Bangkok, Thailand",Borough Delta,13.77988,100.552877,CAT-056,3.37,Copernicus_GLO-90_v2022,Water,D,5.23,477.9,GratedInlet,ERA5,86.3,5,ponding_hotspot|extreme_rain_history|low_lying,0.010920860304865318,17.259999999999998,High Risk
SEG-01185,"Rio de Janeiro, Brazil",District 24,-22.889867,-43.235924,CAT-066,16.99,Copernicus_GLO-30_v2023,Residential,C,2.61,78.5,CurbInlet,IMD,126.1,25,ponding_hotspot|extreme_rain_history|sparse_drainage,0.03283018867924528,5.044,High Risk
SEG-01186,"Athens, Greece",Sector 23,37.965674,23.716268,CAT-031,40.48,Copernicus_EEA-10_v5,Green,B,6.25,102.2,GratedInlet,ERA5,54.1,50,monitor,0.060562015503875966,1.082,Low Risk
SEG-01187,"Dubai, UAE",Sector 22,25.231195,55.344203,CAT-130,5.67,Copernicus_GLO-90_v2022,Industrial,D,9.65,305.2,OpenChannel,ERA5,20.3,2,low_lying,0.03151534944480732,10.15,Medium Risk
SEG-01188,"Mumbai, India",Zone II,18.999089,72.925349,CAT-037,11.91,Copernicus_GLO-30_v2023,Residential,B,7.31,132.1,CurbInlet,Blended,48.5,25,monitor,0.054921111945905335,1.94,Low Risk
SEG-01189,"Delhi, India",Ward G,28.51214,77.296243,CAT-031,87.07,SRTM_1arc,Residential,C,3.1,23.5,CurbInlet,ERA5,52.0,10,monitor,0.12653061224489795,5.2,Low Risk
SEG-01190,"Hanoi, Vietnam",Ward F,21.012153,105.883128,CAT-094,31.27,SRTM_3arc,Informal,A,4.51,44.7,Manhole,ERA5,115.2,100,extreme_rain_history,0.0986870897155361,1.1520000000000001,High Risk
SEG-01191,"Shenzhen, China",Sector 11,22.386978,114.05346,CAT-115,28.04,Copernicus_GLO-30_v2023,Informal,D,5.06,91.69999999999999,GratedInlet,ERA5,32.3,10,monitor,0.05458468176914779,3.2299999999999995,Low Risk
SEG-01192,"Chennai, India",Zone VIII,13.16833,80.216974,CAT-027,5.73,Copernicus_GLO-90_v2022,Water,B,6.25,33.7,Manhole,Blended,76.3,5,low_lying,0.18011527377521613,15.26,Medium Risk
SEG-01193,"Lagos, Nigeria",Zone VIII,6.681175,3.324567,CAT-075,-2.61,Copernicus_GLO-30_v2023,Commercial,B,9.14,40.7,GratedInlet,ERA5,105.1,100,ponding_hotspot|extreme_rain_history|low_lying,0.21918465227817746,1.051,High Risk
SEG-01194,"Riyadh, Saudi Arabia",Borough North,24.676329,46.616799,CAT-063,43.79,Copernicus_GLO-30_v2023,Industrial,D,7.06,18.3,Manhole,ERA5,14.7,5,monitor,0.36580310880829014,2.94,Low Risk
SEG-01195,"Rome, Italy",Ward H,41.911687,12.502315,CAT-036,103.71,Copernicus_GLO-30_v2023,Roads,B,7.71,126.2,Manhole,Blended,37.7,5,monitor,0.06061320754716981,7.540000000000001,Low Risk
SEG-01196,"Sydney, Australia",District 29,-33.866267,151.125037,CAT-103,-0.69,Copernicus_EEA-10_v5,Green,B,1.45,8.7,Manhole,ERA5,39.4,2,low_lying|sparse_drainage,0.14948453608247422,19.7,Medium Risk
SEG-01197,"Ho Chi Minh City, Vietnam",Ward E,10.881839,106.534308,CAT-155,21.23,Copernicus_GLO-90_v2022,Commercial,B,9.14,56.5,OpenChannel,ERA5,117.7,25,extreme_rain_history,0.15895652173913044,4.708,High Risk
SEG-01198,"Philadelphia, USA",Zone V,39.815003,-75.095662,CAT-017,-3.0,SRTM_1arc,Residential,B,3.51,43.3,Manhole,ERA5,30.9,10,ponding_hotspot|low_lying,0.07923250564334086,3.09,High Risk
SEG-01199,"Osaka, Japan",Sector 15,34.620757,135.481819,CAT-070,39.43,SRTM_3arc,Roads,A,6.67,101.1,CurbInlet,ERA5,43.3,2,monitor,0.0653281096963761,21.65,Low Risk
SEG-01200,"Durban, South Africa",Borough Harbor,-29.958124,30.936583,CAT-001,73.98,Copernicus_GLO-30_v2023,Water,D,6.01,193.6,CurbInlet,LocalGauge,17.9,5,monitor,0.030883864337101746,3.5799999999999996,Low Risk
SEG-01201,"Lima, Peru",Zone III,-11.987053,-76.964367,CAT-128,36.84,Copernicus_GLO-90_v2022,Industrial,B,8.47,19.7,Manhole,ERA5,42.7,2,monitor,0.4091787439613527,21.35,Low Risk
SEG-01202,"Bengaluru, India",Sector 7,12.948367,77.623198,CAT-073,25.130000000000003,Copernicus_GLO-30_v2023,Industrial,D,6.74,94.3,GratedInlet,ERA5,56.2,10,monitor,0.07072402938090241,5.62,Low Risk
SEG-01203,"Amsterdam, Netherlands",Sector 20,52.420899,4.899613,CAT-023,14.23,SRTM_1arc,Green,C,6.48,147.8,Manhole,ERA5,53.4,10,monitor,0.043548387096774194,5.34,Low Risk
SEG-01204,"Mumbai, India",Sector 21,19.082327,72.881707,CAT-087,10.54,Copernicus_EEA-10_v5,Institutional,C,6.31,209.8,CurbInlet,ERA5,74.5,100,monitor,0.029933586337760908,0.745,Low Risk
SEG-01205,"Riyadh, Saudi Arabia",Ward C,24.721558,46.6702,CAT-001,18.84,Copernicus_EEA-10_v5,Roads,C,6.25,53.9,Manhole,IMD,7.9,10,monitor,0.11384335154826958,0.79,Low Risk
SEG-01206,"Durban, South Africa",Borough Central,-29.848704,31.01527,CAT-131,59.71,Copernicus_GLO-30_v2023,Residential,B,3.2,386.7,CurbInlet,IMD,15.8,2,monitor,0.008253804488006191,7.9,Low Risk
SEG-01207,"Amsterdam, Netherlands",Sector 10,52.379544,4.908247,CAT-155,-3.0,SRTM_3arc,Commercial,B,9.24,47.3,CurbInlet,ERA5,14.7,100,low_lying,0.19130434782608696,0.147,Medium Risk
SEG-01208,"Taipei, Taiwan",Zone IX,25.042683,121.590499,CAT-022,23.57,Copernicus_GLO-90_v2022,Industrial,D,8.76,90.5,GratedInlet,IMD,37.7,25,monitor,0.09573770491803278,1.508,Low Risk
SEG-01209,"Nairobi, Kenya",District 5,-1.226828,36.91117,CAT-022,51.9,SRTM_1arc,Green,B,1.61,195.7,CurbInlet,IMD,17.8,2,sparse_drainage,0.008185053380782919,8.9,Medium Risk
SEG-01210,"Seoul, South Korea",Ward G,37.587468,127.03977,CAT-126,127.23,Copernicus_GLO-30_v2023,Roads,D,7.67,157.3,OpenChannel,ERA5,21.5,5,monitor,0.048452305748578645,4.3,Low Risk
SEG-01211,"Hong Kong, China",Borough Harbor,22.323141,114.050428,CAT-127,-2.7,SRTM_1arc,Commercial,B,7.92,77.7,Manhole,ERA5,55.0,50,low_lying,0.10063532401524777,1.1,Medium Risk
SEG-01212,"Copenhagen, Denmark",Ward B,55.59991,12.473685,CAT-091,43.16,SRTM_3arc,Industrial,B,6.43,106.2,Manhole,LocalGauge,27.3,5,monitor,0.05998134328358209,5.46,Low Risk
SEG-01213,"Vancouver, Canada",Sector 13,49.349076,-123.156386,CAT-093,-2.52,SRTM_3arc,Industrial,B,6.25,183.0,CurbInlet,ERA5,82.6,10,ponding_hotspot|extreme_rain_history|low_lying,0.033967391304347824,8.26,High Risk
SEG-01214,"Chennai, India",Zone X,13.101241,80.305653,CAT-148,25.130000000000003,SRTM_1arc,Roads,C,10.38,10.6,OpenChannel,ERA5,84.0,5,extreme_rain_history,0.8948275862068966,16.8,High Risk
SEG-01215,"Tehran, Iran",Borough Old Town,35.577267,51.256068,CAT-037,67.21,Copernicus_GLO-90_v2022,Residential,C,4.88,11.6,CurbInlet,ERA5,43.9,50,monitor,0.3873015873015873,0.878,Low Risk
SEG-01216,"Accra, Ghana",Ward H,5.693714,-0.111277,CAT-080,23.84,SRTM_3arc,Mixed,C,7.76,45.4,CurbInlet,IMD,108.7,25,extreme_rain_history,0.16724137931034483,4.348,High Risk
SEG-01217,"Kolkata, India",Ward E,22.654054,88.245119,CAT-161,7.68,SRTM_3arc,Residential,B,6.83,231.6,CurbInlet,IMD,21.8,50,low_lying,0.029363714531384352,0.436,Medium Risk
SEG-01218,"San Francisco, USA",Zone VII,37.633465,-122.371309,CAT-004,154.29,SRTM_1arc,Water,B,6.67,174.9,CurbInlet,LocalGauge,35.7,5,monitor,0.037919272313814666,7.140000000000001,Low Risk
SEG-01219,"Nairobi, Kenya",Zone VI,-1.312233,36.797758,CAT-139,27.38,Copernicus_GLO-90_v2022,Residential,C,4.9,91.4,CurbInlet,ERA5,37.4,5,monitor,0.05303030303030303,7.4799999999999995,Low Risk
SEG-01220,"Dhaka, Bangladesh",District 3,23.796341,90.368085,CAT-049,26.4,Copernicus_GLO-90_v2022,Residential,D,6.25,95.8,CurbInlet,ERA5,72.0,50,monitor,0.06456611570247935,1.44,Low Risk
SEG-01221,"Philadelphia, USA",Sector 16,39.85133,-75.136768,CAT-059,32.8,SRTM_1arc,Roads,B,6.77,91.69999999999999,CurbInlet,ERA5,67.0,2,monitor,0.07303128371089536,33.5,Low Risk
SEG-01222,"Bogotá, Colombia",Sector 23,4.722633,-73.985803,CAT-144,207.02,SRTM_3arc,Mixed,B,6.97,93.8,CurbInlet,LocalGauge,30.6,2,monitor,0.07352320675105485,15.3,Low Risk
SEG-01223,"Rio de Janeiro, Brazil",District 9,-22.93855,-43.299984,CAT-114,-3.0,Copernicus_GLO-90_v2022,Mixed,B,6.25,211.3,OpenChannel,Blended,120.6,2,ponding_hotspot|extreme_rain_history|low_lying,0.02943947244465379,60.3,High Risk
SEG-01224,"Mexico City, Mexico",Zone X,19.374661,-99.166191,CAT-099,29.67,SRTM_3arc,Roads,A,5.01,101.6,GratedInlet,ERA5,51.7,5,monitor,0.04883040935672515,10.34,Low Risk
SEG-01225,"Kolkata, India",Sector 5,22.567573,88.422976,CAT-044,2.67,SRTM_1arc,Commercial,D,8.85,1.1,CurbInlet,LocalGauge,26.0,10,low_lying|event_2023-03-17,4.2142857142857135,2.6,Medium Risk
SEG-01226,"Istanbul, Türkiye",Zone VIII,41.074965,29.002537,CAT-079,50.37,SRTM_1arc,Industrial,D,5.98,7.9,GratedInlet,ERA5,26.8,25,monitor,0.6719101123595506,1.072,Low Risk
SEG-01227,"Taipei, Taiwan",District 7,24.889946,121.60109,CAT-164,37.21,Copernicus_GLO-30_v2023,Roads,B,8.94,38.4,Manhole,ERA5,38.8,10,monitor,0.22690355329949238,3.88,Low Risk
SEG-01228,"Nairobi, Kenya",Ward H,-1.180996,36.862008,CAT-099,25.130000000000003,SRTM_1arc,Roads,D,6.25,23.8,GratedInlet,ERA5,21.7,10,monitor,0.25201612903225806,2.17,Low Risk
SEG-01229,"Durban, South Africa",District 1,-29.869881,31.020632,CAT-164,35.37,Copernicus_GLO-30_v2023,Commercial,C,8.16,64.0,CurbInlet,ERA5,42.7,5,monitor,0.12553846153846154,8.540000000000001,Low Risk
SEG-01230,"Doha, Qatar",Sector 18,25.329228,51.516711,CAT-043,95.61,SRTM_1arc,Residential,D,3.04,96.2,Manhole,ERA5,11.4,2,monitor,0.031275720164609055,5.7,Low Risk
SEG-01231,"Shenzhen, China",Ward A,22.378453,113.97922,CAT-142,-1.35,SRTM_1arc,Mixed,B,9.63,51.9,OpenChannel,IMD,106.9,50,ponding_hotspot|extreme_rain_history|low_lying,0.18204158790170133,2.138,High Risk
SEG-01232,"Tokyo, Japan",Sector 4,35.662771,139.587222,CAT-095,16.38,SRTM_1arc,Roads,D,6.25,102.2,OpenChannel,Blended,24.9,50,monitor,0.060562015503875966,0.498,Low Risk
SEG-01233,"Pune, India",Zone III,18.681591,73.866797,CAT-062,69.01,Copernicus_GLO-30_v2023,Residential,B,6.3,118.3,Manhole,ERA5,53.4,10,monitor,0.05280804694048617,5.34,Low Risk
SEG-01234,"Cape Town, South Africa",District 29,-33.903752,18.415667,CAT-005,26.83,SRTM_3arc,Green,B,6.38,333.6,OpenChannel,LocalGauge,41.1,5,monitor,0.01906754333532576,8.22,Low Risk
SEG-01235,"New York, USA",Zone V,40.606519,-74.051018,CAT-019,46.36,Copernicus_EEA-10_v5,Residential,C,2.73,19.8,GratedInlet,ERA5,30.6,10,sparse_drainage,0.13125,3.06,Medium Risk
SEG-01236,"Kuala Lumpur, Malaysia",District 16,3.167442,101.662094,CAT-171,25.130000000000003,Copernicus_GLO-90_v2022,Green,B,6.72,243.2,Manhole,ERA5,102.3,50,extreme_rain_history,0.027518427518427518,2.046,High Risk
SEG-01237,"Lima, Peru",District 2,-11.999874,-77.080201,CAT-049,71.24,Copernicus_GLO-30_v2023,Residential,D,2.6,150.2,CurbInlet,IMD,26.0,10,sparse_drainage|event_2024-06-28,0.0171957671957672,2.6,Medium Risk
SEG-01238,"Shenzhen, China",Sector 27,22.540616,114.100502,CAT-148,-3.0,Copernicus_GLO-30_v2023,Water,C,6.25,348.6,OpenChannel,ERA5,80.8,5,ponding_hotspot|extreme_rain_history|low_lying,0.01787757437070938,16.16,High Risk
SEG-01239,"Dhaka, Bangladesh",Zone VIII,23.829972,90.514408,CAT-034,103.54,SRTM_1arc,Residential,B,7.37,95.3,CurbInlet,ERA5,57.1,25,monitor,0.07653167185877467,2.2840000000000003,Low Risk
SEG-01240,"Delhi, India",Sector 19,28.673303,77.146035,CAT-117,55.41,Copernicus_GLO-30_v2023,Industrial,B,8.63,84.7,CurbInlet,ERA5,52.2,5,monitor,0.10070011668611435,10.440000000000001,Low Risk
SEG-01241,"Rio de Janeiro, Brazil",Sector 19,-22.868733,-43.216059,CAT-028,-0.99,SRTM_3arc,Residential,A,7.1,375.2,CurbInlet,ERA5,53.5,5,low_lying,0.018872939925571503,10.7,Medium Risk
SEG-01242,"Dubai, UAE",Zone IX,25.235011,55.198855,CAT-098,25.130000000000003,SRTM_1arc,Mixed,C,7.45,83.0,GratedInlet,ERA5,20.6,5,monitor,0.0886904761904762,4.12,Low Risk
SEG-01243,"Miami, USA",Borough Hillside,25.789772,-80.18456,CAT-067,11.23,Copernicus_GLO-30_v2023,Industrial,A,6.19,27.8,CurbInlet,ERA5,86.9,10,extreme_rain_history,0.21493055555555557,8.690000000000001,High Risk
SEG-01244,"Kolkata, India",Zone IX,22.570099,88.440542,CAT-073,25.130000000000003,Copernicus_GLO-30_v2023,Commercial,A,7.69,14.0,GratedInlet,ERA5,21.5,2,monitor,0.5126666666666667,10.75,Low Risk
SEG-01245,"Accra, Ghana",District 4,5.615262,-0.125624,CAT-180,0.07,SRTM_1arc,Residential,D,6.84,362.4,OpenChannel,ERA5,69.1,50,ponding_hotspot|low_lying|event_2023-03-15,0.018822234452394056,1.382,High Risk
SEG-01246,"Chennai, India",Sector 27,13.023705,80.202659,CAT-164,-3.0,SRTM_1arc,Residential,C,7.24,14.3,Manhole,IMD,45.8,50,ponding_hotspot|low_lying|event_2023-08-19,0.47320261437908495,0.9159999999999999,High Risk
SEG-01247,"Manila, Philippines",Borough North,14.615085,120.851105,CAT-079,1.88,SRTM_3arc,Water,B,4.92,123.2,CurbInlet,Blended,49.5,5,low_lying,0.03961352657004831,9.9,Medium Risk
SEG-01248,"Lima, Peru",Zone X,-11.980449,-77.098557,CAT-127,62.62,Copernicus_GLO-30_v2023,Residential,D,6.43,130.6,GratedInlet,ERA5,15.7,100,monitor,0.04886018237082067,0.157,Low Risk
SEG-01249,"Chennai, India",District 3,13.017447,80.209538,CAT-088,-3.0,Copernicus_GLO-30_v2023,Roads,B,3.62,74.9,CurbInlet,ERA5,73.8,10,ponding_hotspot|low_lying|event_2023-07-26,0.04769433465085639,7.38,High Risk
SEG-01250,"Kolkata, India",Sector 17,22.624083,88.335103,CAT-160,54.95,SRTM_3arc,Residential,B,6.24,97.1,CurbInlet,IMD,22.9,25,monitor,0.0636085626911315,0.9159999999999999,Low Risk
SEG-01251,"Rome, Italy",District 19,41.918297,12.596651,CAT-166,58.14,SRTM_1arc,Residential,C,3.75,91.69999999999999,GratedInlet,ERA5,23.7,2,monitor,0.04045307443365696,11.85,Low Risk
SEG-01252,"Accra, Ghana",Borough Old Town,5.638587,-0.232134,CAT-170,9.7,SRTM_3arc,Residential,B,6.15,13.0,GratedInlet,Blended,62.6,10,monitor,0.43928571428571433,6.26,Low Risk
SEG-01253,"Istanbul, Türkiye",District 30,41.115292,28.873608,CAT-036,36.76,Copernicus_GLO-30_v2023,Green,A,3.82,197.1,CurbInlet,IMD,24.9,10,monitor,0.01928319030792529,2.4899999999999998,Low Risk
SEG-01254,"Jakarta, Indonesia",Ward H,-6.170562,106.805685,CAT-049,13.22,SRTM_1arc,Industrial,B,9.1,26.4,Manhole,Blended,93.5,100,extreme_rain_history,0.33211678832116787,0.935,High Risk
SEG-01255,"Colombo, Sri Lanka",Sector 18,6.876262,79.865923,CAT-174,1.7,Copernicus_GLO-30_v2023,Residential,A,6.34,183.0,CurbInlet,LocalGauge,50.3,25,low_lying,0.034456521739130434,2.012,Medium Risk
SEG-01256,"Accra, Ghana",Borough Delta,5.499996,-0.13497,CAT-140,11.57,Copernicus_EEA-10_v5,Commercial,A,6.76,199.8,OpenChannel,ERA5,44.1,2,monitor,0.033665338645418326,22.05,Low Risk
SEG-01257,"Houston, USA",District 28,29.812374,-95.285871,CAT-018,28.2,Copernicus_GLO-30_v2023,Commercial,D,6.25,72.7,Manhole,ERA5,19.3,2,monitor,0.08480325644504749,9.65,Low Risk
SEG-01258,"Miami, USA",Sector 7,25.765581,-80.161092,CAT-008,18.66,Copernicus_GLO-30_v2023,Residential,A,5.52,59.8,CurbInlet,ERA5,39.1,5,monitor,0.09078947368421052,7.82,Low Risk
SEG-01259,"Durban, South Africa",Borough South,-29.966255,30.935253,CAT-122,21.62,Copernicus_GLO-30_v2023,Roads,B,7.24,79.7,CurbInlet,ERA5,28.5,5,monitor,0.08971499380421313,5.7,Low Risk
SEG-01260,"Istanbul, Türkiye",Ward J,41.032421,29.010764,CAT-099,26.84,Copernicus_EEA-10_v5,Industrial,B,9.3,58.6,Manhole,Blended,32.8,5,monitor,0.15604026845637584,6.56,Low Risk
SEG-01261,"Cape Town, South Africa",Ward C,-33.883577,18.394722,CAT-008,112.2,Copernicus_EEA-10_v5,Water,A,3.8,149.5,Manhole,ERA5,54.7,100,monitor,0.025249169435215945,0.547,Low Risk
SEG-01262,"Shenzhen, China",Borough South,22.575391,113.910518,CAT-178,6.91,Copernicus_GLO-90_v2022,Roads,D,10.66,159.4,CurbInlet,ERA5,62.4,10,low_lying,0.06645885286783042,6.24,Medium Risk
SEG-01263,"Rotterdam, Netherlands",Sector 13,52.039614,4.56731,CAT-005,16.79,SRTM_1arc,Green,C,3.82,232.1,OpenChannel,IMD,33.9,2,monitor,0.016387816387816386,16.95,Low Risk
SEG-01264,"Nairobi, Kenya",Ward A,-1.357392,36.818486,CAT-134,-3.0,Copernicus_GLO-30_v2023,Industrial,D,9.61,205.3,OpenChannel,LocalGauge,18.0,25,low_lying,0.046582646631119724,0.72,Medium Risk
SEG-01265,"Riyadh, Saudi Arabia",Ward D,24.687318,46.636402,CAT-064,-3.0,Copernicus_GLO-90_v2022,Residential,C,3.56,2.8,GratedInlet,Blended,13.4,25,ponding_hotspot|low_lying,0.9368421052631579,0.536,High Risk
SEG-01266,"Hyderabad, India",Borough Riverside,17.3143,78.469074,CAT-173,19.69,Copernicus_GLO-30_v2023,Commercial,D,5.62,118.8,Manhole,LocalGauge,19.2,2,monitor,0.046911519198664445,9.6,Low Risk
SEG-01267,"Hyderabad, India",Zone III,17.440364,78.501849,CAT-011,31.91,Copernicus_EEA-10_v5,Industrial,D,5.82,35.9,Manhole,LocalGauge,49.6,2,monitor,0.15772357723577238,24.8,Low Risk
SEG-01268,"Montreal, Canada",Sector 10,45.519755,-73.544297,CAT-028,-3.0,SRTM_1arc,Residential,C,4.11,23.6,CurbInlet,ERA5,35.8,25,ponding_hotspot|low_lying,0.16707317073170733,1.432,High Risk
SEG-01269,"Rotterdam, Netherlands",Zone VI,51.970565,4.480446,CAT-140,9.43,Copernicus_EEA-10_v5,Industrial,B,5.34,91.69999999999999,CurbInlet,ERA5,77.7,25,monitor,0.05760517799352751,3.108,Low Risk
SEG-01270,"Taipei, Taiwan",Zone V,24.935972,121.701897,CAT-006,6.38,Copernicus_EEA-10_v5,Green,B,5.31,244.4,OpenChannel,ERA5,46.7,10,low_lying,0.02163814180929095,4.67,Medium Risk
SEG-01271,"Rotterdam, Netherlands",Borough South,51.860596,4.553773,CAT-067,20.23,SRTM_1arc,Residential,B,2.01,100.5,GratedInlet,ERA5,10.6,5,sparse_drainage,0.01980295566502463,2.12,Medium Risk
SEG-01272,"Manila, Philippines",Borough South,14.672318,120.987996,CAT-006,2.07,SRTM_3arc,Institutional,D,4.65,209.0,GratedInlet,ERA5,110.7,25,ponding_hotspot|extreme_rain_history|low_lying,0.022142857142857145,4.428,High Risk
SEG-01273,"Bogotá, Colombia",Sector 4,4.665849,-74.06816,CAT-051,243.25,SRTM_3arc,Informal,A,4.83,183.3,Manhole,ERA5,62.8,50,monitor,0.0262072707542051,1.256,Low Risk
SEG-01274,"Rio de Janeiro, Brazil",Sector 1,-22.952251,-43.148138,CAT-166,7.97,Copernicus_GLO-90_v2022,Roads,D,5.83,28.1,OpenChannel,LocalGauge,97.7,10,ponding_hotspot|extreme_rain_history|low_lying,0.20034364261168383,9.77,High Risk
SEG-01275,"Cape Town, South Africa",Borough Harbor,-33.927161,18.299559,CAT-007,168.39,SRTM_1arc,Residential,C,7.21,307.6,CurbInlet,Blended,27.2,2,monitor,0.023363577446532727,13.6,Low Risk
SEG-01276,"Bangkok, Thailand",Zone I,13.817782,100.486032,CAT-111,-1.43,SRTM_1arc,Residential,D,6.25,106.6,GratedInlet,ERA5,86.5,50,ponding_hotspot|extreme_rain_history|low_lying,0.05808550185873606,1.73,High Risk
SEG-01277,"Buenos Aires, Argentina",Borough Harbor,-34.564217,-58.207779,CAT-158,77.63,Copernicus_GLO-30_v2023,Residential,D,5.44,6.2,CurbInlet,Blended,33.8,2,monitor,0.7555555555555555,16.9,Low Risk
SEG-01278,"Paris, France",Zone III,48.882927,2.410389,CAT-113,75.07,SRTM_3arc,Roads,C,8.82,193.1,GratedInlet,ERA5,42.1,10,monitor,0.04544049459041731,4.21,Low Risk
SEG-01279,"Bengaluru, India",Borough North,12.931277,77.605341,CAT-018,54.26,SRTM_3arc,Residential,B,6.3,76.8,CurbInlet,LocalGauge,26.6,10,monitor,0.08097686375321336,2.66,Low Risk
SEG-01280,"Nairobi, Kenya",Zone III,-1.145813,36.797676,CAT-120,34.25,SRTM_1arc,Industrial,D,8.48,148.8,Manhole,ERA5,39.6,2,monitor,0.056608811748998664,19.8,Low Risk
SEG-01281,"Brisbane, Australia",District 13,-27.535273,152.995735,CAT-023,75.14,Copernicus_GLO-90_v2022,Industrial,C,6.27,164.4,OpenChannel,LocalGauge,50.9,5,monitor,0.037908101571946795,10.18,Low Risk
SEG-01282,"Bengaluru, India",Sector 1,12.956184,77.56385,CAT-179,83.3,SRTM_3arc,Industrial,B,6.25,192.5,OpenChannel,ERA5,78.4,25,monitor,0.03229974160206718,3.136,Low Risk
SEG-01283,"Kuala Lumpur, Malaysia",District 10,3.080734,101.558443,CAT-005,42.67,Copernicus_GLO-90_v2022,Commercial,C,5.03,27.1,Manhole,Blended,86.0,50,extreme_rain_history,0.1790035587188612,1.72,High Risk
SEG-01284,"Durban, South Africa",District 28,-29.883592,31.13875,CAT-166,83.56,SRTM_1arc,Industrial,B,8.94,8.9,CurbInlet,IMD,24.6,25,monitor,0.903030303030303,0.9840000000000001,Low Risk
SEG-01285,"New York, USA",District 23,40.769971,-73.979319,CAT-088,20.29,Copernicus_GLO-30_v2023,Water,B,6.46,393.9,CurbInlet,Blended,30.8,25,monitor,0.016358571790326668,1.232,Low Risk
SEG-01286,"Istanbul, Türkiye",District 10,40.965267,28.973776,CAT-174,63.25,Copernicus_GLO-30_v2023,Residential,B,2.23,190.0,GratedInlet,ERA5,67.7,2,sparse_drainage|event_2024-01-13,0.011675392670157068,33.85,Medium Risk
SEG-01287,"Montreal, Canada",Sector 12,45.433994,-73.484913,CAT-173,88.33,Copernicus_GLO-30_v2023,Roads,A,3.78,110.3,OpenChannel,IMD,18.6,50,monitor,0.033962264150943396,0.37200000000000005,Low Risk
SEG-01288,"Rome, Italy",Borough Old Town,41.899949,12.453931,CAT-176,107.33,Copernicus_EEA-10_v5,Industrial,A,6.0,352.4,OpenChannel,IMD,27.0,25,monitor,0.01697792869269949,1.08,Low Risk
SEG-01289,"Ho Chi Minh City, Vietnam",Ward K,10.830979,106.581071,CAT-090,60.87,SRTM_1arc,Water,B,6.1,327.8,CurbInlet,ERA5,42.0,5,monitor,0.018552311435523113,8.4,Low Risk
SEG-01290,"Dhaka, Bangladesh",Ward C,23.724277,90.489794,CAT-038,69.39,SRTM_3arc,Industrial,B,5.5,13.1,CurbInlet,ERA5,26.8,2,monitor,0.3900709219858156,13.4,Low Risk
SEG-01291,"Seoul, South Korea",Sector 25,37.584677,127.063875,CAT-106,20.54,SRTM_1arc,Green,B,6.69,153.2,GratedInlet,Blended,42.4,50,monitor,0.04338521400778211,0.848,Low Risk
SEG-01292,"Bogotá, Colombia",Sector 4,4.795654,-74.033713,CAT-124,33.61,Copernicus_GLO-90_v2022,Residential,D,6.6,95.5,Manhole,ERA5,19.6,25,monitor,0.06839378238341969,0.784,Low Risk
SEG-01293,"Manila, Philippines",Sector 16,14.578786,120.966147,CAT-074,25.130000000000003,Copernicus_EEA-10_v5,Commercial,A,7.35,25.7,GratedInlet,LocalGauge,66.3,100,monitor,0.2752808988764045,0.6629999999999999,Low Risk
SEG-01294,"Riyadh, Saudi Arabia",Zone VI,24.702001,46.540927,CAT-026,25.130000000000003,Copernicus_GLO-30_v2023,Green,B,4.47,183.8,Manhole,ERA5,12.3,50,monitor,0.024188311688311686,0.24600000000000002,Low Risk
SEG-01295,"Kuala Lumpur, Malaysia",Sector 15,3.17311,101.681728,CAT-096,89.12,Copernicus_GLO-90_v2022,Green,A,5.1,52.3,GratedInlet,LocalGauge,69.6,50,monitor,0.09568480300187616,1.392,Low Risk
SEG-01296,"Copenhagen, Denmark",Zone IX,55.630915,12.64334,CAT-022,53.12,SRTM_3arc,Residential,D,7.12,71.1,GratedInlet,IMD,20.3,10,monitor,0.09875173370319003,2.0300000000000002,Low Risk
SEG-01297,"Sydney, Australia",Sector 21,-33.895918,151.154166,CAT-011,8.5,Copernicus_EEA-10_v5,Residential,B,4.86,10.2,GratedInlet,Blended,54.5,10,monitor,0.4339285714285715,5.45,Low Risk
SEG-01298,"Amsterdam, Netherlands",District 14,52.273164,4.878607,CAT-069,-3.0,Copernicus_GLO-30_v2023,Commercial,D,7.73,33.2,CurbInlet,ERA5,20.1,2,ponding_hotspot|low_lying|event_2022-09-30,0.2260233918128655,10.05,High Risk
SEG-01299,"Rio de Janeiro, Brazil",Sector 17,-22.99448,-43.289465,CAT-111,-3.0,Copernicus_GLO-30_v2023,Residential,B,2.19,36.6,OpenChannel,ERA5,52.0,2,ponding_hotspot|low_lying|sparse_drainage,0.058244680851063824,26.0,High Risk
SEG-01300,"Dubai, UAE",Borough Old Town,25.299828,55.237903,CAT-107,116.84,Copernicus_GLO-30_v2023,Residential,C,4.78,61.6,GratedInlet,ERA5,10.4,5,monitor,0.07635782747603834,2.08,Low Risk
SEG-01301,"Nairobi, Kenya",Borough North,-1.3392,36.764281,CAT-085,5.96,Copernicus_GLO-30_v2023,Residential,C,3.81,107.2,CurbInlet,LocalGauge,28.5,100,low_lying,0.035212569316081334,0.285,Medium Risk
SEG-01302,"Taipei, Taiwan",District 30,25.10365,121.588294,CAT-165,20.6,SRTM_1arc,Commercial,B,7.82,4.4,CurbInlet,Blended,39.5,2,monitor,1.4481481481481482,19.75,Low Risk
SEG-01303,"Sao Paulo, Brazil",District 24,-23.553697,-46.517365,CAT-110,11.8,SRTM_3arc,Industrial,B,6.32,127.9,Manhole,IMD,38.9,50,monitor,0.049030256012412725,0.778,Low Risk
SEG-01304,"Rome, Italy",Ward C,41.868096,12.422526,CAT-127,63.68,SRTM_3arc,Commercial,B,4.01,17.1,Manhole,ERA5,48.0,100,monitor,0.22154696132596682,0.48,Low Risk
SEG-01305,"Delhi, India",Zone II,28.706883,77.384812,CAT-168,128.68,SRTM_1arc,Residential,B,4.42,147.0,OpenChannel,LocalGauge,41.3,2,monitor,0.029864864864864865,20.65,Low Risk
SEG-01306,"Shenzhen, China",Ward C,22.506622,114.114022,CAT-105,18.35,SRTM_1arc,Industrial,D,8.04,61.5,Manhole,ERA5,34.9,100,monitor,0.12863999999999998,0.349,Low Risk
SEG-01307,"Delhi, India",Ward I,28.618661,77.141702,CAT-097,64.41,SRTM_3arc,Green,D,4.34,47.7,CurbInlet,ERA5,58.1,5,monitor,0.08911704312114989,11.620000000000001,Low Risk
SEG-01308,"Bogotá, Colombia",Sector 14,4.739799,-73.977001,CAT-121,108.92,Copernicus_GLO-30_v2023,Green,B,4.16,57.4,Manhole,ERA5,56.2,2,monitor,0.07123287671232877,28.1,Low Risk
SEG-01309,"Rotterdam, Netherlands",Sector 9,51.87227,4.539728,CAT-109,14.42,Copernicus_GLO-30_v2023,Residential,D,6.25,141.0,CurbInlet,LocalGauge,27.5,5,monitor,0.04401408450704225,5.5,Low Risk
SEG-01310,"Athens, Greece",Borough Delta,37.886633,23.751232,CAT-163,92.33,SRTM_3arc,Commercial,A,6.25,227.5,CurbInlet,ERA5,62.7,25,monitor,0.02735229759299781,2.508,Low Risk
SEG-01311,"Dubai, UAE",Sector 21,25.063237,55.199687,CAT-102,8.81,SRTM_3arc,Roads,D,9.19,43.3,GratedInlet,IMD,16.1,10,monitor,0.20744920993227992,1.61,Low Risk
SEG-01312,"Sao Paulo, Brazil",Ward E,-23.659598,-46.544649,CAT-026,74.78,Copernicus_GLO-30_v2023,Commercial,A,9.16,367.9,OpenChannel,ERA5,72.2,25,monitor,0.024830577392247224,2.888,Low Risk
SEG-01313,"San Francisco, USA",Zone VI,37.759736,-122.375061,CAT-115,-3.0,Copernicus_GLO-30_v2023,Industrial,C,6.25,103.7,GratedInlet,LocalGauge,34.2,2,ponding_hotspot|low_lying,0.059694364851957976,17.1,High Risk
SEG-01314,"Rotterdam, Netherlands",Ward G,51.972605,4.583407,CAT-134,16.16,SRTM_1arc,Industrial,A,5.75,91.69999999999999,CurbInlet,ERA5,25.9,2,monitor,0.06202804746494068,12.95,Low Risk
SEG-01315,"New Orleans, USA",District 14,29.986545,-90.1272,CAT-112,-3.0,Copernicus_GLO-90_v2022,Residential,B,8.28,336.1,OpenChannel,LocalGauge,67.2,5,low_lying,0.02456244437852269,13.440000000000001,Medium Risk
SEG-01316,"Istanbul, Türkiye",Sector 6,41.06223,29.035667,CAT-096,20.47,Copernicus_GLO-30_v2023,Roads,C,7.94,106.9,GratedInlet,ERA5,29.3,10,monitor,0.07358665430954588,2.93,Low Risk
SEG-01317,"Philadelphia, USA",Ward G,39.883157,-75.099782,CAT-057,9.08,Copernicus_GLO-90_v2022,Residential,B,5.35,1.9,CurbInlet,ERA5,26.3,10,monitor,1.8448275862068966,2.63,Low Risk
SEG-01318,"Dhaka, Bangladesh",Borough East,23.851134,90.49994,CAT-018,7.06,Copernicus_GLO-90_v2022,Roads,B,6.47,160.1,OpenChannel,LocalGauge,41.3,2,low_lying,0.04016139044072005,20.65,Medium Risk
SEG-01319,"Philadelphia, USA",Ward E,39.972205,-75.071289,CAT-057,3.33,Copernicus_EEA-10_v5,Commercial,B,8.96,131.0,GratedInlet,Blended,20.2,5,low_lying,0.06787878787878789,4.04,Medium Risk
SEG-01320,"Lagos, Nigeria",District 27,6.740203,3.432489,CAT-125,6.97,Copernicus_GLO-30_v2023,Commercial,D,8.47,267.5,OpenChannel,IMD,33.6,5,low_lying,0.031545623836126635,6.720000000000001,Medium Risk
SEG-01321,"Auckland, New Zealand",Sector 12,-36.908361,174.833148,CAT-107,78.21,Copernicus_GLO-30_v2023,Roads,C,12.07,50.9,CurbInlet,Blended,22.2,2,monitor,0.2325626204238921,11.1,Low Risk
SEG-01322,"Bogotá, Colombia",Zone V,4.685281,-74.009741,CAT-002,-3.0,SRTM_3arc,Institutional,A,3.14,516.7,CurbInlet,ERA5,38.9,2,low_lying,0.006065288777284141,19.45,Medium Risk
SEG-01323,"Taipei, Taiwan",District 13,25.072586,121.637115,CAT-107,60.97,Copernicus_EEA-10_v5,Water,D,2.22,161.8,Manhole,LocalGauge,40.3,2,sparse_drainage,0.013636363636363637,20.15,Medium Risk
SEG-01324,"Lagos, Nigeria",District 6,6.462764,3.327888,CAT-011,11.1,SRTM_1arc,Residential,D,5.92,365.1,CurbInlet,ERA5,62.3,10,monitor,0.016170445233542746,6.2299999999999995,Low Risk
SEG-01325,"Bengaluru, India",Ward I,13.03767,77.547337,CAT-079,-3.0,SRTM_1arc,Roads,B,8.06,99.7,CurbInlet,ERA5,56.2,5,ponding_hotspot|low_lying|event_2024-08-19,0.08003972194637538,11.24,High Risk
SEG-01326,"Lima, Peru",Ward G,-12.076004,-76.937523,CAT-029,113.79,Copernicus_GLO-30_v2023,Green,C,4.34,337.2,OpenChannel,LocalGauge,48.6,10,monitor,0.01283264340626848,4.86,Low Risk
SEG-01327,"London, UK",Borough Central,51.516063,-0.109523,CAT-012,72.41,Copernicus_EEA-10_v5,Commercial,D,9.71,246.9,OpenChannel,LocalGauge,11.6,50,monitor,0.03916901976603469,0.23199999999999998,Low Risk
SEG-01328,"Karachi, Pakistan",Sector 26,24.788221,67.041661,CAT-018,156.8,SRTM_1arc,Residential,A,7.32,40.3,OpenChannel,ERA5,28.8,25,monitor,0.1772397094430993,1.1520000000000001,Low Risk
SEG-01329,"Miami, USA",Ward F,25.678955,-80.195459,CAT-068,6.54,Copernicus_GLO-30_v2023,Green,A,2.61,334.6,OpenChannel,Blended,92.7,25,extreme_rain_history|low_lying|sparse_drainage,0.0077771156138259825,3.708,High Risk
SEG-01330,"Rio de Janeiro, Brazil",District 1,-22.97038,-43.147973,CAT-072,7.95,Copernicus_GLO-30_v2023,Roads,B,4.8,91.69999999999999,CurbInlet,ERA5,76.2,50,low_lying,0.05177993527508091,1.524,Medium Risk
SEG-01331,"Buenos Aires, Argentina",Sector 1,-34.690929,-58.472918,CAT-078,67.7,SRTM_1arc,Institutional,D,5.97,211.3,CurbInlet,ERA5,42.7,2,monitor,0.028120584079133298,21.35,Low Risk
SEG-01332,"Accra, Ghana",District 5,5.63754,-0.337666,CAT-129,-3.0,SRTM_1arc,Institutional,D,6.25,169.1,GratedInlet,LocalGauge,30.0,5,ponding_hotspot|low_lying|event_2022-11-06,0.036743092298647854,6.0,High Risk
SEG-01333,"Lagos, Nigeria",Sector 22,6.496754,3.2258,CAT-024,19.88,Copernicus_EEA-10_v5,Commercial,D,4.96,102.6,CurbInlet,ERA5,57.9,50,monitor,0.04787644787644788,1.158,Low Risk
SEG-01334,"Sydney, Australia",District 12,-33.821223,151.242238,CAT-004,12.06,Copernicus_GLO-30_v2023,Commercial,D,10.14,75.9,OpenChannel,ERA5,15.9,10,monitor,0.1318595578673602,1.59,Low Risk
SEG-01335,"Accra, Ghana",Zone II,5.624536,-0.155344,CAT-074,9.3,Copernicus_GLO-30_v2023,Roads,D,6.25,163.7,GratedInlet,LocalGauge,75.8,100,ponding_hotspot,0.0379477838494232,0.758,High Risk
SEG-01336,"Ho Chi Minh City, Vietnam",Sector 1,10.913843,106.692256,CAT-005,87.45,SRTM_1arc,Residential,A,5.72,100.1,GratedInlet,LocalGauge,35.2,2,monitor,0.056577645895153315,17.6,Low Risk
SEG-01337,"Istanbul, Türkiye",District 30,41.037388,28.913724,CAT-007,-3.0,SRTM_1arc,Roads,A,6.25,48.1,Manhole,ERA5,38.1,2,low_lying,0.12729124236252545,19.05,Medium Risk
SEG-01338,"Colombo, Sri Lanka",Borough Hillside,6.970116,79.799655,CAT-001,-0.62,SRTM_3arc,Mixed,D,8.31,131.2,GratedInlet,LocalGauge,108.5,50,ponding_hotspot|extreme_rain_history|low_lying,0.06285930408472012,2.17,High Risk
SEG-01339,"Lagos, Nigeria",Sector 5,6.519986,3.250363,CAT-175,5.12,Copernicus_GLO-30_v2023,Roads,C,6.25,110.2,CurbInlet,ERA5,58.4,10,low_lying,0.05620503597122302,5.84,Medium Risk
SEG-01340,"Rio de Janeiro, Brazil",District 20,-22.908434,-43.127816,CAT-171,19.18,Copernicus_EEA-10_v5,Roads,B,6.61,52.3,Manhole,ERA5,47.3,25,monitor,0.12401500938086306,1.892,Low Risk
SEG-01341,"Sao Paulo, Brazil",Borough Delta,-23.488406,-46.773103,CAT-108,92.58,Copernicus_EEA-10_v5,Commercial,A,6.91,48.3,CurbInlet,ERA5,81.6,100,extreme_rain_history,0.14016227180527385,0.816,High Risk
SEG-01342,"Paris, France",Ward B,48.849606,2.385015,CAT-106,19.04,Copernicus_GLO-90_v2022,Residential,C,6.4,83.5,CurbInlet,ERA5,52.9,10,monitor,0.0757396449704142,5.29,Low Risk
SEG-01343,"Buenos Aires, Argentina",District 25,-34.531435,-58.258446,CAT-071,25.130000000000003,Copernicus_EEA-10_v5,Roads,D,10.54,21.8,Manhole,LocalGauge,47.2,2,monitor,0.4622807017543859,23.6,Low Risk
SEG-01344,"Sydney, Australia",Sector 19,-33.785383,151.240146,CAT-142,14.37,SRTM_3arc,Water,A,2.95,81.0,Manhole,ERA5,30.5,5,sparse_drainage,0.035975609756097565,6.1,Medium Risk
SEG-01345,"Bangkok, Thailand",Borough North,13.7912,100.565226,CAT-069,8.42,SRTM_1arc,Commercial,C,10.14,2.7,OpenChannel,ERA5,69.1,50,monitor,2.7405405405405405,1.382,Low Risk
SEG-01346,"Pune, India",Sector 5,18.463089,73.845764,CAT-089,27.52,Copernicus_GLO-30_v2023,Commercial,D,6.61,91.69999999999999,CurbInlet,ERA5,33.6,100,monitor,0.07130528586839267,0.336,Low Risk
SEG-01347,"Dhaka, Bangladesh",Sector 21,23.757949,90.356042,CAT-103,25.130000000000003,SRTM_1arc,Roads,B,6.98,62.1,GratedInlet,IMD,134.7,50,extreme_rain_history,0.11061806656101426,2.694,High Risk
SEG-01348,"Doha, Qatar",Ward H,25.335047,51.58992,CAT-151,64.53,SRTM_1arc,Industrial,C,6.31,69.0,CurbInlet,Blended,17.2,2,monitor,0.09014285714285714,8.6,Low Risk
SEG-01349,"Copenhagen, Denmark",Ward D,55.710055,12.513682,CAT-170,75.66,SRTM_1arc,Green,B,6.25,119.2,OpenChannel,ERA5,30.5,2,monitor,0.051996672212978365,15.25,Low Risk
SEG-01350,"Barcelona, Spain",Borough Harbor,41.445723,2.154841,CAT-072,10.23,SRTM_1arc,Commercial,D,5.76,123.4,OpenChannel,ERA5,25.6,10,monitor,0.04630225080385852,2.56,Low Risk
SEG-01351,"Dhaka, Bangladesh",Sector 10,23.84048,90.430896,CAT-110,-3.0,Copernicus_GLO-30_v2023,Commercial,C,5.63,103.0,Manhole,ERA5,44.7,25,ponding_hotspot|low_lying|event_2023-10-31,0.054134615384615385,1.788,High Risk
SEG-01352,"San Francisco, USA",Ward K,37.806331,-122.39674,CAT-067,59.78,Copernicus_GLO-30_v2023,Roads,B,6.25,69.1,CurbInlet,ERA5,43.6,2,monitor,0.0891583452211127,21.8,Low Risk
SEG-01353,"Hanoi, Vietnam",Zone IV,20.962732,105.806597,CAT-166,69.93,SRTM_1arc,Roads,A,7.42,47.3,Manhole,ERA5,83.8,10,extreme_rain_history,0.1536231884057971,8.379999999999999,High Risk
SEG-01354,"Hong Kong, China",District 8,22.322486,114.298038,CAT-036,9.73,SRTM_3arc,Residential,C,6.65,71.7,CurbInlet,IMD,67.8,25,monitor,0.09147180192572214,2.7119999999999997,Low Risk
SEG-01355,"Lagos, Nigeria",Zone X,6.572411,3.44056,CAT-167,21.62,Copernicus_GLO-30_v2023,Commercial,B,5.36,63.2,OpenChannel,Blended,76.8,50,monitor,0.08348909657320873,1.536,Low Risk
SEG-01356,"Istanbul, Türkiye",District 18,40.909137,28.925473,CAT-153,18.23,SRTM_1arc,Residential,A,5.26,306.4,CurbInlet,ERA5,40.2,2,monitor,0.017111255692908264,20.1,Low Risk
SEG-01357,"Sydney, Australia",District 10,-33.85022,151.235248,CAT-144,10.93,Copernicus_EEA-10_v5,Residential,C,5.62,42.2,CurbInlet,ERA5,29.9,5,monitor,0.1300925925925926,5.9799999999999995,Low Risk
SEG-01358,"Durban, South Africa",District 27,-29.868751,31.08669,CAT-173,57.86,SRTM_3arc,Commercial,B,8.08,132.6,GratedInlet,LocalGauge,27.0,2,monitor,0.06047904191616767,13.5,Low Risk
SEG-01359,"Amsterdam, Netherlands",Ward G,52.365089,4.866484,CAT-108,12.38,Copernicus_EEA-10_v5,Industrial,C,10.36,6.5,OpenChannel,ERA5,23.2,50,monitor,1.3813333333333333,0.46399999999999997,Low Risk
SEG-01360,"Amsterdam, Netherlands",Zone V,52.238417,5.034896,CAT-012,3.36,Copernicus_EEA-10_v5,Residential,B,5.73,1.0,GratedInlet,LocalGauge,23.7,50,low_lying,2.865,0.474,Medium Risk
SEG-01361,"Vancouver, Canada",Zone IV,49.21732,-123.105318,CAT-122,8.0,Copernicus_GLO-30_v2023,Roads,B,3.84,168.2,GratedInlet,Blended,15.6,10,low_lying,0.02269503546099291,1.56,Medium Risk
SEG-01362,"Copenhagen, Denmark",Ward F,55.720319,12.533721,CAT-006,23.48,SRTM_1arc,Roads,A,6.25,99.8,Manhole,LocalGauge,49.8,5,monitor,0.062003968253968256,9.959999999999999,Low Risk
SEG-01363,"Istanbul, Türkiye",Ward C,41.070838,28.94237,CAT-065,-3.0,Copernicus_EEA-10_v5,Green,B,6.25,153.5,Manhole,ERA5,61.4,100,ponding_hotspot|low_lying|event_2025-06-06,0.040453074433656956,0.614,High Risk
SEG-01364,"Riyadh, Saudi Arabia",Zone X,24.710403,46.649768,CAT-162,32.95,SRTM_3arc,Roads,B,8.97,30.4,CurbInlet,IMD,12.7,50,monitor,0.28566878980891725,0.254,Low Risk
SEG-01365,"Tokyo, Japan",Borough Hillside,35.699059,139.62428,CAT-145,-1.02,Copernicus_GLO-30_v2023,Residential,B,2.25,156.9,CurbInlet,ERA5,18.2,100,low_lying|sparse_drainage,0.014249525015832805,0.182,Medium Risk
SEG-01366,"Sydney, Australia",District 12,-33.857486,151.344074,CAT-030,4.55,Copernicus_GLO-30_v2023,Roads,C,8.3,178.1,OpenChannel,ERA5,10.8,2,low_lying,0.0463428252372976,5.4,Medium Risk
SEG-01367,"Lima, Peru",Borough West,-12.067927,-77.153291,CAT-088,-3.0,Copernicus_GLO-30_v2023,Industrial,C,6.25,161.0,Manhole,IMD,27.8,5,ponding_hotspot|low_lying,0.038580246913580245,5.5600000000000005,High Risk
SEG-01368,"Seoul, South Korea",Zone IV,37.451855,126.841319,CAT-001,39.29,Copernicus_GLO-30_v2023,Industrial,C,8.48,19.6,Manhole,ERA5,57.3,10,monitor,0.4116504854368932,5.7299999999999995,Low Risk
SEG-01369,"Kolkata, India",Ward J,22.597976,88.403509,CAT-066,51.59,SRTM_1arc,Residential,C,2.02,79.9,Manhole,LocalGauge,31.0,2,sparse_drainage,0.024969097651421506,15.5,Medium Risk
SEG-01370,"Buenos Aires, Argentina",Sector 16,-34.527147,-58.364573,CAT-099,32.13,SRTM_1arc,Residential,C,4.18,34.5,GratedInlet,IMD,30.1,5,monitor,0.11774647887323943,6.0200000000000005,Low Risk
SEG-01371,"Hanoi, Vietnam",Zone X,20.949414,105.798996,CAT-175,6.57,SRTM_3arc,Residential,D,6.32,129.6,OpenChannel,ERA5,143.3,5,ponding_hotspot|extreme_rain_history|low_lying|event_2024-02-13,0.04839203675344564,28.660000000000004,High Risk
SEG-01372,"Sydney, Australia",Zone VII,-33.915805,151.185478,CAT-161,12.64,SRTM_3arc,Green,B,6.57,106.5,Manhole,ERA5,22.0,5,monitor,0.061116279069767444,4.4,Low Risk
SEG-01373,"Istanbul, Türkiye",Sector 13,40.971305,29.10124,CAT-055,-3.0,Copernicus_GLO-30_v2023,Green,A,2.98,91.69999999999999,Manhole,ERA5,31.0,2,low_lying|sparse_drainage,0.03214670981661273,15.5,Medium Risk
SEG-01374,"Rio de Janeiro, Brazil",Borough Hillside,-22.919874,-43.06313,CAT-119,3.57,Copernicus_GLO-30_v2023,Green,D,2.25,161.8,OpenChannel,ERA5,29.0,10,low_lying|sparse_drainage,0.01382063882063882,2.9,Medium Risk
SEG-01375,"Lagos, Nigeria",Borough Delta,6.58171,3.247115,CAT-074,-3.0,Copernicus_GLO-90_v2022,Informal,B,9.57,114.7,Manhole,Blended,67.7,100,low_lying,0.08271391529818496,0.677,Medium Risk
SEG-01376,"Guangzhou, China",Zone II,23.203753,113.294124,CAT-100,21.74,SRTM_3arc,Roads,C,9.53,62.0,Manhole,ERA5,150.0,100,extreme_rain_history,0.15126984126984125,1.5,High Risk
SEG-01377,"Guangzhou, China",Sector 22,23.217971,113.179588,CAT-156,10.35,Copernicus_EEA-10_v5,Roads,B,7.73,88.7,Manhole,Blended,115.5,100,extreme_rain_history,0.08617614269788183,1.155,High Risk
SEG-01378,"Cape Town, South Africa",District 10,-34.001171,18.43076,CAT-020,118.01,Copernicus_GLO-30_v2023,Residential,B,5.32,129.2,Manhole,ERA5,20.3,100,monitor,0.04086021505376344,0.203,Low Risk
SEG-01379,"Hanoi, Vietnam",District 15,21.10357,105.710172,CAT-148,13.92,Copernicus_GLO-30_v2023,Industrial,C,8.18,50.5,CurbInlet,ERA5,66.0,5,monitor,0.15883495145631069,13.2,Low Risk
SEG-01380,"Rome, Italy",Ward G,41.924244,12.483199,CAT-068,41.29,SRTM_3arc,Industrial,A,8.37,140.9,CurbInlet,ERA5,12.6,5,monitor,0.058985200845665955,2.52,Low Risk
SEG-01381,"Athens, Greece",Ward K,37.810721,23.762692,CAT-140,67.0,Copernicus_EEA-10_v5,Residential,C,4.23,81.7,GratedInlet,LocalGauge,27.7,100,monitor,0.051148730350665056,0.27699999999999997,Low Risk
SEG-01382,"Paris, France",Zone III,48.998964,2.328633,CAT-071,57.09,SRTM_1arc,Industrial,C,9.02,78.6,GratedInlet,IMD,57.2,25,monitor,0.11331658291457286,2.2880000000000003,Low Risk
SEG-01383,"Karachi, Pakistan",Ward C,24.866421,66.958002,CAT-007,38.53,Copernicus_GLO-30_v2023,Residential,B,3.76,131.0,Manhole,IMD,13.1,2,monitor,0.028484848484848484,6.55,Low Risk
SEG-01384,"Dubai, UAE",Sector 8,25.230442,55.221772,CAT-017,109.31,SRTM_1arc,Residential,B,3.0,26.5,GratedInlet,ERA5,19.5,2,sparse_drainage,0.10909090909090909,9.75,Medium Risk
SEG-01385,"Sydney, Australia",Sector 14,-33.905229,151.251384,CAT-095,-1.21,SRTM_1arc,Roads,B,6.48,109.8,GratedInlet,ERA5,68.7,5,low_lying|event_2023-06-15,0.058483754512635384,13.74,Medium Risk
SEG-01386,"Kuala Lumpur, Malaysia",District 25,3.062267,101.616347,CAT-153,79.72,Copernicus_GLO-30_v2023,Residential,C,5.32,20.4,CurbInlet,ERA5,85.3,5,extreme_rain_history,0.24859813084112153,17.06,High Risk
SEG-01387,"Dubai, UAE",District 21,25.132368,55.151454,CAT-107,25.130000000000003,Copernicus_EEA-10_v5,Green,D,4.07,17.4,OpenChannel,IMD,23.0,5,monitor,0.22119565217391307,4.6,Low Risk
SEG-01388,"Tehran, Iran",Ward I,35.621826,51.334416,CAT-137,123.39,Copernicus_GLO-90_v2022,Residential,B,6.05,333.0,OpenChannel,ERA5,81.8,10,extreme_rain_history,0.01811377245508982,8.18,High Risk
SEG-01389,"Houston, USA",Sector 16,29.648864,-95.361247,CAT-079,-3.0,Copernicus_GLO-30_v2023,Residential,B,6.01,57.9,GratedInlet,ERA5,26.9,25,low_lying|event_2023-12-15,0.10203735144312394,1.0759999999999998,Medium Risk
SEG-01390,"New Orleans, USA",Zone IV,30.000897,-90.104285,CAT-088,-0.81,Copernicus_GLO-30_v2023,Mixed,C,6.25,91.69999999999999,Manhole,Blended,23.1,25,low_lying|event_2023-12-17,0.06742179072276161,0.924,Medium Risk
SEG-01391,"Bogotá, Colombia",Borough North,4.696227,-74.208417,CAT-003,129.25,Copernicus_GLO-30_v2023,Residential,C,4.92,360.9,OpenChannel,ERA5,47.0,5,monitor,0.013594915722575297,9.4,Low Risk
SEG-01392,"Doha, Qatar",Zone V,25.35973,51.621339,CAT-067,31.52,Copernicus_GLO-30_v2023,Residential,B,2.91,128.1,GratedInlet,ERA5,21.6,2,sparse_drainage,0.02254066615027111,10.8,Medium Risk
SEG-01393,"Rotterdam, Netherlands",Ward K,51.898676,4.378857,CAT-061,-0.41,SRTM_1arc,Residential,D,5.39,102.3,CurbInlet,Blended,35.1,25,ponding_hotspot|low_lying,0.05217812197483059,1.4040000000000001,High Risk
SEG-01394,"Guangzhou, China",Borough South,23.164792,113.204835,CAT-011,2.4,Copernicus_GLO-30_v2023,Industrial,B,7.9,265.3,OpenChannel,ERA5,62.9,100,low_lying,0.029665790461885094,0.629,Medium Risk
SEG-01395,"Houston, USA",Borough Hillside,29.623672,-95.481678,CAT-014,24.52,Copernicus_GLO-30_v2023,Roads,B,10.45,143.3,OpenChannel,ERA5,29.8,5,monitor,0.07241857241857241,5.96,Low Risk
SEG-01396,"Hanoi, Vietnam",Zone X,20.992364,105.91933,CAT-118,107.83,SRTM_1arc,Water,D,5.29,274.3,Manhole,ERA5,67.9,100,monitor,0.019215401380312386,0.679,Low Risk
SEG-01397,"Taipei, Taiwan",Zone X,24.915453,121.623325,CAT-150,9.8,Copernicus_GLO-90_v2022,Residential,D,2.05,57.1,CurbInlet,ERA5,20.2,10,sparse_drainage,0.035283993115318414,2.02,Medium Risk
SEG-01398,"Copenhagen, Denmark",Sector 25,55.787396,12.554853,CAT-101,31.69,Copernicus_GLO-90_v2022,Green,A,7.35,38.6,CurbInlet,Blended,61.3,2,monitor,0.18560606060606058,30.65,Low Risk
SEG-01399,"Paris, France",District 8,48.761506,2.279032,CAT-080,65.66,SRTM_3arc,Green,B,5.97,234.9,OpenChannel,ERA5,54.8,10,monitor,0.025307333615938954,5.4799999999999995,Low Risk
SEG-01400,"Hyderabad, India",District 30,17.446439,78.510455,CAT-103,38.39,Copernicus_GLO-30_v2023,Industrial,C,6.25,45.8,CurbInlet,IMD,65.0,50,monitor,0.13354700854700854,1.3,Low Risk
SEG-01401,"Osaka, Japan",Sector 27,34.794127,135.475521,CAT-132,-3.0,Copernicus_EEA-10_v5,Residential,D,3.95,100.8,Manhole,LocalGauge,26.6,25,ponding_hotspot|low_lying|event_2023-05-26,0.0388015717092338,1.064,High Risk
SEG-01402,"New Orleans, USA",District 20,29.993916,-90.124973,CAT-138,16.74,SRTM_3arc,Commercial,C,8.33,6.9,GratedInlet,ERA5,25.8,2,monitor,1.0544303797468355,12.9,Low Risk
SEG-01403,"Rotterdam, Netherlands",Zone II,52.016854,4.38432,CAT-169,9.06,Copernicus_EEA-10_v5,Residential,B,6.32,34.0,CurbInlet,LocalGauge,28.8,5,monitor,0.18057142857142858,5.76,Low Risk
SEG-01404,"San Francisco, USA",Ward E,37.825889,-122.467796,CAT-074,-3.0,Copernicus_GLO-30_v2023,Water,A,6.84,484.3,OpenChannel,Blended,47.7,50,low_lying,0.014094374613641046,0.9540000000000001,Medium Risk
SEG-01405,"Philadelphia, USA",Sector 20,39.982121,-75.17028,CAT-037,101.31,Copernicus_GLO-30_v2023,Roads,A,8.31,64.8,CurbInlet,ERA5,38.2,10,monitor,0.12629179331306992,3.8200000000000003,Low Risk
SEG-01406,"Lima, Peru",Sector 8,-11.99669,-77.191942,CAT-094,55.11,SRTM_3arc,Commercial,C,2.83,86.6,GratedInlet,ERA5,24.1,5,sparse_drainage,0.032305936073059364,4.82,Medium Risk
SEG-01407,"Tokyo, Japan",District 25,35.682099,139.728964,CAT-120,64.25,Copernicus_EEA-10_v5,Industrial,C,6.75,166.7,OpenChannel,Blended,27.5,10,monitor,0.04025044722719141,2.75,Low Risk
SEG-01408,"Houston, USA",Zone IV,29.724891,-95.267475,CAT-123,2.16,Copernicus_EEA-10_v5,Industrial,D,8.07,79.9,Manhole,IMD,44.8,10,ponding_hotspot|low_lying,0.09975278121137206,4.4799999999999995,High Risk
SEG-01409,"Philadelphia, USA",Borough Harbor,39.872179,-75.078438,CAT-044,72.9,Copernicus_GLO-30_v2023,Industrial,B,8.73,89.8,Manhole,LocalGauge,30.7,5,monitor,0.09614537444933921,6.14,Low Risk
SEG-01410,"Doha, Qatar",District 7,25.175249,51.602579,CAT-175,73.06,Copernicus_GLO-30_v2023,Green,A,5.42,246.3,CurbInlet,Blended,12.8,10,monitor,0.02191670036393045,1.28,Low Risk
SEG-01411,"Dubai, UAE",Sector 2,25.006856,55.272927,CAT-054,24.81,Copernicus_EEA-10_v5,Residential,D,8.51,158.3,OpenChannel,ERA5,24.4,2,monitor,0.05342121782799748,12.2,Low Risk
SEG-01412,"Riyadh, Saudi Arabia",Borough Hillside,24.682785,46.563709,CAT-005,112.11,SRTM_3arc,Roads,D,6.25,6.1,Manhole,ERA5,6.6,25,monitor,0.8802816901408451,0.264,Low Risk
SEG-01413,"Shanghai, China",Ward I,31.196289,121.326268,CAT-093,0.51,Copernicus_GLO-30_v2023,Residential,B,6.25,72.4,CurbInlet,LocalGauge,29.9,10,low_lying,0.08514986376021798,2.9899999999999998,Medium Risk
SEG-01414,"Ahmedabad, India",District 9,23.006888,72.603361,CAT-057,14.16,SRTM_1arc,Roads,B,5.83,101.9,OpenChannel,LocalGauge,31.1,10,monitor,0.05665694849368318,3.1100000000000003,Low Risk
SEG-01415,"Accra, Ghana",Sector 30,5.615897,-0.220944,CAT-052,12.76,SRTM_3arc,Commercial,B,3.79,84.5,Manhole,Blended,46.9,2,monitor,0.04432748538011696,23.45,Low Risk
SEG-01416,"Colombo, Sri Lanka",Borough Old Town,6.879043,79.734498,CAT-062,25.130000000000003,SRTM_1arc,Informal,B,9.74,236.4,Manhole,LocalGauge,70.3,2,monitor,0.041027801179443976,35.15,Low Risk
SEG-01417,"Barcelona, Spain",Borough North,41.387392,2.162235,CAT-033,24.94,Copernicus_EEA-10_v5,Commercial,D,4.62,91.69999999999999,CurbInlet,Blended,36.5,10,monitor,0.04983818770226538,3.65,Low Risk
SEG-01418,"Mumbai, India",Borough Old Town,19.060576,72.787831,CAT-023,10.01,SRTM_3arc,Green,C,6.25,346.5,CurbInlet,Blended,66.3,10,monitor,0.017985611510791366,6.63,Low Risk
SEG-01419,"Miami, USA",Zone III,25.750458,-80.115828,CAT-053,22.12,Copernicus_GLO-30_v2023,Residential,C,7.15,84.2,Manhole,LocalGauge,56.5,25,monitor,0.08392018779342723,2.26,Low Risk
SEG-01420,"Amsterdam, Netherlands",Ward G,52.264567,4.856939,CAT-085,20.69,Copernicus_GLO-30_v2023,Industrial,B,9.87,8.9,Manhole,ERA5,37.5,25,monitor,0.9969696969696968,1.5,Low Risk
SEG-01421,"Lagos, Nigeria",Sector 27,6.450344,3.308068,CAT-030,26.47,Copernicus_GLO-30_v2023,Mixed,C,6.25,45.1,Manhole,ERA5,106.5,25,extreme_rain_history,0.13557483731019523,4.26,High Risk
SEG-01422,"Jakarta, Indonesia",District 18,-6.1315,106.913555,CAT-015,12.88,SRTM_1arc,Commercial,A,7.94,77.7,CurbInlet,ERA5,38.8,2,monitor,0.1008894536213469,19.4,Low Risk
SEG-01423,"London, UK",Sector 15,51.536526,-0.126175,CAT-152,25.130000000000003,Copernicus_GLO-30_v2023,Green,B,5.3,204.2,GratedInlet,IMD,59.4,50,monitor,0.025828460038986357,1.188,Low Risk
SEG-01424,"Jakarta, Indonesia",District 4,-6.261836,106.835969,CAT-079,-3.0,Copernicus_GLO-30_v2023,Residential,B,3.44,495.5,CurbInlet,ERA5,59.8,5,low_lying,0.006928499496475327,11.959999999999999,Medium Risk
SEG-01425,"Taipei, Taiwan",Zone III,25.023869,121.611464,CAT-108,65.27,SRTM_1arc,Residential,C,5.95,174.8,OpenChannel,ERA5,39.5,2,monitor,0.0338452787258248,19.75,Low Risk
SEG-01426,"Manila, Philippines",Borough South,14.568699,120.971235,CAT-052,14.8,SRTM_3arc,Water,A,5.16,139.2,OpenChannel,LocalGauge,55.0,5,monitor,0.03680456490727532,11.0,Low Risk
SEG-01427,"Colombo, Sri Lanka",Borough Harbor,7.009007,79.879127,CAT-098,25.130000000000003,SRTM_1arc,Green,C,3.69,49.6,CurbInlet,Blended,64.7,10,monitor,0.07292490118577075,6.470000000000001,Low Risk
SEG-01428,"Athens, Greece",Sector 3,37.955957,23.657734,CAT-173,35.57,Copernicus_EEA-10_v5,Green,C,5.33,242.3,CurbInlet,ERA5,49.5,50,monitor,0.021907110563090835,0.99,Low Risk
SEG-01429,"Auckland, New Zealand",District 15,-36.805508,174.85519,CAT-078,33.99,Copernicus_GLO-30_v2023,Roads,C,6.25,101.1,Manhole,ERA5,39.4,2,monitor,0.061214495592556324,19.7,Low Risk
SEG-01430,"Tehran, Iran",Sector 18,35.680205,51.389679,CAT-116,134.3,SRTM_1arc,Green,B,3.35,173.2,OpenChannel,ERA5,37.3,2,monitor,0.019230769230769232,18.65,Low Risk
SEG-01431,"Auckland, New Zealand",Borough South,-36.861797,174.712693,CAT-038,50.51,SRTM_3arc,Commercial,B,7.88,38.0,CurbInlet,LocalGauge,29.9,2,monitor,0.20205128205128206,14.95,Low Risk
SEG-01432,"Singapore, Singapore",Ward F,1.252309,103.854667,CAT-120,14.1,SRTM_3arc,Green,A,2.7,89.7,OpenChannel,LocalGauge,64.0,100,sparse_drainage|event_2024-06-20,0.029768467475192944,0.64,Medium Risk
SEG-01433,"Rio de Janeiro, Brazil",Zone IX,-22.944504,-43.127643,CAT-138,10.84,Copernicus_GLO-90_v2022,Residential,B,7.54,113.4,Manhole,LocalGauge,68.1,50,monitor,0.0659090909090909,1.3619999999999999,Low Risk
SEG-01434,"Delhi, India",District 8,28.618269,77.167282,CAT-011,37.25,SRTM_1arc,Mixed,C,7.73,91.69999999999999,GratedInlet,ERA5,23.3,50,monitor,0.08338727076591156,0.466,Low Risk
SEG-01435,"Washington DC, USA",District 24,39.025949,-76.967405,CAT-113,90.38,Copernicus_GLO-30_v2023,Institutional,B,8.02,91.69999999999999,OpenChannel,ERA5,20.4,25,monitor,0.08651564185544769,0.816,Low Risk
SEG-01436,"Riyadh, Saudi Arabia",District 1,24.800656,46.70975,CAT-074,-3.0,Copernicus_GLO-30_v2023,Residential,B,6.25,105.7,OpenChannel,LocalGauge,11.9,10,low_lying,0.05857544517338332,1.19,Medium Risk
SEG-01437,"London, UK",Borough Hillside,51.486471,-0.184546,CAT-150,88.49,SRTM_1arc,Residential,A,4.21,26.1,CurbInlet,ERA5,52.0,5,monitor,0.15535055350553503,10.4,Low Risk
SEG-01438,"Rotterdam, Netherlands",District 19,51.881165,4.458376,CAT-074,8.53,SRTM_1arc,Green,B,3.41,91.69999999999999,OpenChannel,ERA5,30.8,5,monitor,0.03678532901833873,6.16,Low Risk
SEG-01439,"Pune, India",Borough South,18.566523,73.879818,CAT-151,62.33,SRTM_1arc,Roads,A,6.46,64.5,GratedInlet,ERA5,42.4,5,monitor,0.09862595419847328,8.48,Low Risk
SEG-01440,"Guangzhou, China",Sector 20,23.084975,113.294863,CAT-177,2.33,Copernicus_GLO-30_v2023,Roads,D,8.65,82.8,Manhole,ERA5,60.6,25,ponding_hotspot|low_lying,0.1032219570405728,2.424,High Risk
SEG-01441,"Delhi, India",Borough West,28.548825,77.28749,CAT-070,52.25,Copernicus_GLO-90_v2022,Roads,D,5.75,89.6,CurbInlet,Blended,29.2,25,monitor,0.06346578366445917,1.168,Low Risk
SEG-01442,"Seoul, South Korea",Borough Riverside,37.510694,126.950338,CAT-110,-0.97,Copernicus_GLO-30_v2023,Commercial,B,3.71,91.69999999999999,CurbInlet,ERA5,14.3,10,low_lying,0.04002157497303129,1.4300000000000002,Medium Risk
SEG-01443,"Lagos, Nigeria",District 26,6.457545,3.592481,CAT-094,25.130000000000003,SRTM_1arc,Informal,A,4.83,484.6,CurbInlet,ERA5,46.3,2,monitor,0.00994645799011532,23.15,Low Risk
SEG-01444,"Hanoi, Vietnam",Sector 5,20.976332,105.909185,CAT-109,34.21,SRTM_1arc,Roads,D,8.35,82.7,GratedInlet,LocalGauge,59.6,10,monitor,0.09976105137395459,5.96,Low Risk
SEG-01445,"Rio de Janeiro, Brazil",Sector 12,-22.95048,-43.107141,CAT-134,16.09,Copernicus_GLO-30_v2023,Green,C,3.93,104.1,Manhole,LocalGauge,102.1,25,extreme_rain_history,0.03739295908658421,4.084,High Risk
SEG-01446,"San Francisco, USA",District 6,37.831048,-122.392542,CAT-008,66.84,SRTM_1arc,Roads,C,7.11,91.69999999999999,Manhole,ERA5,18.1,5,monitor,0.07669902912621361,3.62,Low Risk
SEG-01447,"Philadelphia, USA",Ward F,39.991368,-75.222027,CAT-142,89.99,Copernicus_GLO-30_v2023,Residential,A,6.25,143.9,GratedInlet,ERA5,39.1,10,monitor,0.04313319530710835,3.91,Low Risk
SEG-01448,"Taipei, Taiwan",Ward E,24.915641,121.535731,CAT-062,92.47,SRTM_1arc,Residential,C,7.46,147.9,Manhole,ERA5,31.1,50,monitor,0.05010073875083949,0.622,Low Risk
SEG-01449,"Bengaluru, India",Sector 28,13.096619,77.745298,CAT-013,111.43,SRTM_1arc,Residential,A,6.47,64.9,GratedInlet,IMD,29.9,5,monitor,0.09817905918057662,5.9799999999999995,Low Risk
SEG-01450,"Rome, Italy",District 23,41.963134,12.411697,CAT-143,57.71,SRTM_1arc,Residential,B,3.94,299.2,CurbInlet,ERA5,33.9,5,monitor,0.01312458361092605,6.779999999999999,Low Risk
SEG-01451,"Barcelona, Spain",Zone I,41.450522,2.148901,CAT-086,25.130000000000003,Copernicus_GLO-90_v2022,Commercial,A,10.96,91.69999999999999,Manhole,ERA5,33.0,5,monitor,0.11823085221143476,6.6,Low Risk
SEG-01452,"Dubai, UAE",Borough Riverside,25.262453,55.290175,CAT-145,23.0,SRTM_3arc,Roads,C,5.7,28.0,GratedInlet,ERA5,32.3,5,monitor,0.19655172413793104,6.459999999999999,Low Risk
SEG-01453,"Hanoi, Vietnam",Ward D,21.06506,105.831464,CAT-054,33.82,SRTM_1arc,Green,B,4.67,60.6,GratedInlet,ERA5,48.0,5,monitor,0.0758116883116883,9.6,Low Risk
SEG-01454,"Washington DC, USA",Ward E,38.972791,-77.073906,CAT-035,78.27,Copernicus_GLO-30_v2023,Roads,C,4.97,54.5,Manhole,ERA5,25.7,2,monitor,0.08954954954954955,12.85,Low Risk
SEG-01455,"Rotterdam, Netherlands",Sector 22,52.070673,4.404017,CAT-077,11.59,SRTM_3arc,Institutional,A,2.02,350.0,GratedInlet,ERA5,27.7,2,sparse_drainage,0.005754985754985755,13.85,Medium Risk
SEG-01456,"Mexico City, Mexico",Ward D,19.442076,-99.139077,CAT-054,31.76,Copernicus_EEA-10_v5,Residential,A,4.36,89.6,GratedInlet,ERA5,43.5,5,monitor,0.04812362030905078,8.7,Low Risk
SEG-01457,"Rome, Italy",Sector 11,41.96101,12.37277,CAT-084,73.87,SRTM_3arc,Mixed,B,10.3,128.9,OpenChannel,LocalGauge,30.9,2,monitor,0.07929176289453425,15.45,Low Risk
SEG-01458,"Singapore, Singapore",District 3,1.412227,103.891056,CAT-156,18.29,Copernicus_GLO-30_v2023,Green,D,6.25,367.6,GratedInlet,LocalGauge,38.8,5,monitor,0.01695604991861096,7.76,Low Risk
SEG-01459,"Hamburg, Germany",Zone I,53.539526,10.03608,CAT-009,3.33,SRTM_1arc,Residential,B,4.56,72.0,GratedInlet,LocalGauge,21.4,10,low_lying,0.06246575342465753,2.1399999999999997,Medium Risk
SEG-01460,"Barcelona, Spain",Borough Delta,41.428525,2.1894,CAT-141,25.33,Copernicus_GLO-90_v2022,Industrial,C,6.25,45.5,GratedInlet,ERA5,25.7,5,monitor,0.13440860215053763,5.14,Low Risk
SEG-01461,"Brisbane, Australia",Borough Riverside,-27.544612,153.071716,CAT-167,58.05,SRTM_3arc,Residential,D,6.25,23.1,Manhole,IMD,13.1,25,monitor,0.2593360995850622,0.524,Low Risk
SEG-01462,"Tokyo, Japan",Zone III,35.708829,139.649493,CAT-031,22.08,Copernicus_GLO-30_v2023,Industrial,C,6.82,445.0,CurbInlet,LocalGauge,28.4,2,monitor,0.015291479820627804,14.2,Low Risk
SEG-01463,"Buenos Aires, Argentina",Ward A,-34.555028,-58.454621,CAT-050,-3.0,SRTM_1arc,Residential,A,6.25,33.7,Manhole,Blended,58.9,10,low_lying,0.18011527377521613,5.89,Medium Risk
SEG-01464,"Sao Paulo, Brazil",District 18,-23.487059,-46.749838,CAT-172,9.83,SRTM_1arc,Residential,A,4.48,44.3,Manhole,IMD,44.3,10,monitor,0.09889624724061812,4.43,Low Risk
SEG-01465,"Singapore, Singapore",Zone VII,1.330576,103.715584,CAT-129,12.87,SRTM_1arc,Commercial,B,5.25,41.2,GratedInlet,ERA5,45.9,25,monitor,0.12440758293838862,1.8359999999999999,Low Risk
SEG-01466,"Brisbane, Australia",Zone III,-27.340339,153.135637,CAT-031,65.11,SRTM_1arc,Commercial,A,9.53,52.5,GratedInlet,LocalGauge,27.3,25,monitor,0.17813084112149533,1.092,Low Risk
SEG-01467,"Mumbai, India",Ward K,19.092199,72.943521,CAT-084,7.78,Copernicus_EEA-10_v5,Residential,B,6.36,304.0,OpenChannel,ERA5,29.7,5,low_lying,0.020852459016393442,5.9399999999999995,Medium Risk
SEG-01468,"Paris, France",Sector 30,48.904419,2.455045,CAT-117,25.130000000000003,Copernicus_GLO-30_v2023,Commercial,B,11.42,387.1,CurbInlet,LocalGauge,50.5,25,monitor,0.02942540582324143,2.02,Low Risk
SEG-01469,"Jakarta, Indonesia",Ward F,-6.298172,106.880719,CAT-046,-0.12,Copernicus_EEA-10_v5,Roads,B,6.72,70.2,CurbInlet,ERA5,88.4,25,ponding_hotspot|extreme_rain_history|low_lying,0.0943820224719101,3.536,High Risk
SEG-01470,"Mumbai, India",District 1,18.979018,73.018621,CAT-129,16.15,SRTM_3arc,Roads,D,6.87,258.5,OpenChannel,ERA5,112.4,25,extreme_rain_history|event_2024-08-06,0.02647398843930636,4.496,High Risk
SEG-01471,"Lagos, Nigeria",Zone II,6.592352,3.488523,CAT-003,33.93,SRTM_1arc,Water,B,2.09,296.4,CurbInlet,Blended,77.9,25,sparse_drainage,0.007027572293207801,3.116,Medium Risk
SEG-01472,"Sao Paulo, Brazil",Ward G,-23.534136,-46.579372,CAT-159,78.06,SRTM_3arc,Residential,A,6.25,175.3,Manhole,ERA5,42.6,2,monitor,0.03545093590470788,21.3,Low Risk
SEG-01473,"Doha, Qatar",Zone IX,25.252322,51.539407,CAT-137,32.12,Copernicus_GLO-30_v2023,Green,B,4.69,95.6,GratedInlet,ERA5,9.3,2,monitor,0.04855072463768117,4.65,Low Risk
SEG-01474,"London, UK",Zone VII,51.485491,-0.146689,CAT-026,79.28,SRTM_3arc,Roads,A,7.38,51.3,GratedInlet,ERA5,36.3,50,monitor,0.14110898661567878,0.726,Low Risk
SEG-01475,"Buenos Aires, Argentina",District 16,-34.531524,-58.471922,CAT-059,25.130000000000003,Copernicus_EEA-10_v5,Roads,B,8.39,49.9,CurbInlet,IMD,31.0,5,monitor,0.16483300589390965,6.2,Low Risk
SEG-01476,"Philadelphia, USA",Zone III,39.971407,-75.106479,CAT-122,4.01,Copernicus_GLO-90_v2022,Roads,C,4.1,155.5,OpenChannel,IMD,24.0,10,low_lying,0.026198083067092648,2.4,Medium Risk
SEG-01477,"Chennai, India",Sector 20,13.091605,80.28485,CAT-061,7.64,SRTM_3arc,Roads,C,4.22,91.69999999999999,Manhole,ERA5,56.4,10,low_lying,0.045523193096008635,5.64,Medium Risk
SEG-01478,"Athens, Greece",District 24,37.866733,23.730246,CAT-124,6.08,SRTM_1arc,Roads,D,9.48,61.6,GratedInlet,ERA5,26.3,5,low_lying,0.15143769968051118,5.26,Medium Risk
SEG-01479,"Paris, France",Zone IV,48.728522,2.528125,CAT-048,17.32,SRTM_1arc,Residential,B,6.37,28.9,CurbInlet,ERA5,29.4,10,monitor,0.21304347826086958,2.94,Low Risk
SEG-01480,"San Francisco, USA",Zone X,37.742872,-122.357207,CAT-043,0.81,Copernicus_EEA-10_v5,Residential,C,6.25,57.9,GratedInlet,ERA5,21.1,2,low_lying,0.10611205432937182,10.55,Medium Risk
SEG-01481,"Shanghai, China",Borough Old Town,31.263069,121.456684,CAT-044,-2.79,SRTM_1arc,Roads,A,9.14,91.69999999999999,Manhole,ERA5,59.6,25,low_lying,0.09859762675296657,2.384,Medium Risk
SEG-01482,"Durban, South Africa",District 24,-29.757564,31.073678,CAT-134,-3.0,SRTM_3arc,Mixed,C,10.19,105.5,OpenChannel,IMD,20.1,25,low_lying,0.09568075117370892,0.804,Medium Risk
SEG-01483,"Dubai, UAE",Borough Central,25.253629,55.225868,CAT-121,33.86,Copernicus_GLO-90_v2022,Residential,B,7.03,159.0,CurbInlet,ERA5,24.5,5,monitor,0.043937500000000004,4.9,Low Risk
SEG-01484,"Ahmedabad, India",Borough Old Town,23.045779,72.583178,CAT-094,59.89,Copernicus_EEA-10_v5,Roads,A,7.19,27.8,Manhole,ERA5,20.4,2,monitor,0.24965277777777778,10.2,Low Risk
SEG-01485,"Philadelphia, USA",District 4,39.992433,-75.126319,CAT-077,25.130000000000003,Copernicus_EEA-10_v5,Residential,B,7.73,42.7,OpenChannel,LocalGauge,33.1,50,monitor,0.1768878718535469,0.662,Low Risk
SEG-01486,"Bengaluru, India",Sector 1,12.995856,77.622202,CAT-124,9.84,SRTM_1arc,Industrial,B,5.62,68.7,GratedInlet,ERA5,37.5,5,monitor,0.0806312769010043,7.5,Low Risk
SEG-01487,"Osaka, Japan",District 23,34.559784,135.409085,CAT-160,54.86,Copernicus_GLO-30_v2023,Mixed,C,4.91,91.69999999999999,OpenChannel,ERA5,38.8,2,monitor,0.05296655879180152,19.4,Low Risk
SEG-01488,"Seoul, South Korea",District 22,37.605762,126.963086,CAT-061,45.7,SRTM_1arc,Informal,A,10.45,220.6,Manhole,ERA5,31.0,25,monitor,0.04715703971119133,1.24,Low Risk
SEG-01489,"Kolkata, India",District 6,22.555843,88.257818,CAT-032,70.48,Copernicus_EEA-10_v5,Roads,D,8.44,111.7,Manhole,ERA5,40.9,10,monitor,0.07488908606921028,4.09,Low Risk
SEG-01490,"Philadelphia, USA",Sector 24,40.114737,-75.143184,CAT-102,22.35,Copernicus_EEA-10_v5,Commercial,C,5.36,83.8,Manhole,ERA5,33.5,5,monitor,0.06320754716981132,6.7,Low Risk
SEG-01491,"Accra, Ghana",Ward D,5.619345,-0.166021,CAT-052,16.15,Copernicus_EEA-10_v5,Water,B,1.53,199.7,OpenChannel,ERA5,106.4,10,extreme_rain_history|sparse_drainage,0.007623318385650225,10.64,High Risk
SEG-01492,"London, UK",District 1,51.582485,-0.093592,CAT-018,52.39,Copernicus_GLO-90_v2022,Commercial,C,5.16,72.2,GratedInlet,ERA5,21.2,5,monitor,0.07049180327868852,4.24,Low Risk
SEG-01493,"New York, USA",Zone X,40.469026,-73.898442,CAT-046,10.38,Copernicus_EEA-10_v5,Roads,D,4.97,51.5,Manhole,ERA5,17.9,50,monitor,0.09466666666666666,0.358,Low Risk
SEG-01494,"Kolkata, India",District 23,22.381509,88.363866,CAT-071,-3.0,SRTM_3arc,Green,D,2.07,286.0,OpenChannel,ERA5,13.7,25,ponding_hotspot|low_lying|sparse_drainage,0.007212543554006968,0.5479999999999999,High Risk
SEG-01495,"Ahmedabad, India",Ward D,22.958424,72.628355,CAT-106,50.67,SRTM_1arc,Roads,B,6.09,96.0,CurbInlet,ERA5,29.9,50,monitor,0.06278350515463918,0.598,Low Risk
SEG-01496,"Tokyo, Japan",Borough North,35.642743,139.610345,CAT-121,115.22,Copernicus_GLO-30_v2023,Roads,B,9.97,91.69999999999999,CurbInlet,ERA5,21.1,5,monitor,0.10755124056094932,4.220000000000001,Low Risk
SEG-01497,"Delhi, India",District 1,28.667313,77.171789,CAT-026,3.61,SRTM_1arc,Green,C,7.72,31.3,Manhole,ERA5,27.7,25,low_lying,0.23900928792569662,1.1079999999999999,Medium Risk
SEG-01498,"Paris, France",Borough West,48.890238,2.281881,CAT-166,86.73,Copernicus_EEA-10_v5,Informal,D,7.77,232.6,CurbInlet,IMD,17.8,25,monitor,0.03326198630136986,0.7120000000000001,Low Risk
SEG-01499,"Buenos Aires, Argentina",Borough Harbor,-34.637909,-58.451537,CAT-032,14.56,Copernicus_EEA-10_v5,Green,C,2.2,182.8,OpenChannel,ERA5,27.4,10,sparse_drainage,0.011969532100108813,2.7399999999999998,Medium Risk
SEG-01500,"Istanbul, Türkiye",Borough South,40.94383,29.012533,CAT-111,3.14,Copernicus_GLO-30_v2023,Residential,B,4.49,160.0,CurbInlet,LocalGauge,48.3,10,low_lying,0.027888198757763976,4.83,Medium Risk
SEG-01501,"Jakarta, Indonesia",Borough Old Town,-6.263678,106.699099,CAT-062,6.99,Copernicus_EEA-10_v5,Industrial,D,9.2,70.8,Manhole,LocalGauge,43.7,10,low_lying,0.12813370473537605,4.37,Medium Risk
SEG-01502,"Accra, Ghana",Ward C,5.501045,-0.31867,CAT-172,14.89,SRTM_1arc,Industrial,C,9.01,14.7,OpenChannel,ERA5,37.9,5,monitor,0.5738853503184713,7.58,Low Risk
SEG-01503,"Guangzhou, China",Borough East,23.13066,113.311123,CAT-172,8.59,Copernicus_GLO-30_v2023,Residential,B,4.49,127.9,GratedInlet,ERA5,96.1,25,extreme_rain_history|event_2025-03-20,0.034833204034134986,3.844,High Risk
SEG-01504,"Jakarta, Indonesia",District 5,-6.129638,106.846254,CAT-073,27.7,SRTM_3arc,Residential,D,4.05,21.9,CurbInlet,ERA5,57.3,50,monitor,0.17685589519650655,1.146,Low Risk
SEG-01505,"Kuala Lumpur, Malaysia",District 1,3.127104,101.743543,CAT-118,31.49,SRTM_3arc,Residential,C,7.02,125.0,CurbInlet,Blended,59.8,10,monitor,0.05571428571428571,5.9799999999999995,Low Risk
SEG-01506,"Seoul, South Korea",Zone I,37.522017,126.963951,CAT-087,25.130000000000003,Copernicus_GLO-90_v2022,Roads,B,7.4,131.1,Manhole,LocalGauge,30.5,5,monitor,0.056018168054504165,6.1,Low Risk
SEG-01507,"Mumbai, India",Sector 26,19.075387,72.866257,CAT-116,8.39,Copernicus_EEA-10_v5,Roads,D,6.25,247.9,OpenChannel,ERA5,49.6,10,monitor,0.02511048613901165,4.96,Low Risk
SEG-01508,"Karachi, Pakistan",Zone VII,24.906362,67.043272,CAT-028,85.99,Copernicus_GLO-30_v2023,Residential,A,3.62,75.6,Manhole,Blended,22.9,10,monitor,0.04725848563968669,2.29,Low Risk
SEG-01509,"Colombo, Sri Lanka",Borough West,6.926764,79.964027,CAT-152,11.45,Copernicus_GLO-30_v2023,Residential,A,3.41,91.69999999999999,OpenChannel,ERA5,66.0,5,monitor,0.03678532901833873,13.2,Low Risk
SEG-01510,"Chennai, India",Borough North,12.971753,80.189964,CAT-161,21.13,SRTM_3arc,Residential,D,7.33,112.6,CurbInlet,IMD,146.9,10,extreme_rain_history,0.06452464788732394,14.690000000000001,High Risk
SEG-01511,"Bangkok, Thailand",Zone I,13.761988,100.512892,CAT-103,12.56,Copernicus_EEA-10_v5,Commercial,B,6.25,140.7,GratedInlet,ERA5,42.0,5,monitor,0.04410726887791108,8.4,Low Risk
SEG-01512,"Lima, Peru",Sector 10,-12.077452,-77.123727,CAT-108,63.17,Copernicus_GLO-30_v2023,Green,D,6.08,108.1,OpenChannel,ERA5,34.7,25,monitor,0.05572868927589368,1.3880000000000001,Low Risk
SEG-01513,"Accra, Ghana",Borough Hillside,5.621065,-0.167653,CAT-073,13.0,SRTM_1arc,Commercial,B,6.25,82.3,CurbInlet,ERA5,32.0,50,monitor,0.07503001200480193,0.64,Low Risk
SEG-01514,"Delhi, India",Zone III,28.598775,77.327263,CAT-096,44.96,Copernicus_GLO-30_v2023,Roads,A,6.25,96.0,GratedInlet,ERA5,22.8,100,monitor,0.06443298969072164,0.228,Low Risk
SEG-01515,"Ho Chi Minh City, Vietnam",Zone X,10.802583,106.639595,CAT-001,92.6,Copernicus_GLO-30_v2023,Institutional,C,6.25,133.0,Manhole,ERA5,54.4,25,monitor,0.04664179104477612,2.176,Low Risk
SEG-01516,"Rotterdam, Netherlands",District 17,51.868593,4.420131,CAT-071,7.27,SRTM_1arc,Roads,B,10.09,252.9,CurbInlet,LocalGauge,27.3,2,low_lying,0.039740055139818826,13.65,Medium Risk
SEG-01517,"Hong Kong, China",Sector 28,22.239929,114.104931,CAT-076,5.1,Copernicus_EEA-10_v5,Residential,C,6.25,461.6,CurbInlet,IMD,120.8,25,ponding_hotspot|extreme_rain_history|low_lying|event_2025-05-19,0.013510592304366622,4.832,High Risk
SEG-01518,"Hyderabad, India",Sector 26,17.461849,78.502935,CAT-052,49.8,SRTM_3arc,Green,A,3.45,147.8,CurbInlet,ERA5,54.9,10,monitor,0.023185483870967742,5.49,Low Risk
SEG-01519,"Pune, India",District 20,18.489338,73.932663,CAT-113,38.04,Copernicus_GLO-30_v2023,Commercial,B,6.26,38.2,GratedInlet,Blended,29.4,10,monitor,0.15969387755102038,2.94,Low Risk
SEG-01520,"Doha, Qatar",Zone IX,25.169715,51.669037,CAT-010,31.69,Copernicus_GLO-30_v2023,Residential,A,6.25,67.8,CurbInlet,ERA5,22.3,50,monitor,0.09084302325581396,0.446,Low Risk
SEG-01521,"Guangzhou, China",Sector 2,23.148222,113.215364,CAT-060,25.130000000000003,Copernicus_EEA-10_v5,Green,B,4.01,355.0,Manhole,LocalGauge,44.3,5,monitor,0.011264044943820224,8.86,Low Risk
SEG-01522,"Rome, Italy",Sector 29,41.803617,12.487216,CAT-129,-3.0,Copernicus_EEA-10_v5,Industrial,D,7.51,91.6,GratedInlet,IMD,63.8,10,ponding_hotspot|low_lying,0.08110151187904968,6.38,High Risk
SEG-01523,"Chennai, India",Ward E,13.092705,80.278673,CAT-059,6.76,SRTM_3arc,Green,B,6.25,244.9,Manhole,ERA5,82.8,50,extreme_rain_history|low_lying,0.025416836112240746,1.656,High Risk
SEG-01524,"Bogotá, Colombia",Ward J,4.705286,-74.032794,CAT-144,48.3,SRTM_1arc,Roads,D,7.43,83.5,Manhole,ERA5,30.2,2,monitor,0.08792899408284023,15.1,Low Risk
SEG-01525,"Rotterdam, Netherlands",Ward K,51.917995,4.490178,CAT-158,21.27,SRTM_1arc,Residential,B,3.37,36.2,CurbInlet,ERA5,53.1,50,monitor,0.09059139784946237,1.062,Low Risk
SEG-01526,"Amsterdam, Netherlands",Sector 24,52.322792,4.935204,CAT-155,12.77,SRTM_1arc,Roads,B,9.85,137.4,OpenChannel,LocalGauge,37.9,10,monitor,0.07117052023121387,3.79,Low Risk
SEG-01527,"Dubai, UAE",Borough North,25.271056,55.398226,CAT-016,59.31,Copernicus_EEA-10_v5,Roads,D,11.15,478.9,CurbInlet,Blended,31.4,5,monitor,0.023234007084809338,6.279999999999999,Low Risk
SEG-01528,"Sao Paulo, Brazil",Borough West,-23.557311,-46.654938,CAT-152,73.62,Copernicus_GLO-30_v2023,Roads,B,7.66,91.6,Manhole,LocalGauge,26.6,100,monitor,0.08272138228941685,0.266,Low Risk
SEG-01529,"Mexico City, Mexico",District 28,19.395159,-99.191503,CAT-103,25.130000000000003,SRTM_1arc,Green,A,6.28,346.2,Manhole,LocalGauge,43.2,25,monitor,0.018087557603686636,1.7280000000000002,Low Risk
SEG-01530,"Istanbul, Türkiye",Sector 20,40.943331,29.028535,CAT-091,-3.0,Copernicus_GLO-30_v2023,Commercial,B,6.25,4.6,Manhole,ERA5,52.8,10,ponding_hotspot|low_lying,1.1160714285714286,5.279999999999999,High Risk
SEG-01531,"Houston, USA",Ward G,29.814959,-95.325245,CAT-130,-3.0,Copernicus_EEA-10_v5,Roads,A,6.25,96.4,GratedInlet,IMD,26.8,50,low_lying,0.06416837782340862,0.536,Medium Risk
SEG-01532,"Brisbane, Australia",Sector 19,-27.499348,153.047463,CAT-003,-3.0,SRTM_3arc,Green,B,3.76,98.7,Manhole,Blended,59.4,5,ponding_hotspot|low_lying,0.037713139418254764,11.879999999999999,High Risk
SEG-01533,"Shanghai, China",Ward H,31.112199,121.483122,CAT-135,10.65,Copernicus_GLO-30_v2023,Residential,A,6.68,91.69999999999999,GratedInlet,ERA5,23.9,5,monitor,0.0720604099244876,4.779999999999999,Low Risk
SEG-01534,"Vancouver, Canada",Zone X,49.254097,-122.992308,CAT-138,3.8,SRTM_1arc,Mixed,A,11.85,77.4,CurbInlet,LocalGauge,74.5,25,low_lying,0.15114795918367346,2.98,Medium Risk
SEG-01535,"Manila, Philippines",Sector 22,14.59056,121.022218,CAT-168,8.87,Copernicus_GLO-30_v2023,Roads,C,6.43,48.4,CurbInlet,ERA5,49.4,25,monitor,0.13016194331983805,1.976,Low Risk
SEG-01536,"Mumbai, India",Zone IV,19.117053,73.007688,CAT-040,8.8,SRTM_1arc,Institutional,A,3.5,133.4,Manhole,ERA5,70.1,25,monitor,0.026041666666666664,2.804,Low Risk
SEG-01537,"Mexico City, Mexico",Zone I,19.488129,-99.072101,CAT-090,59.09,SRTM_3arc,Institutional,B,4.44,118.7,CurbInlet,ERA5,24.4,25,monitor,0.037092731829573934,0.976,Low Risk
SEG-01538,"Hyderabad, India",Zone I,17.443307,78.351735,CAT-010,110.32,Copernicus_EEA-10_v5,Commercial,B,6.22,62.6,Manhole,ERA5,38.0,2,monitor,0.09779874213836477,19.0,Low Risk
SEG-01539,"Seoul, South Korea",Sector 5,37.533384,126.879821,CAT-055,112.08,Copernicus_GLO-30_v2023,Industrial,B,8.62,228.9,OpenChannel,Blended,41.3,10,monitor,0.03749456285341452,4.13,Low Risk
SEG-01540,"Washington DC, USA",Borough West,38.819708,-77.063099,CAT-156,27.81,SRTM_1arc,Roads,A,9.4,91.5,Manhole,ERA5,22.5,2,monitor,0.10162162162162162,11.25,Low Risk
SEG-01541,"Lima, Peru",Zone IX,-11.986187,-76.954354,CAT-086,0.02,Copernicus_EEA-10_v5,Residential,B,6.93,176.7,CurbInlet,ERA5,39.8,2,low_lying,0.038998311761395614,19.9,Medium Risk
SEG-01542,"San Francisco, USA",Sector 12,37.726372,-122.481088,CAT-013,-3.0,Copernicus_EEA-10_v5,Water,D,6.49,176.9,OpenChannel,ERA5,17.5,10,ponding_hotspot|low_lying|event_2025-03-06,0.03648116919617763,1.75,High Risk
SEG-01543,"Nairobi, Kenya",Zone X,-1.319486,36.826243,CAT-131,-3.0,SRTM_1arc,Roads,B,7.46,91.69999999999999,CurbInlet,LocalGauge,44.4,10,low_lying,0.08047464940668825,4.4399999999999995,Medium Risk
SEG-01544,"Kolkata, India",Sector 16,22.560685,88.275529,CAT-163,29.41,SRTM_3arc,Commercial,B,5.25,67.0,CurbInlet,Blended,42.0,2,monitor,0.07720588235294118,21.0,Low Risk
SEG-01545,"Singapore, Singapore",District 23,1.160615,103.679864,CAT-107,12.77,Copernicus_GLO-30_v2023,Residential,B,4.28,81.8,OpenChannel,IMD,49.8,50,monitor,0.05169082125603865,0.996,Low Risk
SEG-01546,"Dubai, UAE",District 6,25.122209,55.161431,CAT-158,15.77,Copernicus_EEA-10_v5,Residential,B,5.9,61.0,CurbInlet,ERA5,18.2,5,monitor,0.09516129032258065,3.6399999999999997,Low Risk
SEG-01547,"Manila, Philippines",Sector 22,14.647308,120.966319,CAT-023,-3.0,SRTM_3arc,Roads,D,5.04,59.5,Manhole,Blended,78.2,25,ponding_hotspot|low_lying|event_2023-05-20,0.08330578512396694,3.128,High Risk
SEG-01548,"Rio de Janeiro, Brazil",Borough Hillside,-23.022128,-43.209847,CAT-139,16.8,SRTM_1arc,Mixed,B,9.33,14.9,GratedInlet,Blended,58.9,50,monitor,0.5867924528301887,1.178,Low Risk
SEG-01549,"Cape Town, South Africa",Sector 15,-34.038614,18.436743,CAT-168,85.96,Copernicus_EEA-10_v5,Industrial,D,6.25,91.69999999999999,Manhole,IMD,44.7,50,monitor,0.06742179072276161,0.894,Low Risk
SEG-01550,"Paris, France",Zone X,48.773623,2.362798,CAT-087,28.8,Copernicus_GLO-90_v2022,Residential,B,3.62,61.0,CurbInlet,LocalGauge,51.9,5,monitor,0.05838709677419355,10.379999999999999,Low Risk
SEG-01551,"Barcelona, Spain",District 12,41.405399,2.107381,CAT-116,13.09,Copernicus_GLO-30_v2023,Mixed,B,6.58,91.69999999999999,CurbInlet,ERA5,47.1,25,monitor,0.07098166127292342,1.8840000000000001,Low Risk
SEG-01552,"Hyderabad, India",Ward C,17.34567,78.435331,CAT-016,47.43,Copernicus_GLO-90_v2022,Roads,B,4.54,115.8,CurbInlet,IMD,19.5,5,monitor,0.03886986301369863,3.9,Low Risk
SEG-01553,"Durban, South Africa",Borough Old Town,-29.908283,31.042215,CAT-101,13.76,Copernicus_EEA-10_v5,Industrial,C,10.15,154.6,OpenChannel,ERA5,41.1,10,monitor,0.06523136246786633,4.11,Low Risk
SEG-01554,"Riyadh, Saudi Arabia",Ward G,24.733444,46.584946,CAT-074,108.86,SRTM_3arc,Industrial,D,9.64,74.1,Manhole,LocalGauge,36.8,5,monitor,0.12836218375499336,7.359999999999999,Low Risk
SEG-01555,"Tehran, Iran",Zone V,35.645564,51.461274,CAT-169,153.53,Copernicus_GLO-90_v2022,Roads,B,7.36,249.7,OpenChannel,Blended,16.9,5,monitor,0.029357798165137616,3.38,Low Risk
SEG-01556,"Nairobi, Kenya",Borough Harbor,-1.331729,36.851342,CAT-105,47.56,SRTM_1arc,Green,D,1.83,145.6,Manhole,ERA5,29.4,2,sparse_drainage,0.012482946793997272,14.7,Medium Risk
SEG-01557,"Durban, South Africa",Ward A,-29.816668,30.933896,CAT-145,29.33,Copernicus_GLO-30_v2023,Residential,A,5.04,25.0,Manhole,ERA5,25.1,10,monitor,0.19384615384615383,2.5100000000000002,Low Risk
SEG-01558,"Philadelphia, USA",Ward K,39.962015,-75.161309,CAT-156,36.1,SRTM_1arc,Roads,B,4.97,243.2,OpenChannel,ERA5,28.5,10,monitor,0.02035217035217035,2.85,Low Risk
SEG-01559,"Ahmedabad, India",Sector 30,23.196883,72.733346,CAT-128,48.24,Copernicus_GLO-30_v2023,Roads,C,4.88,129.2,Manhole,ERA5,66.9,50,monitor,0.03748079877112136,1.338,Low Risk
SEG-01560,"Jakarta, Indonesia",Zone VIII,-6.150071,106.69981,CAT-143,15.64,SRTM_3arc,Industrial,A,6.2,60.0,Manhole,ERA5,53.8,2,monitor,0.10163934426229508,26.9,Low Risk
SEG-01561,"Colombo, Sri Lanka",Borough East,6.782412,79.757041,CAT-036,7.66,Copernicus_GLO-30_v2023,Commercial,D,7.59,32.6,OpenChannel,ERA5,44.4,5,low_lying,0.22589285714285712,8.879999999999999,Medium Risk
SEG-01562,"Lima, Peru",District 26,-11.999194,-77.046337,CAT-052,43.27,SRTM_3arc,Industrial,A,7.37,33.1,GratedInlet,Blended,19.6,5,monitor,0.2161290322580645,3.9200000000000004,Low Risk
SEG-01563,"Doha, Qatar",Borough South,25.184421,51.583828,CAT-022,25.130000000000003,SRTM_1arc,Roads,B,4.27,33.6,CurbInlet,ERA5,20.6,5,monitor,0.12341040462427744,4.12,Low Risk
SEG-01564,"Philadelphia, USA",Sector 6,39.830636,-75.160047,CAT-079,26.28,SRTM_3arc,Commercial,B,5.14,13.6,OpenChannel,LocalGauge,34.9,5,monitor,0.35205479452054794,6.9799999999999995,Low Risk
SEG-01565,"Singapore, Singapore",District 15,1.409454,103.889985,CAT-125,9.54,SRTM_3arc,Residential,B,3.25,91.69999999999999,GratedInlet,IMD,104.8,25,extreme_rain_history,0.03505933117583603,4.192,High Risk
SEG-01566,"London, UK",Ward C,51.486246,-0.139597,CAT-084,38.75,Copernicus_GLO-30_v2023,Roads,D,9.66,192.9,OpenChannel,ERA5,51.5,50,monitor,0.049819494584837545,1.03,Low Risk
SEG-01567,"Jakarta, Indonesia",Sector 21,-6.244949,106.706336,CAT-029,20.6,SRTM_1arc,Roads,A,6.07,225.3,OpenChannel,Blended,35.9,2,monitor,0.026822801590808663,17.95,Low Risk
SEG-01568,"Mexico City, Mexico",Ward K,19.548505,-99.064033,CAT-107,18.59,Copernicus_GLO-30_v2023,Water,B,1.81,229.5,GratedInlet,ERA5,47.4,10,sparse_drainage|event_2023-07-24,0.007852494577006508,4.74,Medium Risk
SEG-01569,"San Francisco, USA",Ward G,37.852055,-122.430698,CAT-020,25.130000000000003,Copernicus_GLO-30_v2023,Residential,C,6.73,17.2,Manhole,Blended,56.0,2,monitor,0.3697802197802198,28.0,Low Risk
SEG-01570,"Pune, India",District 21,18.386667,73.967328,CAT-016,51.25,SRTM_1arc,Roads,B,5.87,91.69999999999999,OpenChannel,ERA5,36.4,5,monitor,0.06332254584681771,7.279999999999999,Low Risk
SEG-01571,"Vancouver, Canada",Borough Old Town,49.239396,-123.140558,CAT-051,15.27,SRTM_1arc,Water,C,7.14,49.1,GratedInlet,LocalGauge,23.1,10,monitor,0.14251497005988023,2.31,Low Risk
SEG-01572,"Chennai, India",Borough Old Town,13.074335,80.220845,CAT-093,14.61,SRTM_1arc,Residential,B,4.95,162.3,OpenChannel,IMD,70.9,50,monitor,0.030312308634415187,1.4180000000000001,Low Risk
SEG-01573,"Miami, USA",Borough West,25.755035,-79.975037,CAT-033,5.29,Copernicus_EEA-10_v5,Residential,A,2.69,21.7,GratedInlet,ERA5,28.3,2,low_lying|sparse_drainage|event_2024-07-25,0.11850220264317181,14.15,Medium Risk
SEG-01574,"Istanbul, Türkiye",District 18,40.889105,29.058041,CAT-095,101.53,Copernicus_EEA-10_v5,Commercial,B,10.58,135.7,CurbInlet,ERA5,53.9,50,monitor,0.07739575713240673,1.078,Low Risk
SEG-01575,"Barcelona, Spain",Borough North,41.463531,2.082965,CAT-162,12.51,Copernicus_GLO-30_v2023,Residential,C,7.31,69.7,GratedInlet,ERA5,51.8,50,monitor,0.10339462517680338,1.036,Low Risk
SEG-01576,"Lagos, Nigeria",Borough Hillside,6.555921,3.406728,CAT-011,21.92,Copernicus_GLO-30_v2023,Commercial,C,10.43,363.4,OpenChannel,ERA5,36.9,2,monitor,0.02862239297475302,18.45,Low Risk
SEG-01577,"Lima, Peru",Borough Old Town,-12.059378,-77.080852,CAT-081,29.21,Copernicus_GLO-90_v2022,Green,B,2.46,333.8,CurbInlet,ERA5,30.6,50,sparse_drainage,0.007347670250896057,0.612,Medium Risk
SEG-01578,"Lagos, Nigeria",District 7,6.513477,3.441327,CAT-164,-3.0,SRTM_1arc,Roads,C,6.7,98.9,CurbInlet,LocalGauge,39.1,5,ponding_hotspot|low_lying,0.06706706706706707,7.82,High Risk
SEG-01579,"Buenos Aires, Argentina",Sector 27,-34.53649,-58.348884,CAT-099,70.81,Copernicus_EEA-10_v5,Mixed,A,7.2,190.2,OpenChannel,ERA5,25.0,5,monitor,0.03765690376569038,5.0,Low Risk
SEG-01580,"New Orleans, USA",District 7,29.956204,-90.08749,CAT-155,8.71,Copernicus_EEA-10_v5,Commercial,C,6.71,91.3,GratedInlet,ERA5,24.4,25,monitor,0.07269772481040086,0.976,Low Risk
SEG-01581,"Durban, South Africa",Borough South,-29.835853,30.98201,CAT-114,77.37,SRTM_1arc,Roads,C,10.47,22.5,CurbInlet,ERA5,20.9,10,monitor,0.44553191489361704,2.09,Low Risk
SEG-01582,"Shenzhen, China",Zone VII,22.655303,113.931653,CAT-101,1.6,Copernicus_GLO-30_v2023,Commercial,D,8.32,28.9,CurbInlet,ERA5,57.1,2,ponding_hotspot|low_lying,0.2782608695652174,28.55,High Risk
SEG-01583,"Bangkok, Thailand",District 20,13.86683,100.382149,CAT-137,19.54,SRTM_1arc,Industrial,B,4.78,79.0,CurbInlet,ERA5,97.0,2,extreme_rain_history,0.059750000000000004,48.5,High Risk
SEG-01584,"Auckland, New Zealand",Zone II,-36.782513,174.791502,CAT-163,70.32,SRTM_1arc,Green,D,3.82,236.3,OpenChannel,ERA5,26.7,50,monitor,0.016097766540244415,0.534,Low Risk
SEG-01585,"Durban, South Africa",District 1,-29.864562,30.996099,CAT-007,-3.0,Copernicus_EEA-10_v5,Residential,D,3.96,54.4,CurbInlet,ERA5,30.2,25,ponding_hotspot|low_lying,0.07148014440433213,1.208,High Risk
SEG-01586,"Bangkok, Thailand",Zone V,13.695715,100.533076,CAT-003,2.99,SRTM_1arc,Residential,D,6.68,105.6,GratedInlet,ERA5,33.9,5,low_lying,0.06266416510318949,6.779999999999999,Medium Risk
SEG-01587,"Rome, Italy",Zone IX,41.936646,12.538349,CAT-167,29.11,Copernicus_GLO-90_v2022,Roads,A,5.54,91.69999999999999,CurbInlet,LocalGauge,72.7,25,monitor,0.05976267529665589,2.908,Low Risk
SEG-01588,"Karachi, Pakistan",Ward K,24.871737,67.003027,CAT-096,88.89,SRTM_1arc,Commercial,A,4.47,65.6,CurbInlet,IMD,32.1,2,monitor,0.06711711711711713,16.05,Low Risk
SEG-01589,"San Francisco, USA",Borough Hillside,37.690249,-122.392396,CAT-082,46.22,Copernicus_GLO-30_v2023,Commercial,C,8.42,154.1,GratedInlet,ERA5,15.0,5,monitor,0.054287556415215994,3.0,Low Risk
SEG-01590,"Sao Paulo, Brazil",Zone IV,-23.496734,-46.433007,CAT-052,19.87,SRTM_1arc,Commercial,C,4.55,57.2,Manhole,ERA5,47.5,2,monitor,0.0781786941580756,23.75,Low Risk
SEG-01591,"Singapore, Singapore",Sector 29,1.271992,103.805096,CAT-147,14.19,Copernicus_EEA-10_v5,Roads,B,8.52,84.4,OpenChannel,LocalGauge,60.0,25,monitor,0.09976580796252926,2.4,Low Risk
SEG-01592,"Rome, Italy",Borough North,42.026394,12.391153,CAT-117,48.77,SRTM_3arc,Residential,D,2.9,102.2,GratedInlet,ERA5,41.1,10,sparse_drainage,0.028100775193798447,4.11,Medium Risk
SEG-01593,"Sao Paulo, Brazil",Sector 11,-23.507695,-46.765201,CAT-167,128.63,Copernicus_GLO-90_v2022,Residential,C,5.68,93.4,CurbInlet,ERA5,57.9,25,monitor,0.060169491525423724,2.316,Low Risk
SEG-01594,"Riyadh, Saudi Arabia",District 4,24.904087,46.524995,CAT-087,25.130000000000003,SRTM_1arc,Commercial,D,3.6,30.2,Manhole,ERA5,18.0,5,monitor,0.11538461538461539,3.6,Low Risk
SEG-01595,"Durban, South Africa",Borough Harbor,-29.904586,31.047679,CAT-104,34.79,Copernicus_GLO-30_v2023,Industrial,B,5.55,507.0,CurbInlet,ERA5,18.1,2,monitor,0.0109251968503937,9.05,Low Risk
SEG-01596,"Hanoi, Vietnam",District 2,21.007812,105.847113,CAT-040,122.69,SRTM_3arc,Residential,C,6.98,33.5,OpenChannel,Blended,53.1,5,monitor,0.20231884057971017,10.620000000000001,Low Risk
SEG-01597,"Osaka, Japan",Sector 11,34.617177,135.531037,CAT-037,106.75,Copernicus_GLO-30_v2023,Industrial,B,10.24,23.1,GratedInlet,ERA5,31.2,2,monitor,0.42489626556016596,15.6,Low Risk
SEG-01598,"Brisbane, Australia",District 16,-27.476446,152.988144,CAT-067,47.72,Copernicus_EEA-10_v5,Residential,C,8.49,22.8,GratedInlet,ERA5,23.0,2,monitor,0.35672268907563026,11.5,Low Risk
SEG-01599,"Houston, USA",Zone V,29.797016,-95.385727,CAT-051,2.67,SRTM_1arc,Commercial,B,11.48,38.5,GratedInlet,ERA5,26.1,10,low_lying,0.29063291139240505,2.6100000000000003,Medium Risk
SEG-01600,"New York, USA",Ward A,40.655767,-73.973597,CAT-107,47.77,Copernicus_GLO-30_v2023,Residential,C,3.51,38.3,Manhole,Blended,39.9,5,monitor,0.08931297709923665,7.9799999999999995,Low Risk
SEG-01601,"Rotterdam, Netherlands",Zone II,52.020667,4.48802,CAT-090,17.01,Copernicus_GLO-30_v2023,Green,C,4.27,292.0,Manhole,ERA5,28.6,2,monitor,0.014573378839590442,14.3,Low Risk
SEG-01602,"Guangzhou, China",Ward F,23.090813,113.237465,CAT-035,-1.15,Copernicus_GLO-30_v2023,Green,A,5.74,254.0,CurbInlet,ERA5,74.9,10,low_lying|event_2022-06-21,0.02250980392156863,7.49,Medium Risk
SEG-01603,"Washington DC, USA",Ward G,38.968952,-77.014721,CAT-017,89.08,Copernicus_GLO-30_v2023,Residential,D,3.66,131.1,GratedInlet,Blended,28.0,10,monitor,0.02770628311884936,2.8,Low Risk
SEG-01604,"Karachi, Pakistan",District 16,24.797458,66.813457,CAT-085,101.91,SRTM_3arc,Institutional,C,5.03,231.1,CurbInlet,ERA5,36.8,5,monitor,0.02167169323567428,7.359999999999999,Low Risk
SEG-01605,"Chennai, India",Borough Delta,13.085968,80.268848,CAT-033,17.48,SRTM_1arc,Industrial,D,6.68,409.9,OpenChannel,LocalGauge,87.2,50,extreme_rain_history,0.01625699683621319,1.744,High Risk
SEG-01606,"Cape Town, South Africa",Zone II,-34.062037,18.40062,CAT-124,41.31,Copernicus_EEA-10_v5,Mixed,C,5.81,90.8,CurbInlet,IMD,31.7,2,monitor,0.06328976034858387,15.85,Low Risk
SEG-01607,"Auckland, New Zealand",Zone II,-36.874419,174.887109,CAT-016,62.75,SRTM_1arc,Residential,B,4.15,61.7,Manhole,ERA5,56.2,5,monitor,0.06618819776714514,11.24,Low Risk
SEG-01608,"Shenzhen, China",District 22,22.518045,114.052657,CAT-121,-3.0,Copernicus_GLO-30_v2023,Roads,C,9.45,49.8,CurbInlet,IMD,111.8,25,ponding_hotspot|extreme_rain_history|low_lying,0.1860236220472441,4.4719999999999995,High Risk
SEG-01609,"Amsterdam, Netherlands",Zone IX,52.477076,4.916432,CAT-083,3.67,SRTM_1arc,Roads,C,5.32,69.6,CurbInlet,ERA5,10.1,25,low_lying,0.07535410764872522,0.40399999999999997,Medium Risk
SEG-01610,"Singapore, Singapore",Sector 22,1.235723,103.753477,CAT-005,11.63,Copernicus_GLO-30_v2023,Industrial,B,10.28,274.9,OpenChannel,Blended,77.8,25,monitor,0.03725987676694455,3.112,Low Risk
SEG-01611,"Rotterdam, Netherlands",Sector 10,51.92346,4.398333,CAT-004,1.87,SRTM_1arc,Industrial,D,6.25,52.7,Manhole,IMD,43.6,5,ponding_hotspot|low_lying|event_2024-02-27,0.11638733705772811,8.72,High Risk
SEG-01612,"Manila, Philippines",Ward K,14.62007,121.050932,CAT-136,23.82,Copernicus_GLO-90_v2022,Green,D,6.25,216.8,OpenChannel,ERA5,73.1,25,monitor,0.02869605142332415,2.924,Low Risk
SEG-01613,"Taipei, Taiwan",Sector 23,24.940458,121.604363,CAT-087,25.130000000000003,Copernicus_EEA-10_v5,Residential,D,2.76,48.6,Manhole,LocalGauge,49.9,25,sparse_drainage,0.05564516129032258,1.996,Medium Risk
SEG-01614,"Osaka, Japan",Sector 9,34.564401,135.491588,CAT-094,8.8,SRTM_1arc,Roads,C,4.68,88.8,GratedInlet,Blended,59.0,100,monitor,0.05211581291759465,0.59,Low Risk
SEG-01615,"Accra, Ghana",Borough Central,5.492264,-0.166883,CAT-040,13.4,Copernicus_GLO-90_v2022,Residential,C,3.49,61.9,GratedInlet,ERA5,150.0,100,ponding_hotspot|extreme_rain_history,0.05548489666136725,1.5,High Risk
SEG-01616,"Lagos, Nigeria",Borough North,6.662943,3.494447,CAT-045,27.26,SRTM_1arc,Residential,A,3.83,126.0,OpenChannel,ERA5,48.0,10,monitor,0.03015748031496063,4.8,Low Risk
SEG-01617,"Athens, Greece",Sector 23,37.910108,23.689854,CAT-001,54.09,Copernicus_GLO-30_v2023,Industrial,D,8.38,409.6,OpenChannel,LocalGauge,30.0,25,monitor,0.02040915733073551,1.2,Low Risk
SEG-01618,"Tokyo, Japan",District 26,35.676908,139.715177,CAT-032,41.42,SRTM_1arc,Green,C,4.2,139.8,GratedInlet,LocalGauge,31.8,50,monitor,0.029829545454545452,0.636,Low Risk
SEG-01619,"Copenhagen, Denmark",Sector 22,55.705705,12.593475,CAT-114,22.61,Copernicus_GLO-30_v2023,Industrial,C,9.35,27.3,GratedInlet,ERA5,22.8,2,monitor,0.33038869257950526,11.4,Low Risk
SEG-01620,"Karachi, Pakistan",Zone II,24.836456,66.972998,CAT-099,83.99,Copernicus_GLO-90_v2022,Commercial,B,9.59,47.6,CurbInlet,IMD,58.0,10,monitor,0.19732510288065844,5.8,Low Risk
SEG-01621,"Taipei, Taiwan",Ward I,24.916641,121.583707,CAT-149,100.83,SRTM_1arc,Commercial,B,4.28,74.7,Manhole,ERA5,38.2,10,monitor,0.05653896961690885,3.8200000000000003,Low Risk
SEG-01622,"Sao Paulo, Brazil",Ward C,-23.464615,-46.611385,CAT-154,38.38,Copernicus_GLO-30_v2023,Commercial,C,7.45,34.5,OpenChannel,ERA5,42.1,25,monitor,0.20985915492957746,1.6840000000000002,Low Risk
SEG-01623,"Kolkata, India",Borough West,22.539001,88.465002,CAT-177,85.38,Copernicus_GLO-30_v2023,Green,B,2.25,174.5,Manhole,Blended,57.0,2,sparse_drainage,0.01282051282051282,28.5,Medium Risk
SEG-01624,"Cape Town, South Africa",Borough West,-33.918674,18.451922,CAT-123,50.24,Copernicus_GLO-90_v2022,Residential,D,5.67,48.0,GratedInlet,ERA5,18.2,5,monitor,0.11571428571428571,3.6399999999999997,Low Risk
SEG-01625,"Delhi, India",Sector 15,28.635472,77.344476,CAT-155,76.8,SRTM_1arc,Industrial,D,6.57,36.1,CurbInlet,ERA5,62.2,2,monitor,0.177088948787062,31.1,Low Risk
SEG-01626,"Hanoi, Vietnam",District 21,21.088588,105.857753,CAT-163,-3.0,Copernicus_EEA-10_v5,Industrial,B,8.54,115.0,CurbInlet,IMD,32.6,5,low_lying,0.0736206896551724,6.5200000000000005,Medium Risk
SEG-01627,"Istanbul, Türkiye",Zone V,40.957551,29.10837,CAT-058,24.83,SRTM_1arc,Residential,C,6.25,18.5,Manhole,LocalGauge,40.0,2,monitor,0.32051282051282054,20.0,Low Risk
SEG-01628,"Osaka, Japan",Ward I,34.74935,135.550278,CAT-005,-3.0,Copernicus_EEA-10_v5,Green,D,2.67,292.1,CurbInlet,IMD,39.5,10,ponding_hotspot|low_lying|sparse_drainage,0.009109518935516887,3.95,High Risk
SEG-01629,"Ahmedabad, India",District 14,22.868827,72.758322,CAT-124,35.78,SRTM_1arc,Industrial,A,5.79,91.69999999999999,CurbInlet,LocalGauge,24.6,2,monitor,0.06245954692556635,12.3,Low Risk
SEG-01630,"Bogotá, Colombia",Ward C,4.719281,-74.137331,CAT-012,-3.0,SRTM_3arc,Residential,A,3.75,150.4,CurbInlet,ERA5,24.7,25,low_lying,0.02476882430647292,0.988,Medium Risk
SEG-01631,"Vancouver, Canada",Ward H,49.333262,-123.025642,CAT-176,13.1,SRTM_3arc,Mixed,A,6.25,7.4,GratedInlet,ERA5,61.9,2,monitor,0.7440476190476191,30.95,Low Risk
SEG-01632,"Guangzhou, China",Zone I,23.285744,113.283006,CAT-010,25.130000000000003,SRTM_1arc,Residential,A,4.58,12.6,CurbInlet,LocalGauge,75.2,10,monitor,0.33676470588235297,7.5200000000000005,Low Risk
SEG-01633,"Tokyo, Japan",Zone X,35.813078,139.651669,CAT-031,-0.71,Copernicus_GLO-90_v2022,Industrial,D,6.84,92.2,Manhole,ERA5,34.9,5,ponding_hotspot|low_lying,0.07339055793991416,6.9799999999999995,High Risk
SEG-01634,"Athens, Greece",Borough Delta,37.961924,23.775224,CAT-016,25.130000000000003,SRTM_1arc,Green,C,6.25,351.0,Manhole,LocalGauge,54.4,10,monitor,0.01775568181818182,5.4399999999999995,Low Risk
SEG-01635,"Cape Town, South Africa",Sector 15,-33.969035,18.322638,CAT-034,202.72,SRTM_1arc,Industrial,D,7.12,162.6,CurbInlet,Blended,35.0,2,monitor,0.043520782396088024,17.5,Low Risk
SEG-01636,"Singapore, Singapore",District 29,1.349995,103.856521,CAT-103,19.45,SRTM_1arc,Residential,A,7.08,130.4,CurbInlet,Blended,65.6,10,monitor,0.053881278538812784,6.56,Low Risk
SEG-01637,"Karachi, Pakistan",Borough Harbor,24.891112,67.095459,CAT-146,25.130000000000003,Copernicus_GLO-30_v2023,Industrial,B,4.92,400.0,CurbInlet,LocalGauge,18.0,10,monitor,0.012269326683291771,1.8,Low Risk
SEG-01638,"Ho Chi Minh City, Vietnam",District 23,10.801121,106.658887,CAT-139,10.88,SRTM_3arc,Green,B,8.17,147.3,CurbInlet,ERA5,70.5,100,monitor,0.05509103169251517,0.705,Low Risk
SEG-01639,"Osaka, Japan",Borough Central,34.503467,135.566862,CAT-131,97.81,SRTM_3arc,Commercial,D,10.51,91.69999999999999,OpenChannel,ERA5,29.6,10,monitor,0.11337648327939591,2.96,Low Risk
SEG-01640,"Houston, USA",Ward C,29.734851,-95.367471,CAT-107,81.43,Copernicus_GLO-30_v2023,Mixed,B,3.79,30.3,Manhole,LocalGauge,20.4,10,monitor,0.12108626198083067,2.04,Low Risk
SEG-01641,"Karachi, Pakistan",District 20,24.845006,67.137882,CAT-064,230.96,Copernicus_EEA-10_v5,Residential,C,4.31,170.9,Manhole,ERA5,34.4,5,monitor,0.025072716695753342,6.88,Low Risk
SEG-01642,"Rome, Italy",Ward F,41.886342,12.522925,CAT-087,-3.0,SRTM_1arc,Mixed,A,6.0,122.6,Manhole,ERA5,18.2,2,low_lying,0.04854368932038835,9.1,Medium Risk
SEG-01643,"Rotterdam, Netherlands",Borough Riverside,51.925171,4.543845,CAT-115,8.06,SRTM_3arc,Roads,A,8.28,114.2,OpenChannel,ERA5,40.6,2,monitor,0.071875,20.3,Low Risk
SEG-01644,"Mumbai, India",Borough East,19.059062,72.939655,CAT-159,2.8,SRTM_1arc,Residential,A,6.25,35.9,CurbInlet,ERA5,57.3,5,low_lying,0.16937669376693767,11.459999999999999,Medium Risk
SEG-01645,"Accra, Ghana",Zone VI,5.653046,-0.213407,CAT-126,13.38,SRTM_3arc,Residential,B,5.17,97.1,Manhole,ERA5,61.7,5,monitor,0.0527013251783894,12.34,Low Risk
SEG-01646,"Miami, USA",Sector 18,25.687468,-80.178397,CAT-175,7.89,SRTM_1arc,Water,B,7.01,162.5,OpenChannel,ERA5,53.8,10,low_lying,0.04287461773700306,5.38,Medium Risk
SEG-01647,"London, UK",Ward H,51.648201,0.009707,CAT-079,50.63,SRTM_1arc,Residential,B,5.2,96.8,CurbInlet,LocalGauge,38.2,5,monitor,0.053169734151329244,7.640000000000001,Low Risk
SEG-01648,"Rio de Janeiro, Brazil",Sector 28,-22.847835,-43.168922,CAT-138,3.53,SRTM_3arc,Roads,A,4.43,33.8,Manhole,IMD,62.4,10,low_lying,0.12729885057471266,6.24,Medium Risk
SEG-01649,"Buenos Aires, Argentina",District 29,-34.684341,-58.387273,CAT-052,-3.0,Copernicus_GLO-30_v2023,Commercial,C,11.16,79.2,Manhole,LocalGauge,24.6,50,low_lying,0.13915211970074812,0.49200000000000005,Medium Risk
SEG-01650,"Shanghai, China",Zone X,31.340696,121.3909,CAT-012,16.21,Copernicus_EEA-10_v5,Roads,B,8.98,92.5,CurbInlet,Blended,17.2,10,monitor,0.09604278074866311,1.72,Low Risk
SEG-01651,"Accra, Ghana",Borough Harbor,5.713856,-0.155188,CAT-063,19.23,SRTM_1arc,Roads,A,3.93,28.7,GratedInlet,LocalGauge,93.6,50,extreme_rain_history,0.13232323232323234,1.8719999999999999,High Risk
SEG-01652,"Seoul, South Korea",Borough Riverside,37.624126,126.997375,CAT-038,48.6,Copernicus_GLO-30_v2023,Green,B,7.27,60.5,OpenChannel,ERA5,54.8,2,monitor,0.11821138211382114,27.4,Low Risk
SEG-01653,"Riyadh, Saudi Arabia",Sector 16,24.748862,46.707945,CAT-178,31.08,SRTM_1arc,Roads,C,10.01,79.1,Manhole,LocalGauge,14.6,2,monitor,0.12496878901373284,7.3,Low Risk
SEG-01654,"Bogotá, Colombia",Zone IV,4.827368,-74.079459,CAT-008,86.14,Copernicus_EEA-10_v5,Industrial,B,5.06,207.1,CurbInlet,LocalGauge,37.8,2,monitor,0.02431523306102835,18.9,Low Risk
SEG-01655,"Amsterdam, Netherlands",Sector 25,52.369307,4.893947,CAT-009,25.130000000000003,Copernicus_GLO-30_v2023,Residential,B,3.17,16.0,GratedInlet,Blended,34.8,5,monitor,0.1864705882352941,6.959999999999999,Low Risk
SEG-01656,"Lima, Peru",Sector 5,-12.121319,-76.973366,CAT-105,-3.0,Copernicus_GLO-30_v2023,Roads,A,5.87,26.6,CurbInlet,Blended,49.7,50,low_lying,0.21268115942028984,0.9940000000000001,Medium Risk
SEG-01657,"Jakarta, Indonesia",Ward K,-6.214388,106.7287,CAT-056,2.29,Copernicus_EEA-10_v5,Commercial,B,7.71,91.69999999999999,CurbInlet,ERA5,140.8,50,ponding_hotspot|extreme_rain_history|low_lying,0.08317152103559872,2.8160000000000003,High Risk
SEG-01658,"Vancouver, Canada",Borough Central,49.229423,-123.064892,CAT-084,0.54,Copernicus_GLO-30_v2023,Green,B,1.54,255.5,GratedInlet,ERA5,23.1,50,low_lying|sparse_drainage|event_2025-04-11,0.006003898635477583,0.462,Medium Risk
SEG-01659,"Auckland, New Zealand",District 11,-36.777294,174.72991,CAT-159,52.24,Copernicus_GLO-30_v2023,Institutional,B,5.86,80.8,Manhole,ERA5,35.8,5,monitor,0.07163814180929096,7.159999999999999,Low Risk
SEG-01660,"Seoul, South Korea",Sector 28,37.550299,127.093896,CAT-027,-3.0,SRTM_1arc,Commercial,D,9.75,82.6,GratedInlet,LocalGauge,49.7,10,ponding_hotspot|low_lying,0.11662679425837322,4.970000000000001,High Risk
SEG-01661,"Chennai, India",Zone III,13.158168,80.346084,CAT-152,10.05,Copernicus_GLO-90_v2022,Green,D,3.9,523.1,CurbInlet,ERA5,103.8,25,ponding_hotspot|extreme_rain_history,0.007441327990841442,4.152,High Risk
SEG-01662,"Auckland, New Zealand",Ward H,-36.887958,174.707513,CAT-061,58.0,Copernicus_GLO-90_v2022,Mixed,C,8.37,52.6,GratedInlet,ERA5,51.0,2,monitor,0.15615671641791043,25.5,Low Risk
SEG-01663,"Philadelphia, USA",Ward I,39.95512,-75.114547,CAT-020,38.1,Copernicus_EEA-10_v5,Roads,A,8.24,17.4,Manhole,ERA5,30.7,25,monitor,0.44782608695652176,1.228,Low Risk
SEG-01664,"Ho Chi Minh City, Vietnam",Zone II,10.766218,106.701474,CAT-131,9.42,SRTM_1arc,Roads,B,10.36,121.9,CurbInlet,ERA5,28.2,10,monitor,0.08429617575264442,2.82,Low Risk
SEG-01665,"Ahmedabad, India",Sector 10,23.109766,72.510081,CAT-177,26.84,Copernicus_GLO-30_v2023,Roads,A,5.28,110.4,GratedInlet,Blended,28.4,25,monitor,0.0473967684021544,1.136,Low Risk
SEG-01666,"Mexico City, Mexico",Ward D,19.411528,-98.989933,CAT-090,8.49,SRTM_1arc,Industrial,B,4.15,40.7,GratedInlet,ERA5,16.9,50,monitor,0.09952038369304557,0.33799999999999997,Low Risk
SEG-01667,"London, UK",Borough Central,51.606573,-0.061731,CAT-162,27.18,SRTM_3arc,Roads,D,6.11,7.1,Manhole,ERA5,59.8,10,monitor,0.7543209876543211,5.9799999999999995,Low Risk
SEG-01668,"Osaka, Japan",Sector 24,34.727556,135.373805,CAT-072,-3.0,SRTM_1arc,Residential,A,4.33,215.2,CurbInlet,ERA5,13.6,10,low_lying,0.020027752081406107,1.3599999999999999,Medium Risk
SEG-01669,"Dubai, UAE",Zone I,25.317464,55.26053,CAT-132,21.61,SRTM_1arc,Roads,B,5.48,47.4,CurbInlet,ERA5,30.4,2,monitor,0.11322314049586778,15.2,Low Risk
SEG-01670,"Rio de Janeiro, Brazil",Zone V,-22.959798,-43.216563,CAT-044,4.43,Copernicus_GLO-30_v2023,Commercial,A,3.18,164.7,CurbInlet,LocalGauge,43.9,10,low_lying,0.0191913095956548,4.39,Medium Risk
SEG-01671,"Ho Chi Minh City, Vietnam",Sector 20,10.915452,106.656895,CAT-089,6.17,Copernicus_GLO-30_v2023,Residential,B,5.72,128.2,CurbInlet,Blended,95.8,25,extreme_rain_history|low_lying,0.04427244582043344,3.832,High Risk
SEG-01672,"Shenzhen, China",District 5,22.416014,113.990211,CAT-134,4.77,SRTM_1arc,Residential,B,6.08,112.2,GratedInlet,ERA5,37.6,25,low_lying,0.05371024734982332,1.504,Medium Risk
SEG-01673,"Tokyo, Japan",Zone IV,35.730363,139.661608,CAT-010,88.18,SRTM_3arc,Residential,D,5.71,91.69999999999999,GratedInlet,Blended,20.6,2,monitor,0.061596548004315,10.3,Low Risk
SEG-01674,"Brisbane, Australia",Borough Central,-27.514029,152.932383,CAT-026,36.66,Copernicus_GLO-30_v2023,Residential,D,2.07,129.5,CurbInlet,ERA5,28.5,10,sparse_drainage,0.01586206896551724,2.85,Medium Risk
SEG-01675,"Paris, France",District 9,48.864973,2.399368,CAT-085,41.55,SRTM_3arc,Roads,A,8.76,32.7,GratedInlet,Blended,7.0,5,monitor,0.2599406528189911,1.4,Low Risk
SEG-01676,"Dubai, UAE",Zone VI,25.284412,55.322374,CAT-060,96.86,SRTM_1arc,Residential,A,5.31,26.7,CurbInlet,IMD,28.8,25,monitor,0.19169675090252708,1.1520000000000001,Low Risk
SEG-01677,"Seoul, South Korea",Sector 24,37.591389,126.960039,CAT-134,21.32,Copernicus_GLO-30_v2023,Residential,B,4.41,51.2,Manhole,ERA5,35.5,10,monitor,0.08448275862068966,3.55,Low Risk
SEG-01678,"Riyadh, Saudi Arabia",Ward J,24.796394,46.658875,CAT-070,111.79,Copernicus_EEA-10_v5,Roads,B,7.71,53.7,Manhole,ERA5,21.5,10,monitor,0.1409506398537477,2.15,Low Risk
SEG-01679,"Bengaluru, India",Borough North,13.037432,77.493175,CAT-178,25.130000000000003,SRTM_1arc,Green,B,4.83,112.9,Manhole,ERA5,20.9,2,monitor,0.04240561896400351,10.45,Low Risk
SEG-01680,"Vancouver, Canada",Sector 11,49.226887,-123.141713,CAT-004,2.14,Copernicus_GLO-30_v2023,Commercial,A,6.37,227.0,OpenChannel,ERA5,25.8,5,low_lying,0.02793859649122807,5.16,Medium Risk
SEG-01681,"Washington DC, USA",Zone I,39.025691,-77.044375,CAT-003,60.72,Copernicus_GLO-90_v2022,Roads,D,6.25,73.1,OpenChannel,ERA5,14.5,2,monitor,0.08434547908232119,7.25,Low Risk
SEG-01682,"Sao Paulo, Brazil",District 6,-23.53946,-46.609679,CAT-003,40.4,Copernicus_EEA-10_v5,Industrial,D,6.19,91.69999999999999,CurbInlet,ERA5,109.5,10,extreme_rain_history,0.06677454153182309,10.95,High Risk
SEG-01683,"Seoul, South Korea",Zone X,37.55904,126.911568,CAT-134,55.37,SRTM_1arc,Commercial,B,8.6,511.3,CurbInlet,LocalGauge,43.7,5,monitor,0.016787038844427095,8.74,Low Risk
SEG-01684,"Kolkata, India",Sector 17,22.529005,88.303404,CAT-041,32.44,Copernicus_EEA-10_v5,Green,A,1.78,74.9,OpenChannel,ERA5,67.3,10,sparse_drainage,0.023451910408432145,6.7299999999999995,Medium Risk
SEG-01685,"Buenos Aires, Argentina",District 18,-34.576375,-58.36159,CAT-108,59.71,SRTM_1arc,Commercial,B,5.04,58.0,Manhole,ERA5,38.9,5,monitor,0.08542372881355932,7.779999999999999,Low Risk
SEG-01686,"Tokyo, Japan",Zone I,35.706335,139.638521,CAT-045,92.96,SRTM_1arc,Residential,A,2.77,91.69999999999999,Manhole,LocalGauge,23.5,10,sparse_drainage,0.029881337648327944,2.35,Medium Risk
SEG-01687,"Chennai, India",Borough Delta,13.100024,80.240578,CAT-127,8.26,Copernicus_GLO-30_v2023,Green,D,6.25,98.5,Manhole,ERA5,42.0,5,monitor,0.06281407035175879,8.4,Low Risk
SEG-01688,"Istanbul, Türkiye",Zone X,41.029481,28.879465,CAT-137,74.66,SRTM_1arc,Commercial,B,7.14,41.0,OpenChannel,ERA5,46.5,10,monitor,0.16999999999999998,4.65,Low Risk
SEG-01689,"New York, USA",Ward D,40.721553,-73.90918,CAT-091,8.62,SRTM_1arc,Green,C,4.78,91.69999999999999,Manhole,LocalGauge,41.4,5,monitor,0.051564185544768076,8.28,Low Risk
SEG-01690,"Athens, Greece",District 28,38.016074,23.719803,CAT-075,59.37,Copernicus_EEA-10_v5,Residential,B,6.25,189.7,CurbInlet,ERA5,15.9,10,monitor,0.03277399056109072,1.59,Low Risk
SEG-01691,"Dhaka, Bangladesh",Zone VII,23.765604,90.299735,CAT-031,104.12,SRTM_1arc,Residential,A,4.37,173.4,Manhole,IMD,81.2,50,extreme_rain_history,0.025057339449541284,1.624,High Risk
SEG-01692,"Buenos Aires, Argentina",Zone VI,-34.715362,-58.318522,CAT-033,13.39,SRTM_3arc,Roads,D,4.34,48.8,GratedInlet,ERA5,37.3,2,monitor,0.08714859437751005,18.65,Low Risk
SEG-01693,"Taipei, Taiwan",Zone VIII,24.979429,121.44545,CAT-094,115.02,Copernicus_EEA-10_v5,Roads,A,7.56,55.7,Manhole,ERA5,61.7,10,monitor,0.13333333333333333,6.17,Low Risk
SEG-01694,"Kuala Lumpur, Malaysia",Borough Delta,3.106396,101.66905,CAT-161,21.13,SRTM_1arc,Green,C,6.78,78.4,GratedInlet,Blended,42.7,5,monitor,0.0853904282115869,8.540000000000001,Low Risk
SEG-01695,"Doha, Qatar",Zone IX,25.274993,51.57755,CAT-111,7.68,Copernicus_GLO-30_v2023,Green,D,2.28,149.3,OpenChannel,ERA5,17.5,2,low_lying|sparse_drainage,0.015169660678642713,8.75,Medium Risk
SEG-01696,"Seoul, South Korea",District 2,37.562224,126.881014,CAT-106,49.71,SRTM_3arc,Roads,C,6.44,12.9,OpenChannel,ERA5,82.0,25,extreme_rain_history,0.4633093525179856,3.28,High Risk
SEG-01697,"Guangzhou, China",District 9,23.12453,113.428776,CAT-001,10.34,SRTM_1arc,Residential,B,4.27,202.0,OpenChannel,LocalGauge,48.1,10,monitor,0.021034482758620687,4.8100000000000005,Low Risk
SEG-01698,"Auckland, New Zealand",Zone VIII,-36.937066,174.75811,CAT-125,83.5,Copernicus_EEA-10_v5,Institutional,B,7.31,91.69999999999999,GratedInlet,IMD,30.2,2,monitor,0.07885652642934197,15.1,Low Risk
SEG-01699,"Miami, USA",Sector 9,25.800998,-80.113941,CAT-058,7.22,SRTM_1arc,Commercial,B,7.95,64.3,OpenChannel,IMD,61.8,5,low_lying,0.12174578866768761,12.36,Medium Risk
SEG-01700,"Philadelphia, USA",Sector 12,39.989085,-75.233734,CAT-089,61.93,Copernicus_GLO-30_v2023,Roads,B,5.75,57.9,CurbInlet,LocalGauge,33.6,2,monitor,0.09762308998302208,16.8,Low Risk
SEG-01701,"Rome, Italy",Sector 15,41.799145,12.562069,CAT-005,119.8,Copernicus_GLO-30_v2023,Water,B,5.05,371.9,Manhole,Blended,36.0,2,monitor,0.01354250469294717,18.0,Low Risk
SEG-01702,"Rotterdam, Netherlands",Zone II,51.920018,4.585554,CAT-033,-3.0,SRTM_3arc,Industrial,B,6.25,91.69999999999999,CurbInlet,IMD,10.8,10,low_lying,0.06742179072276161,1.08,Medium Risk
SEG-01703,"New Orleans, USA",District 2,29.972918,-89.890887,CAT-123,-2.2,Copernicus_GLO-30_v2023,Green,D,3.73,110.3,Manhole,ERA5,62.6,2,ponding_hotspot|low_lying|event_2023-11-15,0.03351302785265049,31.3,High Risk
SEG-01704,"Chennai, India",Sector 24,13.050758,80.290913,CAT-094,17.82,SRTM_1arc,Water,D,6.25,181.7,OpenChannel,LocalGauge,63.7,10,monitor,0.034209085933223866,6.37,Low Risk
SEG-01705,"New York, USA",District 27,40.794321,-74.021741,CAT-038,75.91,Copernicus_GLO-30_v2023,Residential,D,5.86,66.7,CurbInlet,Blended,33.9,2,monitor,0.08655834564254063,16.95,Low Risk
SEG-01706,"Bengaluru, India",Sector 30,12.95821,77.647817,CAT-012,69.99,Copernicus_GLO-30_v2023,Residential,B,6.99,160.8,OpenChannel,IMD,25.4,2,monitor,0.04320148331273176,12.7,Low Risk
SEG-01707,"Delhi, India",District 17,28.496687,77.09244,CAT-097,61.12,SRTM_1arc,Commercial,A,9.74,91.69999999999999,GratedInlet,ERA5,18.8,5,monitor,0.10507011866235169,3.7600000000000002,Low Risk
SEG-01708,"New York, USA",Borough North,40.71672,-73.861444,CAT-071,58.78,Copernicus_GLO-30_v2023,Industrial,D,8.11,133.6,OpenChannel,ERA5,32.9,5,monitor,0.06025260029717682,6.58,Low Risk
SEG-01709,"Amsterdam, Netherlands",Zone X,52.427907,4.939044,CAT-017,10.62,SRTM_3arc,Industrial,C,5.63,91.69999999999999,Manhole,ERA5,37.3,5,monitor,0.06073354908306365,7.459999999999999,Low Risk
SEG-01710,"Barcelona, Spain",District 2,41.332087,2.167525,CAT-084,1.11,Copernicus_EEA-10_v5,Green,A,6.25,351.6,GratedInlet,IMD,62.9,2,low_lying,0.01772546795235394,31.45,Medium Risk
SEG-01711,"Singapore, Singapore",Borough West,1.483285,103.900062,CAT-042,11.06,Copernicus_EEA-10_v5,Commercial,C,10.0,56.9,Manhole,ERA5,144.7,25,ponding_hotspot|extreme_rain_history,0.17271157167530224,5.787999999999999,High Risk
SEG-01712,"Manila, Philippines",Borough Hillside,14.566038,120.852999,CAT-168,3.15,SRTM_3arc,Commercial,A,6.33,97.0,Manhole,IMD,31.9,10,low_lying,0.06459183673469387,3.19,Medium Risk
SEG-01713,"Dubai, UAE",Ward A,25.184891,55.225678,CAT-139,123.34,SRTM_3arc,Green,B,6.46,91.69999999999999,OpenChannel,ERA5,25.3,5,monitor,0.0696871628910464,5.0600000000000005,Low Risk
SEG-01714,"Paris, France",District 15,48.836778,2.310792,CAT-064,77.21,Copernicus_GLO-30_v2023,Residential,B,2.79,156.2,CurbInlet,Blended,56.0,25,sparse_drainage,0.017748091603053438,2.24,Medium Risk
SEG-01715,"Paris, France",Zone V,48.922826,2.352367,CAT-073,79.62,Copernicus_EEA-10_v5,Industrial,C,9.19,240.0,CurbInlet,ERA5,16.2,10,monitor,0.03813278008298755,1.6199999999999999,Low Risk
SEG-01716,"Rio de Janeiro, Brazil",Borough Riverside,-22.950281,-43.215423,CAT-152,6.64,SRTM_3arc,Roads,B,7.96,406.7,CurbInlet,Blended,35.4,2,low_lying,0.019524159921510915,17.7,Medium Risk
SEG-01717,"Lagos, Nigeria",Borough Delta,6.654152,3.309417,CAT-066,9.39,Copernicus_GLO-90_v2022,Residential,D,7.34,91.69999999999999,GratedInlet,IMD,92.6,100,ponding_hotspot|extreme_rain_history|event_2023-01-01,0.07918015102481123,0.9259999999999999,High Risk
SEG-01718,"Karachi, Pakistan",Zone VII,24.790519,67.083915,CAT-035,27.84,SRTM_1arc,Residential,A,8.56,282.5,OpenChannel,ERA5,44.9,2,monitor,0.030194003527336862,22.45,Low Risk
SEG-01719,"Barcelona, Spain",Zone IV,41.384355,2.196118,CAT-055,20.01,SRTM_1arc,Commercial,A,6.25,91.69999999999999,OpenChannel,ERA5,51.6,2,monitor,0.06742179072276161,25.8,Low Risk
SEG-01720,"Seoul, South Korea",District 16,37.646547,127.056846,CAT-010,48.99,Copernicus_GLO-30_v2023,Roads,B,5.44,181.7,CurbInlet,Blended,43.4,50,monitor,0.029775588396278054,0.868,Low Risk
SEG-01721,"Tehran, Iran",Zone IX,35.69927,51.368767,CAT-030,23.53,Copernicus_GLO-30_v2023,Green,B,6.25,78.8,CurbInlet,ERA5,25.5,10,monitor,0.07832080200501254,2.55,Low Risk
SEG-01722,"Barcelona, Spain",Sector 1,41.354655,2.116044,CAT-002,3.97,SRTM_3arc,Industrial,D,8.4,134.8,CurbInlet,LocalGauge,63.2,10,ponding_hotspot|low_lying,0.06185567010309278,6.32,High Risk
SEG-01723,"Seoul, South Korea",Sector 7,37.451059,127.095087,CAT-019,27.41,Copernicus_GLO-90_v2022,Mixed,B,5.57,92.1,Manhole,LocalGauge,19.8,2,monitor,0.05982814178302901,9.9,Low Risk
SEG-01724,"Barcelona, Spain",Ward I,41.33393,2.079141,CAT-144,11.55,Copernicus_GLO-30_v2023,Residential,D,2.68,91.69999999999999,GratedInlet,LocalGauge,36.8,2,sparse_drainage,0.02891046386192018,18.4,Medium Risk
SEG-01725,"Hyderabad, India",Zone IX,17.395219,78.467234,CAT-014,-3.0,Copernicus_EEA-10_v5,Green,B,5.98,317.8,CurbInlet,ERA5,67.3,25,low_lying|event_2022-07-22,0.01875784190715182,2.6919999999999997,Medium Risk
SEG-01726,"Paris, France",Zone IX,48.785642,2.295906,CAT-048,0.91,Copernicus_GLO-30_v2023,Roads,C,4.14,212.8,OpenChannel,ERA5,19.2,5,low_lying,0.019363891487371374,3.84,Medium Risk
SEG-01727,"Pune, India",District 21,18.557733,73.835559,CAT-174,18.49,Copernicus_EEA-10_v5,Residential,B,7.4,21.9,CurbInlet,LocalGauge,34.7,50,monitor,0.3231441048034935,0.6940000000000001,Low Risk
SEG-01728,"Hanoi, Vietnam",District 15,21.155727,105.927384,CAT-012,95.78,Copernicus_GLO-30_v2023,Roads,C,10.3,84.3,CurbInlet,IMD,58.2,2,monitor,0.12075029308323565,29.1,Low Risk
SEG-01729,"Hong Kong, China",Zone VIII,22.385708,114.091498,CAT-148,19.32,Copernicus_GLO-90_v2022,Residential,D,3.69,84.0,GratedInlet,LocalGauge,59.5,2,monitor,0.04341176470588235,29.75,Low Risk
SEG-01730,"Miami, USA",Borough Riverside,25.687676,-80.224335,CAT-155,24.24,SRTM_1arc,Industrial,B,6.25,146.8,CurbInlet,ERA5,48.1,10,monitor,0.042286874154262515,4.8100000000000005,Low Risk
SEG-01731,"Nairobi, Kenya",Zone I,-1.266473,36.854011,CAT-175,40.6,Copernicus_EEA-10_v5,Industrial,C,6.25,102.2,CurbInlet,IMD,18.3,2,monitor,0.060562015503875966,9.15,Low Risk
SEG-01732,"Karachi, Pakistan",Sector 25,24.743924,67.064448,CAT-012,76.74,Copernicus_GLO-30_v2023,Green,C,1.93,181.7,CurbInlet,LocalGauge,36.9,2,sparse_drainage,0.01056376573617953,18.45,Medium Risk
SEG-01733,"Athens, Greece",Borough Riverside,37.928723,23.771009,CAT-118,79.46,SRTM_1arc,Residential,A,6.72,151.7,GratedInlet,LocalGauge,44.0,50,monitor,0.04400785854616896,0.88,Low Risk
SEG-01734,"Tokyo, Japan",Sector 10,35.697292,139.727487,CAT-076,-3.0,Copernicus_GLO-30_v2023,Industrial,B,8.85,119.6,GratedInlet,ERA5,24.5,25,low_lying,0.07338308457711443,0.98,Medium Risk
SEG-01735,"Dubai, UAE",District 19,25.165849,55.274383,CAT-063,52.63,Copernicus_GLO-30_v2023,Commercial,B,6.32,21.2,GratedInlet,IMD,28.7,2,monitor,0.2846846846846847,14.35,Low Risk
SEG-01736,"Ahmedabad, India",Sector 8,23.033187,72.516645,CAT-097,57.11,Copernicus_GLO-90_v2022,Residential,B,6.74,4.4,GratedInlet,ERA5,85.7,10,extreme_rain_history,1.248148148148148,8.57,High Risk
SEG-01737,"London, UK",District 4,51.606119,-0.199949,CAT-045,4.53,SRTM_3arc,Commercial,B,5.29,77.2,GratedInlet,LocalGauge,29.1,5,low_lying,0.06764705882352941,5.82,Medium Risk
SEG-01738,"New York, USA",Sector 6,40.724905,-73.955546,CAT-071,18.97,SRTM_3arc,Roads,B,6.25,38.3,Manhole,LocalGauge,18.7,10,monitor,0.15903307888040713,1.8699999999999999,Low Risk
SEG-01739,"Rotterdam, Netherlands",Ward F,51.918612,4.556792,CAT-054,14.91,Copernicus_GLO-30_v2023,Commercial,D,7.79,322.1,CurbInlet,ERA5,21.3,2,monitor,0.02411018260600433,10.65,Low Risk
SEG-01740,"Shenzhen, China",Zone I,22.412241,114.007163,CAT-136,20.16,SRTM_3arc,Water,A,6.92,174.4,CurbInlet,ERA5,45.3,100,monitor,0.03945267958950969,0.45299999999999996,Low Risk
SEG-01741,"Rotterdam, Netherlands",Ward B,51.806263,4.414151,CAT-128,11.25,Copernicus_GLO-90_v2022,Residential,A,7.23,2.9,CurbInlet,ERA5,16.9,10,monitor,1.853846153846154,1.69,Low Risk
SEG-01742,"Amsterdam, Netherlands",District 18,52.298764,4.857421,CAT-108,8.56,Copernicus_GLO-30_v2023,Commercial,C,8.19,206.2,OpenChannel,LocalGauge,25.9,10,monitor,0.039527027027027026,2.59,Low Risk
SEG-01743,"Istanbul, Türkiye",Ward F,41.027308,29.009141,CAT-119,-1.13,SRTM_3arc,Commercial,A,5.62,62.5,Manhole,IMD,55.2,5,low_lying,0.08850393700787401,11.040000000000001,Medium Risk
SEG-01744,"Lagos, Nigeria",Ward F,6.474107,3.442357,CAT-100,12.03,SRTM_1arc,Roads,B,5.15,29.0,Manhole,ERA5,77.9,10,monitor,0.1716666666666667,7.790000000000001,Low Risk
SEG-01745,"Seoul, South Korea",Borough South,37.492462,126.990787,CAT-135,8.83,Copernicus_GLO-30_v2023,Green,C,6.0,176.6,Manhole,LocalGauge,22.4,25,monitor,0.033783783783783786,0.8959999999999999,Low Risk
SEG-01746,"Bengaluru, India",Zone VII,12.961648,77.58493,CAT-043,117.67,Copernicus_EEA-10_v5,Commercial,A,6.25,62.0,Manhole,Blended,17.7,100,monitor,0.0992063492063492,0.177,Low Risk
SEG-01747,"Tokyo, Japan",Sector 5,35.680356,139.662405,CAT-053,25.55,Copernicus_GLO-30_v2023,Industrial,A,6.25,127.8,GratedInlet,LocalGauge,39.1,2,monitor,0.04852484472049689,19.55,Low Risk
SEG-01748,"London, UK",Zone X,51.497118,-0.041803,CAT-059,81.24,Copernicus_GLO-30_v2023,Commercial,D,7.93,50.7,GratedInlet,ERA5,44.7,2,monitor,0.15338491295938103,22.35,Low Risk
SEG-01749,"Ho Chi Minh City, Vietnam",Ward D,10.92502,106.675929,CAT-053,-3.0,Copernicus_GLO-90_v2022,Commercial,A,8.67,148.9,CurbInlet,ERA5,64.4,10,low_lying,0.05783855903935957,6.44,Medium Risk
SEG-01750,"Athens, Greece",District 27,37.892256,23.797698,CAT-047,50.78,Copernicus_EEA-10_v5,Roads,C,6.32,82.2,CurbInlet,ERA5,28.4,5,monitor,0.07596153846153847,5.68,Low Risk
SEG-01751,"Dubai, UAE",Borough Hillside,25.244772,55.186025,CAT-115,93.3,SRTM_3arc,Roads,D,9.06,9.3,CurbInlet,ERA5,18.3,2,monitor,0.8796116504854369,9.15,Low Risk
SEG-01752,"Durban, South Africa",Borough South,-29.923792,30.997219,CAT-065,24.4,Copernicus_GLO-90_v2022,Commercial,C,9.62,160.7,Manhole,ERA5,40.5,5,monitor,0.059492888064316636,8.1,Low Risk
SEG-01753,"Tokyo, Japan",Ward C,35.57812,139.625853,CAT-119,11.01,SRTM_1arc,Green,B,6.59,302.2,CurbInlet,ERA5,32.2,10,monitor,0.021734828496042215,3.22,Low Risk
SEG-01754,"Vancouver, Canada",Borough West,49.238915,-123.121716,CAT-050,12.72,Copernicus_GLO-30_v2023,Commercial,A,8.43,125.6,CurbInlet,Blended,24.9,2,monitor,0.06658767772511849,12.45,Low Risk
SEG-01755,"Ahmedabad, India",Zone X,23.03801,72.5872,CAT-180,35.42,SRTM_1arc,Residential,D,7.53,265.5,OpenChannel,Blended,28.9,50,monitor,0.028255159474671672,0.578,Low Risk
SEG-01756,"Rio de Janeiro, Brazil",Ward C,-22.858851,-43.25054,CAT-036,21.91,Copernicus_GLO-30_v2023,Roads,B,8.14,34.7,Manhole,ERA5,150.0,100,extreme_rain_history,0.2280112044817927,1.5,High Risk
SEG-01757,"Rio de Janeiro, Brazil",Borough East,-22.994501,-43.101616,CAT-096,25.130000000000003,Copernicus_GLO-30_v2023,Residential,C,6.0,26.9,GratedInlet,ERA5,62.9,5,monitor,0.21505376344086022,12.58,Low Risk
SEG-01758,"Montreal, Canada",Ward K,45.500057,-73.586596,CAT-096,76.27,Copernicus_GLO-30_v2023,Commercial,B,11.15,381.2,OpenChannel,ERA5,39.1,2,monitor,0.029173207744636317,19.55,Low Risk
SEG-01759,"San Francisco, USA",District 8,37.826049,-122.328795,CAT-178,21.89,SRTM_1arc,Commercial,C,6.25,65.5,GratedInlet,ERA5,20.2,10,monitor,0.09398496240601503,2.02,Low Risk
SEG-01760,"Seoul, South Korea",District 2,37.567798,126.956861,CAT-077,38.8,SRTM_3arc,Roads,B,9.36,117.5,Manhole,ERA5,44.4,50,monitor,0.0789873417721519,0.888,Low Risk
SEG-01761,"Bengaluru, India",Borough Harbor,13.01005,77.555386,CAT-179,6.65,SRTM_1arc,Residential,B,4.07,231.1,CurbInlet,ERA5,36.3,10,low_lying,0.017535545023696683,3.63,Medium Risk
SEG-01762,"Taipei, Taiwan",Zone IX,24.986882,121.53115,CAT-060,-3.0,Copernicus_GLO-30_v2023,Green,A,4.33,301.6,GratedInlet,ERA5,48.0,50,low_lying,0.014309319233311302,0.96,Medium Risk
SEG-01763,"Dhaka, Bangladesh",Zone III,23.888506,90.339194,CAT-177,108.82,Copernicus_GLO-30_v2023,Residential,A,7.67,110.0,CurbInlet,ERA5,51.4,5,monitor,0.0690990990990991,10.28,Low Risk
SEG-01764,"Mexico City, Mexico",Sector 2,19.483605,-99.14579,CAT-046,26.43,SRTM_3arc,Residential,B,3.09,25.3,Manhole,ERA5,25.0,50,monitor,0.11749049429657794,0.5,Low Risk
SEG-01765,"Sydney, Australia",Sector 4,-33.846433,151.259898,CAT-118,-3.0,Copernicus_EEA-10_v5,Roads,C,6.66,35.4,GratedInlet,IMD,15.0,5,low_lying,0.18296703296703298,3.0,Medium Risk
SEG-01766,"Rio de Janeiro, Brazil",District 10,-22.856211,-43.220677,CAT-138,10.5,Copernicus_GLO-90_v2022,Industrial,B,10.04,62.0,Manhole,Blended,57.3,2,monitor,0.15936507936507935,28.65,Low Risk
SEG-01767,"Montreal, Canada",Zone IX,45.428028,-73.548254,CAT-121,25.130000000000003,Copernicus_GLO-30_v2023,Commercial,A,10.81,393.7,CurbInlet,ERA5,44.0,50,monitor,0.02738788953635673,0.88,Low Risk
SEG-01768,"Houston, USA",Sector 13,29.793072,-95.403405,CAT-063,7.35,Copernicus_GLO-30_v2023,Industrial,B,4.24,81.2,Manhole,ERA5,35.1,5,low_lying,0.05158150851581508,7.0200000000000005,Medium Risk
SEG-01769,"Philadelphia, USA",Zone IV,39.945637,-75.086163,CAT-169,-3.0,Copernicus_GLO-30_v2023,Green,B,7.22,183.6,GratedInlet,Blended,27.8,25,low_lying,0.03911159263271939,1.112,Medium Risk
SEG-01770,"Nairobi, Kenya",Zone VII,-1.280229,36.861153,CAT-174,25.94,SRTM_1arc,Residential,C,7.23,135.9,Manhole,Blended,37.6,10,monitor,0.05281227173119065,3.7600000000000002,Low Risk
SEG-01771,"Manila, Philippines",Zone II,14.560454,121.091822,CAT-100,18.38,Copernicus_GLO-30_v2023,Commercial,D,3.89,35.9,CurbInlet,IMD,35.2,5,monitor,0.10542005420054201,7.040000000000001,Low Risk
SEG-01772,"Rotterdam, Netherlands",Ward E,52.076691,4.345768,CAT-121,19.02,SRTM_3arc,Residential,C,4.89,52.2,Manhole,IMD,19.3,10,monitor,0.09191729323308269,1.9300000000000002,Low Risk
SEG-01773,"Karachi, Pakistan",Sector 26,24.898027,67.033468,CAT-089,68.19,SRTM_1arc,Residential,C,5.26,91.69999999999999,CurbInlet,ERA5,101.1,10,extreme_rain_history,0.05674217907227616,10.11,High Risk
SEG-01774,"Istanbul, Türkiye",District 1,41.092732,28.96912,CAT-025,19.92,Copernicus_GLO-30_v2023,Commercial,A,9.1,383.5,OpenChannel,ERA5,21.8,5,monitor,0.02366710013003901,4.36,Low Risk
SEG-01775,"Sydney, Australia",District 17,-33.840815,151.110503,CAT-093,-3.0,SRTM_3arc,Residential,A,5.03,107.4,CurbInlet,LocalGauge,49.0,2,low_lying,0.046402214022140224,24.5,Medium Risk
SEG-01776,"Sao Paulo, Brazil",Ward H,-23.384985,-46.642727,CAT-041,33.91,SRTM_1arc,Residential,D,5.54,82.5,CurbInlet,IMD,49.9,100,monitor,0.06634730538922155,0.499,Low Risk
SEG-01777,"Lagos, Nigeria",Borough South,6.457921,3.376924,CAT-078,7.31,Copernicus_EEA-10_v5,Residential,D,5.81,97.0,CurbInlet,ERA5,55.9,25,low_lying,0.05928571428571428,2.2359999999999998,Medium Risk
SEG-01778,"Istanbul, Türkiye",District 21,40.962648,28.919203,CAT-038,47.04,SRTM_1arc,Roads,B,6.42,46.2,GratedInlet,ERA5,38.0,2,monitor,0.13601694915254237,19.0,Low Risk
SEG-01779,"Athens, Greece",District 29,37.917748,23.724886,CAT-119,30.24,Copernicus_EEA-10_v5,Residential,D,4.82,101.5,GratedInlet,ERA5,48.2,10,monitor,0.04702439024390244,4.82,Low Risk
SEG-01780,"Dubai, UAE",Zone VIII,25.105064,55.18167,CAT-075,101.45,Copernicus_EEA-10_v5,Green,B,4.06,56.2,GratedInlet,ERA5,11.8,10,monitor,0.07097902097902097,1.1800000000000002,Low Risk
SEG-01781,"Bengaluru, India",Sector 7,13.070386,77.600701,CAT-167,25.130000000000003,Copernicus_EEA-10_v5,Commercial,A,6.22,484.6,OpenChannel,IMD,44.5,10,monitor,0.012808896210873146,4.45,Low Risk
SEG-01782,"Miami, USA",Sector 23,25.797083,-80.288222,CAT-023,5.77,SRTM_3arc,Residential,B,6.25,5.5,GratedInlet,Blended,50.2,5,low_lying,0.9615384615384616,10.040000000000001,Medium Risk
SEG-01783,"Nairobi, Kenya",Ward H,-1.335747,36.862613,CAT-043,39.74,Copernicus_EEA-10_v5,Commercial,D,7.35,91.69999999999999,Manhole,IMD,42.1,2,monitor,0.07928802588996764,21.05,Low Risk
SEG-01784,"Bogotá, Colombia",Zone V,4.711807,-74.191855,CAT-112,118.92,Copernicus_GLO-30_v2023,Commercial,B,7.59,118.1,OpenChannel,Blended,42.9,100,monitor,0.063727959697733,0.429,Low Risk
SEG-01785,"Guangzhou, China",Sector 17,23.042909,113.261943,CAT-073,21.52,SRTM_1arc,Residential,A,6.51,74.1,CurbInlet,ERA5,77.3,100,monitor,0.0866844207723036,0.773,Low Risk
SEG-01786,"Mexico City, Mexico",Sector 15,19.37845,-99.131296,CAT-176,17.01,Copernicus_EEA-10_v5,Residential,B,4.23,53.8,CurbInlet,ERA5,25.0,25,monitor,0.07718978102189782,1.0,Low Risk
SEG-01787,"Delhi, India",District 3,28.607774,77.191759,CAT-088,38.63,Copernicus_EEA-10_v5,Residential,B,6.19,41.6,GratedInlet,ERA5,19.0,50,monitor,0.14530516431924884,0.38,Low Risk
SEG-01788,"Durban, South Africa",Sector 21,-29.848912,31.088916,CAT-124,31.31,SRTM_3arc,Residential,B,6.61,95.0,GratedInlet,ERA5,28.1,25,monitor,0.06885416666666667,1.124,Low Risk
SEG-01789,"Tokyo, Japan",Sector 22,35.584399,139.665241,CAT-101,9.44,Copernicus_EEA-10_v5,Roads,D,4.07,116.1,CurbInlet,LocalGauge,68.9,5,ponding_hotspot,0.034756618274978654,13.780000000000001,High Risk
SEG-01790,"Mumbai, India",Borough Delta,19.137518,72.867525,CAT-122,14.39,Copernicus_GLO-30_v2023,Commercial,A,6.25,90.4,CurbInlet,ERA5,100.3,25,extreme_rain_history,0.06838074398249452,4.012,High Risk
SEG-01791,"Kuala Lumpur, Malaysia",Borough Central,3.068678,101.755229,CAT-116,106.68,Copernicus_GLO-30_v2023,Mixed,B,6.3,104.5,GratedInlet,ERA5,46.0,5,monitor,0.05971563981042654,9.2,Low Risk
SEG-01792,"Tehran, Iran",Zone III,35.646003,51.342766,CAT-156,104.22,SRTM_1arc,Industrial,D,9.67,70.6,CurbInlet,ERA5,41.8,50,monitor,0.13505586592178773,0.836,Low Risk
SEG-01793,"Athens, Greece",Ward C,38.022791,23.833288,CAT-031,66.16,Copernicus_EEA-10_v5,Commercial,B,7.54,142.5,CurbInlet,ERA5,22.4,25,monitor,0.05254355400696864,0.8959999999999999,Low Risk
SEG-01794,"Vancouver, Canada",District 19,49.264808,-123.165397,CAT-142,9.63,Copernicus_GLO-30_v2023,Residential,B,2.52,210.3,OpenChannel,ERA5,30.6,2,sparse_drainage|event_2023-09-07,0.011926171320397538,15.3,Medium Risk
SEG-01795,"Jakarta, Indonesia",Borough Old Town,-6.056781,106.821514,CAT-147,-3.0,Copernicus_GLO-30_v2023,Residential,B,8.22,0.7,Manhole,ERA5,57.1,2,low_lying|event_2022-07-06,4.835294117647059,28.55,Medium Risk
SEG-01796,"Mexico City, Mexico",Ward C,19.50946,-99.103321,CAT-091,42.76,SRTM_1arc,Mixed,D,6.25,120.5,CurbInlet,Blended,18.5,50,monitor,0.051440329218107,0.37,Low Risk
SEG-01797,"Buenos Aires, Argentina",Ward A,-34.635617,-58.310205,CAT-091,56.3,SRTM_1arc,Residential,A,3.2,127.1,GratedInlet,ERA5,16.1,2,monitor,0.024980483996877443,8.05,Low Risk
SEG-01798,"Montreal, Canada",Borough East,45.577672,-73.58425,CAT-159,4.74,SRTM_1arc,Residential,B,2.2,56.1,Manhole,Blended,12.0,5,low_lying|sparse_drainage,0.03852889667250438,2.4,Medium Risk
SEG-01799,"Guangzhou, China",Ward A,23.044224,113.367838,CAT-164,16.81,Copernicus_EEA-10_v5,Residential,C,3.04,58.5,CurbInlet,ERA5,44.3,2,monitor,0.051092436974789913,22.15,Low Risk
SEG-01800,"Riyadh, Saudi Arabia",District 17,24.688676,46.652328,CAT-029,25.71,SRTM_3arc,Residential,C,4.97,10.2,OpenChannel,ERA5,15.7,2,monitor,0.44375000000000003,7.85,Low Risk
SEG-01801,"Rome, Italy",Ward I,41.78256,12.486334,CAT-085,52.0,Copernicus_GLO-90_v2022,Commercial,B,6.25,91.69999999999999,OpenChannel,LocalGauge,36.8,25,monitor,0.06742179072276161,1.472,Low Risk
SEG-01802,"Jakarta, Indonesia",Borough East,-6.035702,106.887457,CAT-172,14.75,SRTM_1arc,Commercial,C,7.34,90.0,GratedInlet,Blended,53.2,25,monitor,0.08065934065934066,2.128,Low Risk
SEG-01803,"Dubai, UAE",Borough South,25.168274,55.417493,CAT-051,37.58,Copernicus_GLO-90_v2022,Industrial,B,6.25,265.6,CurbInlet,LocalGauge,19.7,10,monitor,0.02344336084021005,1.97,Low Risk
SEG-01804,"Guangzhou, China",Ward E,23.148759,113.251212,CAT-102,6.57,Copernicus_EEA-10_v5,Industrial,B,8.34,264.2,CurbInlet,ERA5,44.2,10,low_lying,0.03144796380090498,4.42,Medium Risk
SEG-01805,"Barcelona, Spain",Zone X,41.488167,2.043373,CAT-051,9.84,SRTM_1arc,Roads,A,4.2,164.6,OpenChannel,ERA5,22.3,2,monitor,0.025362318840579712,11.15,Low Risk
SEG-01806,"Montreal, Canada",District 6,45.421074,-73.591952,CAT-132,10.2,Copernicus_GLO-30_v2023,Industrial,A,6.25,59.4,OpenChannel,Blended,20.1,5,monitor,0.10347682119205298,4.0200000000000005,Low Risk
SEG-01807,"Kuala Lumpur, Malaysia",Sector 16,3.042042,101.788406,CAT-111,82.72,Copernicus_GLO-30_v2023,Residential,C,7.78,91.69999999999999,Manhole,IMD,42.2,5,monitor,0.08392664509169365,8.440000000000001,Low Risk
SEG-01808,"Accra, Ghana",Zone VI,5.490684,-0.111516,CAT-144,14.63,SRTM_1arc,Residential,B,4.42,92.9,Manhole,ERA5,66.6,2,monitor,0.0470713525026624,33.3,Low Risk
SEG-01809,"Rome, Italy",Zone V,41.953384,12.510633,CAT-112,65.33,Copernicus_GLO-90_v2022,Roads,B,5.48,65.8,CurbInlet,IMD,55.0,5,monitor,0.08203592814371259,11.0,Low Risk
SEG-01810,"Dhaka, Bangladesh",District 29,23.845128,90.456822,CAT-110,72.43,Copernicus_GLO-30_v2023,Roads,C,9.5,53.2,CurbInlet,ERA5,49.4,5,monitor,0.17527675276752766,9.879999999999999,Low Risk
SEG-01811,"London, UK",District 10,51.47504,-0.070414,CAT-038,93.45,SRTM_3arc,Roads,C,10.4,282.8,CurbInlet,Blended,12.8,2,monitor,0.03664552501761804,6.4,Low Risk
SEG-01812,"Copenhagen, Denmark",Zone V,55.657211,12.420329,CAT-172,29.72,Copernicus_EEA-10_v5,Institutional,D,7.76,223.1,OpenChannel,ERA5,32.3,2,monitor,0.03462739848282017,16.15,Low Risk
SEG-01813,"Kuala Lumpur, Malaysia",District 30,3.088068,101.737583,CAT-166,-3.0,SRTM_1arc,Industrial,B,5.16,156.0,CurbInlet,ERA5,44.8,2,low_lying,0.03286624203821656,22.4,Medium Risk
SEG-01814,"Sao Paulo, Brazil",District 17,-23.395314,-46.711195,CAT-003,3.69,SRTM_1arc,Residential,B,7.31,173.2,OpenChannel,LocalGauge,135.1,10,ponding_hotspot|extreme_rain_history|low_lying|event_2024-01-21,0.04196326061997704,13.51,High Risk
SEG-01815,"Taipei, Taiwan",Zone IX,25.106814,121.621154,CAT-146,70.62,Copernicus_GLO-90_v2022,Green,C,2.59,304.2,GratedInlet,IMD,44.7,5,sparse_drainage|event_2022-12-31,0.008486238532110092,8.940000000000001,Medium Risk
SEG-01816,"Chennai, India",Zone IV,13.194818,80.236627,CAT-108,-2.96,Copernicus_EEA-10_v5,Residential,C,6.57,58.1,GratedInlet,LocalGauge,97.1,25,ponding_hotspot|extreme_rain_history|low_lying|event_2023-01-10,0.11116751269035534,3.884,High Risk
SEG-01817,"Shenzhen, China",Sector 25,22.469803,114.077696,CAT-116,7.54,SRTM_1arc,Roads,B,6.25,91.69999999999999,GratedInlet,Blended,65.3,2,low_lying,0.06742179072276161,32.65,Medium Risk
SEG-01818,"Chennai, India",Zone V,13.089149,80.228374,CAT-142,19.24,Copernicus_EEA-10_v5,Institutional,D,7.83,319.3,OpenChannel,Blended,32.1,5,monitor,0.02444583203246956,6.42,Low Risk
SEG-01819,"Shenzhen, China",Borough South,22.513315,114.051555,CAT-063,19.77,SRTM_3arc,Institutional,C,3.25,132.6,GratedInlet,Blended,55.6,25,monitor,0.024326347305389222,2.224,Low Risk
SEG-01820,"Hamburg, Germany",Sector 22,53.544649,9.959612,CAT-016,83.28,SRTM_3arc,Roads,D,8.27,49.4,CurbInlet,LocalGauge,21.2,5,monitor,0.1640873015873016,4.24,Low Risk
SEG-01821,"Seoul, South Korea",District 28,37.610638,127.014758,CAT-070,85.18,Copernicus_EEA-10_v5,Institutional,A,4.88,144.8,GratedInlet,ERA5,28.5,25,monitor,0.03347050754458161,1.14,Low Risk
SEG-01822,"Lagos, Nigeria",Borough Harbor,6.423863,3.415447,CAT-023,15.35,SRTM_3arc,Roads,B,8.66,154.3,OpenChannel,ERA5,63.8,10,monitor,0.055763039278815194,6.38,Low Risk
SEG-01823,"Ahmedabad, India",Zone V,22.965626,72.521913,CAT-004,96.23,Copernicus_GLO-30_v2023,Industrial,C,9.21,12.6,CurbInlet,ERA5,17.1,10,monitor,0.6772058823529412,1.7100000000000002,Low Risk
SEG-01824,"Paris, France",Zone IX,48.712065,2.444819,CAT-163,7.61,SRTM_3arc,Residential,B,5.13,171.1,OpenChannel,ERA5,17.0,25,low_lying,0.029808251016850668,0.68,Medium Risk
SEG-01825,"Hyderabad, India",Zone VIII,17.281983,78.569998,CAT-151,8.34,Copernicus_GLO-90_v2022,Green,A,5.66,436.0,GratedInlet,LocalGauge,24.4,2,monitor,0.012951945080091534,12.2,Low Risk
SEG-01826,"Singapore, Singapore",Borough South,1.442608,103.708588,CAT-030,20.61,Copernicus_EEA-10_v5,Residential,B,2.52,116.6,Manhole,Blended,71.8,25,sparse_drainage|event_2023-12-14,0.02142857142857143,2.872,Medium Risk
SEG-01827,"Accra, Ghana",Borough Central,5.643698,-0.162166,CAT-026,8.59,SRTM_3arc,Mixed,A,7.43,11.1,Manhole,ERA5,55.1,2,monitor,0.6140495867768595,27.55,Low Risk
SEG-01828,"Kolkata, India",District 22,22.589321,88.388806,CAT-123,-3.0,Copernicus_GLO-30_v2023,Green,C,7.53,314.6,GratedInlet,IMD,21.3,25,low_lying,0.02385931558935361,0.852,Medium Risk
SEG-01829,"Montreal, Canada",Borough South,45.509626,-73.451804,CAT-092,129.52,SRTM_3arc,Green,A,6.18,151.9,CurbInlet,Blended,15.6,25,monitor,0.04041857423152387,0.624,Low Risk
SEG-01830,"Hyderabad, India",Sector 30,17.424948,78.54891,CAT-048,71.92,SRTM_3arc,Institutional,B,6.25,115.8,GratedInlet,ERA5,46.7,5,monitor,0.05351027397260274,9.34,Low Risk
SEG-01831,"Brisbane, Australia",Zone X,-27.576618,152.984225,CAT-074,-3.0,Copernicus_GLO-30_v2023,Residential,D,6.68,208.8,CurbInlet,ERA5,50.4,100,ponding_hotspot|low_lying,0.03183984747378455,0.504,High Risk
SEG-01832,"Taipei, Taiwan",Ward G,24.94851,121.648846,CAT-093,94.44,SRTM_1arc,Green,C,7.91,52.9,GratedInlet,ERA5,42.1,5,monitor,0.14675324675324675,8.42,Low Risk
SEG-01833,"New York, USA",Zone V,40.756099,-73.83419,CAT-040,56.4,SRTM_3arc,Commercial,A,3.79,93.9,GratedInlet,ERA5,23.6,5,monitor,0.039936775553213906,4.720000000000001,Low Risk
SEG-01834,"Osaka, Japan",Ward K,34.67978,135.445999,CAT-140,40.89,SRTM_1arc,Water,C,6.41,87.8,GratedInlet,Blended,31.2,2,monitor,0.07218468468468468,15.6,Low Risk
SEG-01835,"Montreal, Canada",District 24,45.485482,-73.514533,CAT-163,25.130000000000003,Copernicus_GLO-30_v2023,Commercial,D,10.72,582.3,CurbInlet,ERA5,24.3,10,monitor,0.018378193039602267,2.43,Low Risk
SEG-01836,"Singapore, Singapore",Borough South,1.388615,103.866375,CAT-157,21.58,Copernicus_EEA-10_v5,Residential,C,8.28,68.3,CurbInlet,Blended,56.5,10,monitor,0.11948051948051948,5.65,Low Risk
SEG-01837,"Cape Town, South Africa",Zone X,-33.96268,18.37983,CAT-035,58.15,Copernicus_GLO-30_v2023,Roads,C,5.24,91.69999999999999,GratedInlet,ERA5,39.3,50,monitor,0.05652642934196333,0.7859999999999999,Low Risk
SEG-01838,"Copenhagen, Denmark",District 29,55.687553,12.581923,CAT-125,42.4,Copernicus_GLO-30_v2023,Roads,A,4.29,10.6,GratedInlet,ERA5,21.2,10,monitor,0.36982758620689654,2.12,Low Risk
SEG-01839,"Vancouver, Canada",Sector 6,49.294209,-123.157237,CAT-013,1.46,Copernicus_GLO-30_v2023,Roads,C,4.15,78.9,CurbInlet,ERA5,34.9,5,low_lying|event_2025-06-02,0.05193992490613267,6.9799999999999995,Medium Risk
SEG-01840,"Kuala Lumpur, Malaysia",District 2,3.058789,101.853313,CAT-049,38.3,Copernicus_GLO-30_v2023,Industrial,B,3.07,159.2,GratedInlet,IMD,41.3,2,monitor,0.01916354556803995,20.65,Low Risk
SEG-01841,"Sao Paulo, Brazil",District 6,-23.410277,-46.518911,CAT-130,71.39,Copernicus_GLO-30_v2023,Residential,C,8.17,28.0,Manhole,LocalGauge,69.2,5,monitor,0.28172413793103446,13.84,Low Risk
SEG-01842,"Riyadh, Saudi Arabia",Sector 23,24.754969,46.782258,CAT-031,57.54,Copernicus_EEA-10_v5,Green,B,5.26,316.8,CurbInlet,Blended,26.6,2,monitor,0.016551290119572057,13.3,Low Risk
SEG-01843,"Auckland, New Zealand",Borough Delta,-36.817679,174.911271,CAT-083,19.61,Copernicus_GLO-30_v2023,Residential,C,6.77,106.5,CurbInlet,LocalGauge,24.0,10,monitor,0.06297674418604651,2.4,Low Risk
SEG-01844,"New Orleans, USA",Borough East,29.892516,-90.170318,CAT-081,25.130000000000003,Copernicus_GLO-30_v2023,Water,C,6.67,308.1,Manhole,Blended,38.1,50,monitor,0.021578777094791328,0.762,Low Risk
SEG-01845,"Osaka, Japan",Borough Central,34.769307,135.427237,CAT-161,25.130000000000003,Copernicus_EEA-10_v5,Commercial,D,9.98,91.69999999999999,OpenChannel,ERA5,23.9,100,monitor,0.10765911542610573,0.239,Low Risk
SEG-01846,"Cape Town, South Africa",District 20,-33.955761,18.378494,CAT-064,161.75,Copernicus_EEA-10_v5,Roads,A,4.97,66.1,OpenChannel,LocalGauge,17.6,50,monitor,0.07406855439642325,0.35200000000000004,Low Risk
SEG-01847,"Cape Town, South Africa",Sector 23,-33.89901,18.41436,CAT-101,147.49,SRTM_1arc,Residential,A,7.81,56.7,GratedInlet,ERA5,33.2,5,monitor,0.13535528596187174,6.640000000000001,Low Risk
SEG-01848,"Athens, Greece",Zone X,37.984756,23.849995,CAT-084,82.8,Copernicus_EEA-10_v5,Green,B,4.3,96.9,CurbInlet,Blended,55.7,25,monitor,0.04392236976506639,2.228,Low Risk
SEG-01849,"Delhi, India",District 3,28.687597,77.102149,CAT-108,26.41,Copernicus_GLO-30_v2023,Residential,D,7.03,113.3,CurbInlet,ERA5,28.5,2,monitor,0.06150481189851269,14.25,Low Risk
SEG-01850,"Hanoi, Vietnam",Zone X,20.924179,105.800502,CAT-023,35.43,SRTM_1arc,Commercial,B,6.13,89.6,CurbInlet,IMD,86.3,2,extreme_rain_history,0.06766004415011038,43.15,High Risk
SEG-01851,"Hamburg, Germany",Sector 17,53.549264,10.040641,CAT-077,59.01,SRTM_1arc,Green,C,6.57,234.1,Manhole,IMD,28.0,10,monitor,0.02794555508294343,2.8,Low Risk
SEG-01852,"Shanghai, China",District 11,31.287181,121.579084,CAT-011,20.5,SRTM_1arc,Commercial,B,6.88,33.6,Manhole,IMD,23.0,50,monitor,0.19884393063583813,0.46,Low Risk
SEG-01853,"Rome, Italy",Ward B,41.971147,12.527637,CAT-145,64.85,Copernicus_EEA-10_v5,Residential,A,6.61,98.4,CurbInlet,ERA5,21.2,10,monitor,0.0664989939637827,2.12,Low Risk
SEG-01854,"Nairobi, Kenya",District 7,-1.339947,36.832643,CAT-021,-3.0,Copernicus_GLO-30_v2023,Residential,A,4.21,30.2,CurbInlet,ERA5,63.1,100,low_lying|event_2025-01-02,0.13493589743589743,0.631,Medium Risk
SEG-01855,"Riyadh, Saudi Arabia",Ward D,24.741981,46.73045,CAT-016,62.54,SRTM_1arc,Commercial,A,9.65,76.6,CurbInlet,ERA5,6.6,2,monitor,0.1243556701030928,3.3,Low Risk
SEG-01856,"Bogotá, Colombia",Borough Delta,4.726905,-74.079685,CAT-089,76.55,SRTM_3arc,Commercial,C,9.91,1.5,GratedInlet,ERA5,27.3,10,monitor,3.964,2.73,Low Risk
SEG-01857,"Manila, Philippines",District 5,14.548602,120.981146,CAT-109,15.6,SRTM_3arc,Roads,C,4.79,449.0,CurbInlet,ERA5,66.8,5,monitor,0.010644444444444444,13.36,Low Risk
SEG-01858,"Bengaluru, India",Zone V,12.931142,77.554687,CAT-112,76.99,SRTM_3arc,Roads,A,9.3,16.0,Manhole,ERA5,21.8,5,monitor,0.5470588235294118,4.36,Low Risk
SEG-01859,"Miami, USA",Ward K,25.855535,-80.198193,CAT-042,9.25,SRTM_3arc,Mixed,B,5.68,95.2,OpenChannel,ERA5,58.2,100,monitor,0.05904365904365904,0.5820000000000001,Low Risk
SEG-01860,"Jakarta, Indonesia",Sector 20,-6.218166,106.903756,CAT-082,8.18,Copernicus_GLO-30_v2023,Roads,D,8.12,86.4,CurbInlet,LocalGauge,110.0,25,ponding_hotspot|extreme_rain_history,0.0929061784897025,4.4,High Risk
SEG-01861,"Durban, South Africa",Zone X,-29.970877,31.210716,CAT-005,25.130000000000003,Copernicus_EEA-10_v5,Commercial,C,7.71,91.69999999999999,CurbInlet,IMD,55.8,10,monitor,0.08317152103559872,5.58,Low Risk
SEG-01862,"Doha, Qatar",Borough Riverside,25.343754,51.505414,CAT-080,18.82,SRTM_3arc,Industrial,B,10.11,0.2,CurbInlet,ERA5,16.1,25,monitor,8.425,0.644,Low Risk
SEG-01863,"Manila, Philippines",Borough Hillside,14.605876,120.985401,CAT-131,23.23,Copernicus_GLO-30_v2023,Industrial,C,7.7,152.9,Manhole,ERA5,45.1,2,monitor,0.050032488628979854,22.55,Low Risk
SEG-01864,"Athens, Greece",Borough North,37.899109,23.759983,CAT-076,104.75,SRTM_3arc,Industrial,B,5.6,22.6,GratedInlet,IMD,30.4,5,monitor,0.23728813559322032,6.08,Low Risk
SEG-01865,"Shenzhen, China",District 25,22.588793,114.086297,CAT-070,25.17,Copernicus_GLO-30_v2023,Commercial,B,8.95,26.7,CurbInlet,ERA5,73.7,10,monitor,0.3231046931407942,7.37,Low Risk
SEG-01866,"Hanoi, Vietnam",Zone VII,20.991727,105.941163,CAT-020,36.65,SRTM_1arc,Water,A,2.13,272.2,GratedInlet,ERA5,106.2,50,extreme_rain_history|sparse_drainage,0.007796486090775988,2.124,High Risk
SEG-01867,"Riyadh, Saudi Arabia",District 16,24.767984,46.623534,CAT-103,74.74,Copernicus_GLO-90_v2022,Residential,B,3.71,450.8,CurbInlet,ERA5,26.6,25,monitor,0.008211598052235503,1.064,Low Risk
SEG-01868,"Lima, Peru",District 14,-11.971033,-76.982092,CAT-140,44.89,SRTM_1arc,Green,C,3.63,284.2,CurbInlet,ERA5,31.8,25,monitor,0.012727910238429173,1.272,Low Risk
SEG-01869,"Buenos Aires, Argentina",Ward D,-34.665907,-58.456668,CAT-008,2.04,Copernicus_GLO-90_v2022,Roads,D,6.36,29.5,GratedInlet,ERA5,28.5,25,low_lying,0.20852459016393443,1.14,Medium Risk
SEG-01870,"Houston, USA",Borough North,29.715167,-95.319324,CAT-007,8.77,SRTM_1arc,Residential,D,5.43,16.1,GratedInlet,ERA5,24.9,2,monitor,0.31754385964912274,12.45,Low Risk
SEG-01871,"Auckland, New Zealand",District 1,-36.803558,174.834619,CAT-030,25.130000000000003,Copernicus_GLO-30_v2023,Roads,D,5.61,24.2,GratedInlet,IMD,56.1,50,monitor,0.22261904761904763,1.122,Low Risk
SEG-01872,"Guangzhou, China",District 15,23.103793,113.319953,CAT-001,20.18,SRTM_1arc,Residential,A,4.31,183.8,OpenChannel,ERA5,64.5,2,monitor,0.023322510822510818,32.25,Low Risk
SEG-01873,"Bogotá, Colombia",Sector 4,4.808008,-74.054397,CAT-129,113.02,SRTM_1arc,Residential,D,2.52,138.9,CurbInlet,ERA5,34.9,2,sparse_drainage|event_2024-06-03,0.018012866333095068,17.45,Medium Risk
SEG-01874,"Ho Chi Minh City, Vietnam",Borough Central,10.833817,106.619147,CAT-170,29.02,Copernicus_EEA-10_v5,Residential,A,4.14,52.7,Manhole,ERA5,46.0,10,monitor,0.0770949720670391,4.6,Low Risk
SEG-01875,"Manila, Philippines",Ward H,14.606947,120.99373,CAT-037,5.06,SRTM_1arc,Roads,A,11.25,44.6,CurbInlet,ERA5,58.2,5,low_lying,0.24671052631578946,11.64,Medium Risk
SEG-01876,"Mexico City, Mexico",Borough Harbor,19.357464,-99.12844,CAT-126,19.02,Copernicus_GLO-30_v2023,Mixed,A,5.37,371.4,OpenChannel,LocalGauge,19.1,5,monitor,0.01441997851772288,3.8200000000000003,Low Risk
SEG-01877,"Taipei, Taiwan",Zone III,24.961497,121.620848,CAT-120,92.24,Copernicus_GLO-30_v2023,Green,C,3.66,204.6,Manhole,ERA5,26.2,10,monitor,0.017801556420233466,2.62,Low Risk
SEG-01878,"Cape Town, South Africa",Borough South,-33.964841,18.486111,CAT-129,33.05,Copernicus_EEA-10_v5,Mixed,B,6.5,171.1,OpenChannel,Blended,57.2,25,monitor,0.037768739105171416,2.2880000000000003,Low Risk
SEG-01879,"Hong Kong, China",Ward B,22.389775,114.215259,CAT-147,25.130000000000003,SRTM_3arc,Institutional,B,4.75,341.8,GratedInlet,ERA5,30.1,25,monitor,0.013856476079346557,1.204,Low Risk
SEG-01880,"Auckland, New Zealand",Borough Hillside,-36.803481,174.776147,CAT-099,78.57,SRTM_1arc,Green,B,4.96,272.6,CurbInlet,ERA5,45.7,25,monitor,0.018128654970760234,1.828,Low Risk
SEG-01881,"Bogotá, Colombia",Borough Hillside,4.656296,-74.033901,CAT-164,25.130000000000003,Copernicus_GLO-30_v2023,Residential,A,4.31,124.4,OpenChannel,LocalGauge,35.7,25,monitor,0.034370015948963314,1.4280000000000002,Low Risk
SEG-01882,"Chennai, India",District 20,13.116296,80.329644,CAT-121,-0.75,Copernicus_EEA-10_v5,Roads,A,6.22,1.5,GratedInlet,ERA5,84.9,2,ponding_hotspot|extreme_rain_history|low_lying|event_2024-08-18,2.488,42.45,High Risk
SEG-01883,"Tehran, Iran",Borough North,35.819623,51.394449,CAT-016,76.43,SRTM_3arc,Commercial,C,6.17,7.8,GratedInlet,ERA5,23.1,25,monitor,0.7011363636363636,0.924,Low Risk
SEG-01884,"Miami, USA",Ward F,25.782317,-80.209354,CAT-023,31.44,Copernicus_GLO-30_v2023,Commercial,C,8.62,59.9,GratedInlet,ERA5,39.6,10,monitor,0.14154351395730705,3.96,Low Risk
SEG-01885,"Auckland, New Zealand",District 24,-36.785281,174.830626,CAT-075,39.53,SRTM_1arc,Residential,D,4.05,12.9,GratedInlet,LocalGauge,53.9,2,monitor,0.2913669064748201,26.95,Low Risk
SEG-01886,"Rio de Janeiro, Brazil",District 6,-22.842461,-43.115485,CAT-111,22.58,Copernicus_GLO-30_v2023,Green,D,6.25,136.1,CurbInlet,Blended,80.4,50,extreme_rain_history,0.045587162654996356,1.608,High Risk
SEG-01887,"Hong Kong, China",Zone VI,22.343025,114.251022,CAT-005,8.55,SRTM_3arc,Industrial,A,7.99,76.3,GratedInlet,ERA5,69.6,2,monitor,0.10336351875808539,34.8,Low Risk
SEG-01888,"Montreal, Canada",Borough Harbor,45.443847,-73.429551,CAT-036,41.18,Copernicus_EEA-10_v5,Commercial,B,9.58,211.3,CurbInlet,Blended,31.4,5,monitor,0.04512482336316533,6.279999999999999,Low Risk
SEG-01889,"Bengaluru, India",Ward K,13.030968,77.563192,CAT-037,115.93,Copernicus_EEA-10_v5,Residential,C,8.04,47.8,Manhole,ERA5,26.3,2,monitor,0.16475409836065574,13.15,Low Risk
SEG-01890,"Buenos Aires, Argentina",District 18,-34.609054,-58.402068,CAT-040,97.35,SRTM_1arc,Institutional,A,3.6,50.8,GratedInlet,ERA5,38.4,25,monitor,0.0694980694980695,1.536,Low Risk
SEG-01891,"Kuala Lumpur, Malaysia",Borough Old Town,3.278635,101.621308,CAT-098,37.62,Copernicus_GLO-30_v2023,Commercial,B,6.25,462.3,CurbInlet,IMD,33.3,5,monitor,0.013490179149579106,6.659999999999999,Low Risk
SEG-01892,"Sao Paulo, Brazil",Ward K,-23.505863,-46.69631,CAT-084,-3.0,Copernicus_EEA-10_v5,Residential,D,3.42,33.2,Manhole,ERA5,74.6,100,ponding_hotspot|low_lying,0.09999999999999999,0.746,High Risk
SEG-01893,"Barcelona, Spain",Sector 17,41.446164,2.15167,CAT-173,10.44,Copernicus_GLO-30_v2023,Green,B,4.77,121.9,Manhole,ERA5,21.8,50,monitor,0.038812042310821804,0.436,Low Risk
SEG-01894,"Hyderabad, India",Sector 2,17.372948,78.483084,CAT-128,52.5,Copernicus_GLO-30_v2023,Institutional,D,6.21,39.1,CurbInlet,Blended,39.3,100,monitor,0.15486284289276808,0.39299999999999996,Low Risk
SEG-01895,"Barcelona, Spain",Zone VII,41.400731,2.348711,CAT-151,25.130000000000003,SRTM_1arc,Roads,D,8.4,133.2,Manhole,ERA5,26.6,25,monitor,0.06259314456035768,1.064,Low Risk
SEG-01896,"Barcelona, Spain",District 9,41.473524,2.169929,CAT-063,8.47,SRTM_3arc,Green,A,2.65,274.4,OpenChannel,LocalGauge,30.6,10,sparse_drainage,0.009622367465504721,3.06,Medium Risk
SEG-01897,"Sydney, Australia",Zone I,-33.778406,151.007708,CAT-028,23.55,SRTM_3arc,Residential,C,4.14,147.9,CurbInlet,ERA5,22.8,2,monitor,0.027803895231699124,11.4,Low Risk
SEG-01898,"Ho Chi Minh City, Vietnam",District 18,10.805255,106.532446,CAT-156,49.8,SRTM_1arc,Industrial,B,8.46,142.0,OpenChannel,LocalGauge,113.9,25,extreme_rain_history,0.05916083916083917,4.556,High Risk
SEG-01899,"Seoul, South Korea",Ward D,37.600999,127.048486,CAT-084,39.4,SRTM_3arc,Industrial,A,11.99,280.1,CurbInlet,ERA5,59.5,25,monitor,0.042653859836357166,2.38,Low Risk
SEG-01900,"Houston, USA",Ward K,29.761917,-95.223688,CAT-068,42.16,Copernicus_GLO-30_v2023,Residential,C,4.86,80.2,Manhole,LocalGauge,29.4,2,monitor,0.05985221674876848,14.7,Low Risk
SEG-01901,"Istanbul, Türkiye",Ward K,40.925616,29.038261,CAT-032,58.26,SRTM_3arc,Commercial,B,7.06,22.1,Manhole,IMD,38.2,5,monitor,0.3056277056277056,7.640000000000001,Low Risk
SEG-01902,"Guangzhou, China",Sector 2,23.110999,113.292868,CAT-089,25.130000000000003,Copernicus_GLO-90_v2022,Roads,A,6.99,64.9,CurbInlet,ERA5,59.8,10,monitor,0.10606980273141123,5.9799999999999995,Low Risk
SEG-01903,"Rome, Italy",Ward E,41.998871,12.358626,CAT-132,86.37,Copernicus_GLO-30_v2023,Roads,B,8.06,31.8,OpenChannel,IMD,23.3,5,monitor,0.2457317073170732,4.66,Low Risk
SEG-01904,"Seoul, South Korea",Borough Old Town,37.715654,126.944669,CAT-012,50.97,Copernicus_EEA-10_v5,Industrial,A,7.04,36.0,Manhole,IMD,39.5,5,monitor,0.19027027027027027,7.9,Low Risk
SEG-01905,"Chennai, India",Borough Riverside,13.010744,80.375494,CAT-166,23.52,SRTM_1arc,Water,D,5.44,96.4,CurbInlet,LocalGauge,67.6,2,monitor,0.05585215605749487,33.8,Low Risk
SEG-01906,"Singapore, Singapore",Ward G,1.32802,103.840906,CAT-040,4.62,SRTM_1arc,Roads,D,9.37,122.8,CurbInlet,Blended,62.3,2,ponding_hotspot|low_lying,0.07568659127625202,31.15,High Risk
SEG-01907,"Manila, Philippines",Ward E,14.640602,120.94778,CAT-180,9.13,Copernicus_GLO-30_v2023,Roads,C,11.04,94.6,Manhole,ERA5,83.2,25,extreme_rain_history,0.11548117154811716,3.3280000000000003,High Risk
SEG-01908,"Cape Town, South Africa",Sector 22,-34.022991,18.382392,CAT-012,172.86,Copernicus_GLO-90_v2022,Commercial,C,9.07,25.4,Manhole,ERA5,15.1,2,monitor,0.34356060606060607,7.55,Low Risk
SEG-01909,"Tehran, Iran",Ward F,35.661801,51.419294,CAT-028,77.72,Copernicus_GLO-30_v2023,Roads,B,6.49,37.1,GratedInlet,ERA5,41.4,2,monitor,0.17034120734908137,20.7,Low Risk
SEG-01910,"Hanoi, Vietnam",Borough East,20.932164,105.834002,CAT-015,1.24,SRTM_1arc,Residential,B,4.3,356.0,OpenChannel,ERA5,48.8,25,low_lying,0.012044817927170867,1.952,Medium Risk
SEG-01911,"Washington DC, USA",Borough Central,38.853632,-77.017289,CAT-022,32.67,SRTM_3arc,Residential,A,7.87,140.0,CurbInlet,LocalGauge,19.9,10,monitor,0.05581560283687943,1.9899999999999998,Low Risk
SEG-01912,"Rome, Italy",Zone IX,41.865368,12.463617,CAT-056,55.57,SRTM_3arc,Green,D,6.25,309.5,CurbInlet,ERA5,25.8,50,monitor,0.020128824476650563,0.516,Low Risk
SEG-01913,"Barcelona, Spain",District 13,41.247366,2.282893,CAT-017,29.99,SRTM_3arc,Residential,B,5.83,363.0,CurbInlet,Blended,21.7,5,monitor,0.016016483516483517,4.34,Low Risk
SEG-01914,"New York, USA",Borough Harbor,40.737487,-73.995302,CAT-161,1.89,Copernicus_GLO-30_v2023,Roads,B,5.69,58.0,CurbInlet,LocalGauge,30.1,2,low_lying,0.0964406779661017,15.05,Medium Risk
SEG-01915,"Bangkok, Thailand",Borough South,13.639605,100.447973,CAT-029,18.27,SRTM_1arc,Green,B,3.71,235.0,CurbInlet,IMD,52.3,5,monitor,0.015720338983050846,10.459999999999999,Low Risk
SEG-01916,"San Francisco, USA",District 8,37.690761,-122.447183,CAT-165,117.43,SRTM_3arc,Water,B,6.43,184.7,GratedInlet,ERA5,48.2,50,monitor,0.03462574044157243,0.9640000000000001,Low Risk
SEG-01917,"Vancouver, Canada",Ward H,49.398319,-123.051989,CAT-062,10.81,SRTM_3arc,Roads,B,5.43,139.0,CurbInlet,ERA5,26.5,10,monitor,0.038785714285714284,2.65,Low Risk
SEG-01918,"Lagos, Nigeria",Sector 18,6.453225,3.444304,CAT-118,15.6,SRTM_1arc,Residential,C,7.83,261.1,OpenChannel,LocalGauge,68.0,10,monitor,0.02987409385730637,6.8,Low Risk
SEG-01919,"Karachi, Pakistan",Zone III,24.898686,66.891892,CAT-169,85.67,Copernicus_GLO-30_v2023,Residential,D,5.14,67.8,CurbInlet,LocalGauge,25.1,5,monitor,0.0747093023255814,5.0200000000000005,Low Risk
SEG-01920,"Nairobi, Kenya",Sector 24,-1.274471,36.915126,CAT-033,43.51,SRTM_1arc,Residential,C,5.51,39.1,CurbInlet,Blended,27.6,2,monitor,0.13740648379052367,13.8,Low Risk
SEG-01921,"Rio de Janeiro, Brazil",Sector 8,-22.913215,-43.076669,CAT-100,25.130000000000003,Copernicus_EEA-10_v5,Commercial,A,5.85,51.2,GratedInlet,IMD,56.8,25,monitor,0.11206896551724137,2.272,Low Risk
SEG-01922,"Bangkok, Thailand",Sector 7,13.765259,100.498268,CAT-004,-3.0,SRTM_3arc,Institutional,B,2.72,245.7,CurbInlet,ERA5,123.9,100,ponding_hotspot|extreme_rain_history|low_lying|sparse_drainage,0.011025537089582491,1.239,High Risk
SEG-01923,"Guangzhou, China",Ward E,23.126431,113.213918,CAT-123,19.53,SRTM_3arc,Green,B,3.74,185.6,GratedInlet,ERA5,45.3,25,monitor,0.020042872454448017,1.8119999999999998,Low Risk
SEG-01924,"Vancouver, Canada",District 14,49.246365,-123.271269,CAT-078,0.42,Copernicus_GLO-90_v2022,Residential,B,6.07,100.7,Manhole,ERA5,16.3,5,low_lying,0.05968534906588004,3.2600000000000002,Medium Risk
SEG-01925,"Kolkata, India",Sector 27,22.547799,88.380892,CAT-158,78.3,SRTM_1arc,Roads,B,6.01,54.3,Manhole,ERA5,14.3,5,monitor,0.10867992766726944,2.8600000000000003,Low Risk
SEG-01926,"Ahmedabad, India",Borough North,22.893699,72.622101,CAT-030,15.29,SRTM_1arc,Roads,D,6.25,211.6,OpenChannel,IMD,34.3,100,monitor,0.02939793038570085,0.34299999999999997,Low Risk
SEG-01927,"Karachi, Pakistan",Borough East,24.807795,66.99834,CAT-125,105.56,Copernicus_GLO-90_v2022,Institutional,B,8.42,178.4,Manhole,ERA5,22.0,5,monitor,0.046934225195094756,4.4,Low Risk
SEG-01928,"Doha, Qatar",Zone V,25.214714,51.630436,CAT-043,25.130000000000003,SRTM_1arc,Institutional,B,5.65,174.8,Manhole,ERA5,12.0,2,monitor,0.03213879408418657,6.0,Low Risk
SEG-01929,"Osaka, Japan",District 8,34.726999,135.536731,CAT-006,61.87,Copernicus_GLO-30_v2023,Roads,C,6.25,348.8,OpenChannel,IMD,49.4,10,monitor,0.01786735277301315,4.9399999999999995,Low Risk
SEG-01930,"New York, USA",District 30,40.803047,-74.025288,CAT-128,25.130000000000003,Copernicus_GLO-30_v2023,Green,A,6.25,181.8,GratedInlet,LocalGauge,27.1,5,monitor,0.03419037199124726,5.42,Low Risk
SEG-01931,"Accra, Ghana",Borough Old Town,5.651272,-0.128163,CAT-114,18.23,Copernicus_GLO-90_v2022,Industrial,B,10.4,57.3,GratedInlet,ERA5,63.5,50,monitor,0.17838765008576332,1.27,Low Risk
SEG-01932,"Tokyo, Japan",Sector 10,35.762058,139.839086,CAT-168,25.130000000000003,Copernicus_GLO-30_v2023,Commercial,C,4.32,71.0,GratedInlet,ERA5,26.3,5,monitor,0.060000000000000005,5.26,Low Risk
SEG-01933,"Philadelphia, USA",Borough South,39.983999,-75.132577,CAT-171,25.130000000000003,Copernicus_GLO-30_v2023,Residential,C,3.39,91.69999999999999,GratedInlet,Blended,53.9,2,monitor,0.03656957928802589,26.95,Low Risk
SEG-01934,"Dubai, UAE",Borough Delta,25.068373,55.285384,CAT-170,63.85,SRTM_1arc,Residential,D,4.27,135.3,OpenChannel,ERA5,18.3,10,monitor,0.03132795304475421,1.83,Low Risk
SEG-01935,"Tokyo, Japan",Borough North,35.651205,139.68554,CAT-016,31.76,Copernicus_EEA-10_v5,Institutional,B,2.31,91.69999999999999,OpenChannel,ERA5,52.8,5,sparse_drainage,0.02491909385113269,10.559999999999999,Medium Risk
SEG-01936,"Bengaluru, India",Sector 9,12.922471,77.554136,CAT-069,-3.0,SRTM_1arc,Residential,D,4.89,114.9,CurbInlet,ERA5,30.7,2,ponding_hotspot|low_lying,0.042191544434857634,15.35,High Risk
SEG-01937,"Philadelphia, USA",Borough East,40.123272,-75.191678,CAT-080,6.36,SRTM_1arc,Industrial,C,7.09,75.6,Manhole,Blended,21.6,2,low_lying,0.09255874673629243,10.8,Medium Risk
SEG-01938,"Montreal, Canada",Ward K,45.416428,-73.621757,CAT-117,67.5,Copernicus_GLO-90_v2022,Industrial,A,10.53,274.8,OpenChannel,ERA5,24.4,50,monitor,0.03817984046410442,0.488,Low Risk
SEG-01939,"Mexico City, Mexico",Zone V,19.381123,-99.212596,CAT-100,75.33,Copernicus_EEA-10_v5,Commercial,D,6.1,15.8,CurbInlet,ERA5,22.5,25,monitor,0.3630952380952381,0.9,Low Risk
SEG-01940,"Copenhagen, Denmark",Ward I,55.63322,12.561643,CAT-153,63.36,Copernicus_EEA-10_v5,Roads,A,8.64,181.4,Manhole,ERA5,43.9,25,monitor,0.04736842105263158,1.756,Low Risk
SEG-01941,"Hong Kong, China",Ward K,22.174391,114.143083,CAT-071,25.130000000000003,Copernicus_GLO-30_v2023,Green,A,4.57,86.8,GratedInlet,ERA5,67.8,5,monitor,0.0520501138952164,13.559999999999999,Low Risk
SEG-01942,"Sydney, Australia",Borough Harbor,-33.801126,151.266614,CAT-020,28.7,SRTM_3arc,Green,B,5.06,137.4,GratedInlet,ERA5,18.1,5,monitor,0.03656069364161849,3.62,Low Risk
SEG-01943,"Sydney, Australia",District 17,-33.763008,151.145601,CAT-049,24.72,Copernicus_GLO-30_v2023,Commercial,A,7.05,87.0,OpenChannel,LocalGauge,56.2,5,monitor,0.08011363636363636,11.24,Low Risk
SEG-01944,"Istanbul, Türkiye",Sector 19,40.857703,28.977783,CAT-162,80.15,SRTM_1arc,Commercial,B,6.43,101.2,Manhole,ERA5,65.6,5,monitor,0.06291585127201565,13.12,Low Risk
SEG-01945,"Tehran, Iran",Ward A,35.831363,51.361433,CAT-169,221.6,Copernicus_EEA-10_v5,Residential,B,2.39,33.3,CurbInlet,LocalGauge,28.0,2,sparse_drainage,0.0696793002915452,14.0,Medium Risk
SEG-01946,"Ho Chi Minh City, Vietnam",Sector 23,10.955132,106.585713,CAT-064,-3.0,SRTM_3arc,Green,B,4.35,149.8,Manhole,LocalGauge,98.8,25,ponding_hotspot|extreme_rain_history|low_lying|event_2025-05-25,0.02884615384615384,3.952,High Risk
SEG-01947,"Nairobi, Kenya",Zone VII,-1.377434,36.843458,CAT-134,64.11,Copernicus_EEA-10_v5,Commercial,D,9.62,195.6,OpenChannel,ERA5,28.8,25,monitor,0.04893184130213631,1.1520000000000001,Low Risk
SEG-01948,"Karachi, Pakistan",Sector 25,24.787714,67.019748,CAT-091,135.42,Copernicus_GLO-30_v2023,Mixed,B,4.54,222.7,OpenChannel,IMD,28.7,5,monitor,0.020295037997317838,5.74,Low Risk
SEG-01949,"Cape Town, South Africa",Borough Harbor,-33.923586,18.438608,CAT-047,229.62,Copernicus_EEA-10_v5,Industrial,C,4.26,79.5,CurbInlet,ERA5,26.6,5,monitor,0.05291925465838509,5.32,Low Risk
SEG-01950,"Athens, Greece",Zone I,38.01255,23.536377,CAT-038,52.17,Copernicus_GLO-90_v2022,Roads,B,8.01,149.5,Manhole,ERA5,51.4,5,monitor,0.053222591362126245,10.28,Low Risk
SEG-01951,"New Orleans, USA",Borough Central,29.909035,-90.095794,CAT-135,15.98,SRTM_3arc,Roads,A,9.93,83.9,GratedInlet,ERA5,53.4,25,monitor,0.11696113074204946,2.136,Low Risk
SEG-01952,"Paris, France",Sector 18,48.883937,2.383855,CAT-127,97.75,Copernicus_GLO-30_v2023,Roads,C,4.63,203.0,CurbInlet,ERA5,33.7,10,monitor,0.022696078431372547,3.37,Low Risk
SEG-01953,"Delhi, India",District 17,28.559749,77.126573,CAT-047,61.78,SRTM_3arc,Roads,A,6.08,44.1,GratedInlet,LocalGauge,26.6,25,monitor,0.13481152993348114,1.064,Low Risk
SEG-01954,"Buenos Aires, Argentina",District 30,-34.56333,-58.394846,CAT-012,50.97,Copernicus_EEA-10_v5,Residential,B,8.59,100.8,Manhole,ERA5,36.4,10,monitor,0.0843811394891945,3.6399999999999997,Low Risk
SEG-01955,"Guangzhou, China",Ward D,23.064156,113.259637,CAT-110,1.27,Copernicus_EEA-10_v5,Roads,C,5.58,146.7,OpenChannel,Blended,66.1,2,ponding_hotspot|low_lying|event_2023-05-13,0.037779282329045365,33.05,High Risk
SEG-01956,"Barcelona, Spain",Zone III,41.313,2.150599,CAT-127,1.13,SRTM_3arc,Industrial,B,10.03,161.0,OpenChannel,ERA5,23.2,5,low_lying,0.061913580246913576,4.64,Medium Risk
SEG-01957,"Delhi, India",Sector 1,28.655384,77.207959,CAT-145,36.68,Copernicus_GLO-30_v2023,Residential,B,2.4,33.6,CurbInlet,ERA5,61.6,2,sparse_drainage,0.06936416184971098,30.8,Medium Risk
SEG-01958,"Pune, India",Zone IV,18.441407,73.916035,CAT-142,32.25,Copernicus_EEA-10_v5,Residential,C,7.28,391.1,OpenChannel,ERA5,21.8,10,monitor,0.0185666921703647,2.18,Low Risk
SEG-01959,"Tehran, Iran",Ward A,35.714427,51.340693,CAT-038,-3.0,SRTM_1arc,Mixed,A,6.41,109.9,GratedInlet,LocalGauge,48.7,2,low_lying,0.05779981965734896,24.35,Medium Risk
SEG-01960,"Accra, Ghana",Zone II,5.598972,-0.173373,CAT-007,16.28,Copernicus_EEA-10_v5,Residential,B,4.57,64.5,Manhole,ERA5,121.6,50,extreme_rain_history,0.06977099236641222,2.432,High Risk
SEG-01961,"Copenhagen, Denmark",Zone IX,55.821219,12.667444,CAT-168,34.01,SRTM_3arc,Residential,B,8.16,67.1,GratedInlet,Blended,36.3,25,monitor,0.11982378854625551,1.452,Low Risk
SEG-01962,"Shenzhen, China",Sector 23,22.427389,114.1101,CAT-099,18.97,SRTM_3arc,Commercial,C,7.09,121.4,GratedInlet,ERA5,26.5,2,monitor,0.057924836601307185,13.25,Low Risk
SEG-01963,"Singapore, Singapore",Zone II,1.357708,103.936421,CAT-012,-3.0,Copernicus_GLO-30_v2023,Residential,B,4.42,24.4,CurbInlet,ERA5,93.9,5,ponding_hotspot|extreme_rain_history|low_lying,0.17401574803149608,18.78,High Risk
SEG-01964,"Lagos, Nigeria",Borough North,6.530892,3.344391,CAT-100,7.97,Copernicus_GLO-30_v2023,Residential,B,5.14,235.2,OpenChannel,Blended,48.2,5,low_lying,0.02176121930567316,9.64,Medium Risk
SEG-01965,"Ahmedabad, India",Ward I,22.997733,72.543062,CAT-002,-3.0,Copernicus_GLO-30_v2023,Green,D,6.71,102.9,GratedInlet,ERA5,24.8,5,ponding_hotspot|low_lying,0.0645813282001925,4.96,High Risk
SEG-01966,"Lima, Peru",Ward C,-12.185943,-77.113097,CAT-009,-3.0,SRTM_1arc,Institutional,A,7.36,210.2,Manhole,Blended,29.9,5,low_lying,0.03484848484848485,5.9799999999999995,Medium Risk
SEG-01967,"Rotterdam, Netherlands",Sector 29,51.965733,4.51216,CAT-034,24.57,SRTM_1arc,Water,B,4.43,396.1,Manhole,ERA5,32.3,5,monitor,0.011155880130949382,6.459999999999999,Low Risk
SEG-01968,"Rio de Janeiro, Brazil",Zone VI,-22.839366,-43.159471,CAT-134,0.09,Copernicus_GLO-30_v2023,Roads,B,8.42,82.0,OpenChannel,ERA5,30.4,5,low_lying,0.10144578313253012,6.08,Medium Risk
SEG-01969,"Istanbul, Türkiye",Ward H,41.021233,28.955362,CAT-070,33.55,SRTM_3arc,Green,A,4.05,547.3,CurbInlet,ERA5,14.1,2,monitor,0.007386467262447565,7.05,Low Risk
SEG-01970,"Houston, USA",District 8,29.704903,-95.424514,CAT-147,38.72,Copernicus_EEA-10_v5,Green,B,6.8,183.2,OpenChannel,LocalGauge,47.5,10,monitor,0.03691639522258415,4.75,Low Risk
SEG-01971,"Seoul, South Korea",Zone VIII,37.538009,126.958233,CAT-006,65.0,Copernicus_GLO-30_v2023,Industrial,D,5.68,4.2,GratedInlet,ERA5,19.6,25,monitor,1.0923076923076922,0.784,Low Risk
SEG-01972,"Chennai, India",Borough South,12.962468,80.220942,CAT-130,6.55,Copernicus_GLO-30_v2023,Mixed,B,11.67,39.8,Manhole,ERA5,72.9,50,low_lying,0.2860294117647059,1.4580000000000002,Medium Risk
SEG-01973,"Shanghai, China",Zone VIII,31.211958,121.480151,CAT-060,5.04,Copernicus_GLO-30_v2023,Residential,D,7.32,75.5,Manhole,ERA5,15.8,25,low_lying,0.09568627450980392,0.632,Medium Risk
SEG-01974,"Hanoi, Vietnam",Ward A,21.065491,105.869351,CAT-027,72.89,SRTM_3arc,Commercial,C,4.05,413.6,CurbInlet,ERA5,91.8,50,extreme_rain_history,0.009768451519536902,1.8359999999999999,High Risk
SEG-01975,"Kolkata, India",District 24,22.636815,88.480345,CAT-105,23.44,Copernicus_GLO-30_v2023,Institutional,C,5.62,190.9,CurbInlet,ERA5,19.0,5,monitor,0.029286086503387182,3.8,Low Risk
SEG-01976,"Ahmedabad, India",Sector 28,23.152251,72.620499,CAT-137,76.04,SRTM_3arc,Industrial,B,8.45,158.7,OpenChannel,ERA5,16.3,2,monitor,0.05291170945522855,8.15,Low Risk
SEG-01977,"Taipei, Taiwan",Borough Old Town,24.988898,121.456815,CAT-121,-3.0,SRTM_3arc,Institutional,B,3.9,91.69999999999999,Manhole,LocalGauge,26.4,5,low_lying,0.04207119741100324,5.279999999999999,Medium Risk
SEG-01978,"Rome, Italy",Zone X,41.910042,12.453541,CAT-083,68.92,Copernicus_GLO-30_v2023,Commercial,B,8.17,85.4,GratedInlet,ERA5,48.9,2,monitor,0.09456018518518518,24.45,Low Risk
SEG-01979,"San Francisco, USA",Borough Riverside,37.864756,-122.406965,CAT-024,197.0,SRTM_1arc,Roads,C,6.94,76.5,Manhole,IMD,49.6,50,monitor,0.08954838709677419,0.992,Low Risk
SEG-01980,"Miami, USA",Zone II,25.612902,-80.189683,CAT-057,-3.0,Copernicus_GLO-30_v2023,Industrial,B,6.98,78.3,CurbInlet,ERA5,107.7,50,ponding_hotspot|extreme_rain_history|low_lying,0.08802017654476672,2.154,High Risk
SEG-01981,"Shenzhen, China",Ward K,22.494308,114.020974,CAT-077,15.57,SRTM_3arc,Commercial,D,6.25,91.69999999999999,Manhole,ERA5,45.8,50,monitor,0.06742179072276161,0.9159999999999999,Low Risk
SEG-01982,"Vancouver, Canada",Borough Old Town,49.258451,-123.17403,CAT-073,22.46,Copernicus_GLO-90_v2022,Roads,B,7.49,2.2,Manhole,ERA5,23.4,10,monitor,2.3406249999999997,2.34,Low Risk
SEG-01983,"Accra, Ghana",Sector 21,5.414722,-0.088166,CAT-087,23.66,SRTM_1arc,Industrial,D,8.26,515.6,CurbInlet,LocalGauge,142.1,25,extreme_rain_history,0.015989159891598916,5.684,High Risk
SEG-01984,"Mumbai, India",Ward J,19.075088,72.852303,CAT-104,11.11,Copernicus_GLO-30_v2023,Residential,C,3.97,521.2,OpenChannel,ERA5,49.8,10,monitor,0.007602451168134814,4.9799999999999995,Low Risk
SEG-01985,"Sydney, Australia",District 13,-33.757865,151.279085,CAT-021,18.59,Copernicus_GLO-30_v2023,Roads,A,8.26,112.1,CurbInlet,ERA5,46.9,10,monitor,0.07303271441202476,4.6899999999999995,Low Risk
SEG-01986,"Karachi, Pakistan",District 22,24.856188,66.998696,CAT-038,37.38,Copernicus_GLO-30_v2023,Roads,C,7.55,52.6,GratedInlet,LocalGauge,18.7,10,monitor,0.14085820895522388,1.8699999999999999,Low Risk
SEG-01987,"Shenzhen, China",Zone X,22.506467,114.016399,CAT-039,22.18,Copernicus_GLO-90_v2022,Residential,D,6.25,225.7,OpenChannel,ERA5,70.0,10,monitor,0.02756947507719453,7.0,Low Risk
SEG-01988,"Washington DC, USA",Zone VII,38.886564,-77.23782,CAT-159,58.04,Copernicus_EEA-10_v5,Industrial,A,6.25,359.6,CurbInlet,ERA5,24.1,5,monitor,0.01733222407099279,4.82,Low Risk
SEG-01989,"Delhi, India",Borough North,28.621814,77.108786,CAT-152,25.11,SRTM_1arc,Industrial,B,7.05,34.8,CurbInlet,LocalGauge,20.4,5,monitor,0.19692737430167598,4.08,Low Risk
SEG-01990,"Dhaka, Bangladesh",Borough South,23.842502,90.293506,CAT-174,25.130000000000003,SRTM_1arc,Residential,C,6.25,75.0,GratedInlet,IMD,46.1,5,monitor,0.08223684210526316,9.22,Low Risk
SEG-01991,"San Francisco, USA",Zone VI,37.769701,-122.51693,CAT-148,129.68,SRTM_1arc,Industrial,A,9.69,27.6,GratedInlet,ERA5,13.9,2,monitor,0.33881118881118877,6.95,Low Risk
SEG-01992,"Ho Chi Minh City, Vietnam",Zone IV,10.850292,106.583407,CAT-006,67.51,Copernicus_EEA-10_v5,Residential,D,4.71,91.69999999999999,CurbInlet,ERA5,88.2,50,extreme_rain_history,0.050809061488673146,1.764,High Risk
SEG-01993,"Mumbai, India",Zone VI,19.019091,72.878652,CAT-062,9.0,Copernicus_GLO-30_v2023,Industrial,B,5.17,89.4,GratedInlet,LocalGauge,77.1,50,monitor,0.05719026548672566,1.5419999999999998,Low Risk
SEG-01994,"Montreal, Canada",Zone II,45.449574,-73.639542,CAT-130,-3.0,SRTM_1arc,Residential,B,6.57,35.7,Manhole,ERA5,60.4,2,ponding_hotspot|low_lying|event_2024-03-08,0.1790190735694823,30.2,High Risk
SEG-01995,"San Francisco, USA",Ward K,37.925131,-122.35205,CAT-056,116.05,Copernicus_GLO-90_v2022,Residential,D,4.54,91.69999999999999,CurbInlet,IMD,17.8,2,monitor,0.04897518878101403,8.9,Low Risk
SEG-01996,"Montreal, Canada",Ward C,45.578477,-73.490355,CAT-162,90.4,Copernicus_GLO-90_v2022,Roads,D,7.39,86.1,Manhole,ERA5,56.3,25,monitor,0.08484500574052813,2.252,Low Risk
SEG-01997,"Paris, France",Sector 21,48.940415,2.417538,CAT-078,47.56,SRTM_3arc,Commercial,D,7.32,56.8,GratedInlet,ERA5,20.2,10,monitor,0.12664359861591695,2.02,Low Risk
SEG-01998,"Hanoi, Vietnam",District 30,20.966861,105.805459,CAT-087,47.09,SRTM_1arc,Residential,C,3.8,91.0,GratedInlet,ERA5,32.0,2,monitor,0.041304347826086954,16.0,Low Risk
SEG-01999,"Montreal, Canada",Ward K,45.520842,-73.556784,CAT-057,55.52,SRTM_1arc,Roads,B,5.26,1.8,Manhole,IMD,35.0,5,monitor,1.8785714285714286,7.0,Low Risk
SEG-02000,"Chennai, India",Zone VI,13.043488,80.312848,CAT-038,25.130000000000003,Copernicus_EEA-10_v5,Green,B,4.44,477.6,CurbInlet,ERA5,92.5,100,extreme_rain_history,0.009277058086084413,0.925,High Risk
SEG-02001,"Athens, Greece",Ward C,38.0412,23.787572,CAT-010,58.08,Copernicus_GLO-30_v2023,Commercial,B,6.69,91.69999999999999,CurbInlet,LocalGauge,29.6,2,monitor,0.07216828478964403,14.8,Low Risk
SEG-02002,"Colombo, Sri Lanka",Borough East,6.844215,79.966316,CAT-062,13.78,Copernicus_GLO-30_v2023,Roads,B,8.86,30.2,GratedInlet,IMD,48.6,50,monitor,0.28397435897435896,0.972,Low Risk
SEG-02003,"Shenzhen, China",Ward G,22.427106,113.984216,CAT-005,18.84,Copernicus_GLO-30_v2023,Roads,B,10.62,103.5,GratedInlet,Blended,150.0,10,extreme_rain_history,0.1016267942583732,15.0,High Risk
SEG-02004,"Rome, Italy",Zone V,42.016936,12.43799,CAT-163,38.14,SRTM_1arc,Industrial,C,5.06,126.2,CurbInlet,Blended,61.2,5,monitor,0.039779874213836476,12.24,Low Risk
SEG-02005,"Hyderabad, India",Ward I,17.33485,78.475457,CAT-082,56.76,SRTM_1arc,Roads,C,3.68,61.7,OpenChannel,LocalGauge,42.4,25,monitor,0.05869218500797448,1.696,Low Risk
SEG-02006,"Brisbane, Australia",Sector 24,-27.421422,153.010535,CAT-139,4.27,SRTM_3arc,Residential,C,6.61,97.3,CurbInlet,LocalGauge,32.6,5,low_lying,0.06724313326551373,6.5200000000000005,Medium Risk
SEG-02007,"Tehran, Iran",Borough North,35.588926,51.446636,CAT-106,14.9,Copernicus_GLO-30_v2023,Residential,C,6.25,74.4,CurbInlet,ERA5,19.5,25,monitor,0.08289124668435012,0.78,Low Risk
SEG-02008,"Hyderabad, India",Sector 23,17.298054,78.47148,CAT-104,66.0,Copernicus_GLO-30_v2023,Roads,C,4.4,414.1,CurbInlet,ERA5,29.5,10,monitor,0.010599855456516502,2.95,Low Risk
SEG-02009,"Dubai, UAE",Ward E,25.262982,55.200676,CAT-177,-3.0,SRTM_3arc,Commercial,D,10.06,5.9,CurbInlet,LocalGauge,28.3,50,ponding_hotspot|low_lying,1.4579710144927536,0.5660000000000001,High Risk
SEG-02010,"San Francisco, USA",Zone IX,37.770827,-122.510646,CAT-049,25.82,SRTM_1arc,Residential,B,7.24,18.3,Manhole,ERA5,41.2,5,monitor,0.37512953367875645,8.24,Low Risk
SEG-02011,"Buenos Aires, Argentina",Ward A,-34.649843,-58.43978,CAT-143,81.45,SRTM_1arc,Roads,B,4.08,49.3,OpenChannel,LocalGauge,24.9,5,monitor,0.08111332007952286,4.9799999999999995,Low Risk
SEG-02012,"Pune, India",Ward K,18.524937,73.814449,CAT-026,25.95,Copernicus_GLO-90_v2022,Roads,B,5.96,72.7,CurbInlet,IMD,41.2,25,monitor,0.08086838534599729,1.6480000000000001,Low Risk
SEG-02013,"Miami, USA",Zone VIII,25.690416,-80.186522,CAT-177,18.66,SRTM_3arc,Residential,A,2.48,240.7,OpenChannel,ERA5,51.2,25,sparse_drainage|event_2022-09-20,0.010260653702937526,2.048,Medium Risk
SEG-02014,"Osaka, Japan",Borough Harbor,34.717852,135.538486,CAT-110,-0.72,SRTM_3arc,Green,C,7.66,51.1,CurbInlet,ERA5,33.7,2,low_lying,0.1470249520153551,16.85,Medium Risk
SEG-02015,"Athens, Greece",Sector 19,38.033513,23.826746,CAT-068,54.78,SRTM_3arc,Residential,D,6.96,367.7,CurbInlet,ERA5,28.4,5,monitor,0.01887713588283157,5.68,Low Risk
SEG-02016,"Hamburg, Germany",District 14,53.4559,9.780049,CAT-005,13.73,Copernicus_GLO-30_v2023,Mixed,D,5.17,88.8,CurbInlet,LocalGauge,23.8,5,monitor,0.05757238307349666,4.76,Low Risk
SEG-02017,"Lima, Peru",District 4,-11.928835,-77.041465,CAT-055,18.21,SRTM_3arc,Green,D,6.25,183.8,CurbInlet,LocalGauge,56.1,25,monitor,0.03382034632034632,2.244,Low Risk
SEG-02018,"Amsterdam, Netherlands",Borough Old Town,52.393364,4.860393,CAT-160,17.3,SRTM_3arc,Residential,B,5.04,43.6,GratedInlet,ERA5,22.7,5,monitor,0.11300448430493273,4.54,Low Risk
SEG-02019,"Philadelphia, USA",Borough Harbor,39.892493,-75.336858,CAT-070,-3.0,Copernicus_GLO-30_v2023,Residential,A,6.91,77.3,Manhole,LocalGauge,26.9,25,low_lying,0.08825031928480205,1.0759999999999998,Medium Risk
SEG-02020,"Karachi, Pakistan",Ward F,24.805227,66.891722,CAT-034,54.74,Copernicus_GLO-30_v2023,Roads,A,9.55,100.4,GratedInlet,ERA5,41.8,2,monitor,0.09418145956607495,20.9,Low Risk
SEG-02021,"Brisbane, Australia",Zone IV,-27.53867,152.895221,CAT-093,32.43,Copernicus_GLO-30_v2023,Residential,C,6.47,94.0,GratedInlet,ERA5,26.9,5,monitor,0.06810526315789474,5.38,Low Risk
SEG-02022,"Singapore, Singapore",District 3,1.424151,103.837049,CAT-158,12.62,Copernicus_GLO-30_v2023,Commercial,B,7.45,127.7,Manhole,ERA5,90.4,25,extreme_rain_history,0.057886557886557895,3.616,High Risk
SEG-02023,"Mumbai, India",Ward G,19.07751,72.94902,CAT-105,12.35,Copernicus_GLO-30_v2023,Residential,B,4.56,91.69999999999999,CurbInlet,LocalGauge,101.2,100,extreme_rain_history,0.04919093851132686,1.012,High Risk
SEG-02024,"Brisbane, Australia",Borough Delta,-27.398341,152.964019,CAT-112,71.84,Copernicus_GLO-30_v2023,Commercial,A,8.0,8.5,GratedInlet,ERA5,25.0,5,monitor,0.8421052631578947,5.0,Low Risk
SEG-02025,"Montreal, Canada",District 4,45.491276,-73.512573,CAT-014,21.09,SRTM_3arc,Green,C,3.92,91.69999999999999,CurbInlet,ERA5,49.9,2,monitor,0.042286947141316075,24.95,Low Risk
SEG-02026,"Shanghai, China",District 26,31.257964,121.445585,CAT-038,11.93,Copernicus_EEA-10_v5,Green,B,2.36,212.2,CurbInlet,LocalGauge,45.9,5,sparse_drainage,0.011069418386491557,9.18,Medium Risk
SEG-02027,"Ho Chi Minh City, Vietnam",Ward A,10.908047,106.696275,CAT-026,68.79,Copernicus_EEA-10_v5,Industrial,B,10.34,18.0,GratedInlet,Blended,88.7,25,extreme_rain_history,0.5442105263157895,3.548,High Risk
SEG-02028,"Kolkata, India",Ward A,22.606191,88.426115,CAT-097,60.72,Copernicus_GLO-30_v2023,Residential,C,6.29,31.6,GratedInlet,LocalGauge,38.4,2,monitor,0.19294478527607362,19.2,Low Risk
SEG-02029,"Nairobi, Kenya",Sector 25,-1.345391,36.911639,CAT-163,84.96,Copernicus_GLO-30_v2023,Roads,A,7.09,74.7,Manhole,ERA5,53.6,2,monitor,0.09365918097754293,26.8,Low Risk
SEG-02030,"Copenhagen, Denmark",Borough Old Town,55.575553,12.58227,CAT-023,38.84,Copernicus_EEA-10_v5,Residential,C,6.37,53.8,GratedInlet,IMD,16.9,5,monitor,0.11624087591240877,3.38,Low Risk
SEG-02031,"Rotterdam, Netherlands",District 25,51.813262,4.530548,CAT-156,17.24,SRTM_3arc,Commercial,B,8.62,28.5,CurbInlet,ERA5,23.2,2,monitor,0.2922033898305085,11.6,Low Risk
SEG-02032,"Lagos, Nigeria",District 15,6.655946,3.349189,CAT-036,-3.0,SRTM_3arc,Commercial,B,6.25,27.9,Manhole,Blended,59.3,25,ponding_hotspot|low_lying|event_2025-05-04,0.21626297577854672,2.372,High Risk
SEG-02033,"Hyderabad, India",Sector 27,17.534133,78.452728,CAT-006,48.82,SRTM_3arc,Industrial,B,6.6,95.8,GratedInlet,IMD,21.8,5,monitor,0.06818181818181818,4.36,Low Risk
SEG-02034,"Hyderabad, India",Zone X,17.260506,78.491001,CAT-060,54.79,Copernicus_EEA-10_v5,Residential,B,4.26,32.1,CurbInlet,ERA5,25.2,2,monitor,0.12870090634441086,12.6,Low Risk
SEG-02035,"Brisbane, Australia",Borough East,-27.351046,153.056745,CAT-048,53.06,Copernicus_EEA-10_v5,Residential,B,4.75,51.6,Manhole,ERA5,71.3,100,monitor,0.0903041825095057,0.713,Low Risk
SEG-02036,"Osaka, Japan",Ward B,34.739115,135.457097,CAT-110,55.96,SRTM_1arc,Residential,B,3.78,54.8,Manhole,IMD,56.1,25,monitor,0.06774193548387097,2.244,Low Risk
SEG-02037,"Houston, USA",Zone VIII,29.868966,-95.257333,CAT-078,25.130000000000003,Copernicus_GLO-30_v2023,Residential,D,2.79,47.1,CurbInlet,ERA5,24.1,5,sparse_drainage,0.058004158004158,4.82,Medium Risk
SEG-02038,"Buenos Aires, Argentina",Zone VI,-34.515843,-58.313986,CAT-100,75.11,SRTM_3arc,Industrial,D,6.25,17.8,CurbInlet,ERA5,31.9,10,monitor,0.3324468085106383,3.19,Low Risk
SEG-02039,"Shanghai, China",Borough South,31.170739,121.54174,CAT-042,25.130000000000003,SRTM_1arc,Residential,B,7.47,49.6,CurbInlet,LocalGauge,42.0,2,monitor,0.1476284584980237,21.0,Low Risk
SEG-02040,"San Francisco, USA",Zone IV,37.815956,-122.488656,CAT-010,86.36,Copernicus_GLO-30_v2023,Roads,B,8.2,50.5,Manhole,Blended,29.3,5,monitor,0.15922330097087378,5.86,Low Risk
SEG-02041,"Vancouver, Canada",Borough Harbor,49.258525,-123.04016,CAT-029,3.84,Copernicus_EEA-10_v5,Green,A,3.6,5.8,OpenChannel,ERA5,21.3,25,low_lying,0.5294117647058824,0.852,Medium Risk
SEG-02042,"Singapore, Singapore",Sector 20,1.332586,103.980494,CAT-135,12.8,SRTM_1arc,Roads,D,7.53,177.3,OpenChannel,ERA5,37.2,50,monitor,0.04223219293325855,0.7440000000000001,Low Risk
SEG-02043,"Tehran, Iran",District 16,35.680479,51.264527,CAT-045,85.88,SRTM_3arc,Green,D,6.07,10.2,Manhole,Blended,21.4,50,monitor,0.5419642857142858,0.428,Low Risk
SEG-02044,"Rio de Janeiro, Brazil",Borough Old Town,-22.926,-43.286912,CAT-119,25.130000000000003,SRTM_3arc,Commercial,A,9.44,21.3,CurbInlet,Blended,61.3,10,monitor,0.42331838565022417,6.13,Low Risk
SEG-02045,"Athens, Greece",Borough Central,38.154795,23.735582,CAT-127,-3.0,SRTM_1arc,Roads,C,7.25,94.9,GratedInlet,ERA5,34.6,5,low_lying,0.07559958289885296,6.92,Medium Risk
SEG-02046,"Manila, Philippines",Borough East,14.616066,121.007999,CAT-137,7.38,Copernicus_GLO-30_v2023,Roads,D,9.85,104.4,Manhole,ERA5,68.2,25,low_lying,0.09345351043643263,2.728,Medium Risk
SEG-02047,"Copenhagen, Denmark",Sector 2,55.627448,12.49886,CAT-125,1.6,Copernicus_GLO-30_v2023,Green,D,1.37,408.5,GratedInlet,LocalGauge,43.5,5,ponding_hotspot|low_lying|sparse_drainage,0.003345543345543346,8.7,High Risk
SEG-02048,"Buenos Aires, Argentina",Zone X,-34.588974,-58.302313,CAT-033,3.21,SRTM_3arc,Mixed,B,3.32,304.4,CurbInlet,ERA5,23.8,2,low_lying,0.010870988867059594,11.9,Medium Risk
SEG-02049,"Houston, USA",Sector 9,29.859559,-95.307096,CAT-129,47.8,Copernicus_EEA-10_v5,Residential,D,2.11,141.7,CurbInlet,Blended,32.2,50,sparse_drainage,0.014786264891380518,0.644,Medium Risk
SEG-02050,"Manila, Philippines",Ward J,14.612137,120.992023,CAT-039,12.2,SRTM_1arc,Mixed,A,10.64,215.9,OpenChannel,ERA5,97.1,2,extreme_rain_history,0.04905486399262333,48.55,High Risk
SEG-02051,"Philadelphia, USA",District 6,39.880627,-75.167382,CAT-054,36.32,SRTM_3arc,Residential,D,4.71,146.5,CurbInlet,ERA5,33.6,100,monitor,0.03193220338983051,0.336,Low Risk
SEG-02052,"Ho Chi Minh City, Vietnam",District 16,10.779423,106.610244,CAT-001,41.48,SRTM_1arc,Commercial,B,9.46,150.0,Manhole,Blended,69.1,2,monitor,0.06264900662251656,34.55,Low Risk
SEG-02053,"Amsterdam, Netherlands",Sector 9,52.366831,4.811591,CAT-135,2.53,Copernicus_GLO-30_v2023,Residential,C,3.6,91.69999999999999,CurbInlet,Blended,22.0,5,low_lying,0.03883495145631068,4.4,Medium Risk
SEG-02054,"Colombo, Sri Lanka",District 1,6.894666,79.88156,CAT-021,-3.0,SRTM_3arc,Residential,A,8.02,73.3,GratedInlet,Blended,48.6,2,low_lying,0.1079407806191117,24.3,Medium Risk
SEG-02055,"Athens, Greece",Sector 4,38.130941,23.768172,CAT-054,27.17,SRTM_3arc,Residential,C,3.49,149.9,Manhole,ERA5,21.6,2,monitor,0.023127899271040423,10.8,Low Risk
SEG-02056,"Manila, Philippines",Borough Riverside,14.595448,120.898268,CAT-173,15.85,Copernicus_GLO-30_v2023,Institutional,B,2.68,312.9,OpenChannel,ERA5,32.9,2,sparse_drainage,0.008537750876075185,16.45,Medium Risk
SEG-02057,"Auckland, New Zealand",District 15,-36.843867,174.844799,CAT-085,77.37,SRTM_1arc,Industrial,A,6.25,122.0,Manhole,ERA5,26.5,2,monitor,0.0508130081300813,13.25,Low Risk
SEG-02058,"Kolkata, India",District 11,22.619382,88.338351,CAT-005,13.4,SRTM_3arc,Residential,B,6.25,309.4,OpenChannel,LocalGauge,51.1,10,monitor,0.020135309278350517,5.11,Low Risk
SEG-02059,"Houston, USA",District 12,29.826891,-95.302413,CAT-126,49.99,SRTM_3arc,Green,A,6.59,229.9,GratedInlet,IMD,38.5,5,monitor,0.028540493720225206,7.7,Low Risk
SEG-02060,"Delhi, India",District 1,28.832793,77.225627,CAT-178,23.83,SRTM_3arc,Commercial,C,9.26,101.8,Manhole,IMD,31.8,5,monitor,0.09007782101167315,6.36,Low Risk
SEG-02061,"Rio de Janeiro, Brazil",Sector 10,-22.894916,-43.157179,CAT-138,27.68,Copernicus_GLO-30_v2023,Commercial,C,7.29,91.69999999999999,CurbInlet,LocalGauge,44.5,10,monitor,0.07864077669902914,4.45,Low Risk
SEG-02062,"Auckland, New Zealand",Ward C,-36.986417,174.673069,CAT-100,-3.0,Copernicus_GLO-30_v2023,Mixed,B,5.73,61.7,GratedInlet,ERA5,22.7,2,low_lying|event_2023-08-15,0.09138755980861245,11.35,Medium Risk
SEG-02063,"Pune, India",Zone I,18.552754,73.838376,CAT-016,99.17,SRTM_3arc,Commercial,D,4.72,91.69999999999999,CurbInlet,ERA5,18.2,2,monitor,0.05091693635382956,9.1,Low Risk
SEG-02064,"Amsterdam, Netherlands",Sector 1,52.267951,4.934529,CAT-038,19.43,Copernicus_EEA-10_v5,Roads,B,7.04,36.5,CurbInlet,LocalGauge,40.8,5,monitor,0.18773333333333334,8.16,Low Risk
SEG-02065,"Chennai, India",Zone VI,13.066405,80.271944,CAT-036,-2.27,SRTM_1arc,Green,D,2.8,10.2,OpenChannel,ERA5,30.0,5,ponding_hotspot|low_lying|sparse_drainage,0.25,6.0,High Risk
SEG-02066,"Guangzhou, China",Zone III,22.991159,113.279219,CAT-001,-0.48,Copernicus_EEA-10_v5,Industrial,C,7.29,53.3,Manhole,ERA5,79.0,10,ponding_hotspot|low_lying,0.13425414364640884,7.9,High Risk
SEG-02067,"Accra, Ghana",Ward K,5.51432,-0.273402,CAT-011,2.66,Copernicus_GLO-30_v2023,Residential,D,2.66,16.8,GratedInlet,ERA5,55.9,2,ponding_hotspot|low_lying|sparse_drainage|event_2024-05-11,0.149438202247191,27.95,High Risk
SEG-02068,"Brisbane, Australia",Sector 22,-27.438641,152.95405,CAT-155,-3.0,Copernicus_EEA-10_v5,Roads,B,6.97,34.2,CurbInlet,ERA5,58.3,10,ponding_hotspot|low_lying|event_2024-09-17,0.19801136363636362,5.83,High Risk
SEG-02069,"Kuala Lumpur, Malaysia",District 5,3.072135,101.764502,CAT-057,49.74,SRTM_1arc,Roads,B,7.66,91.69999999999999,CurbInlet,ERA5,65.6,50,monitor,0.08263214670981663,1.3119999999999998,Low Risk
SEG-02070,"Rio de Janeiro, Brazil",Zone III,-22.842444,-43.135264,CAT-160,11.05,Copernicus_GLO-30_v2023,Roads,A,7.0,63.9,Manhole,LocalGauge,57.3,50,monitor,0.10785824345146378,1.146,Low Risk
SEG-02071,"Rotterdam, Netherlands",Borough Hillside,51.922868,4.464238,CAT-175,11.38,Copernicus_GLO-90_v2022,Industrial,D,8.94,115.6,GratedInlet,LocalGauge,24.5,5,monitor,0.07667238421955402,4.9,Low Risk
SEG-02072,"Mexico City, Mexico",Ward A,19.52886,-99.223483,CAT-139,10.74,SRTM_1arc,Informal,D,6.03,125.2,OpenChannel,ERA5,48.9,5,monitor,0.04778129952456418,9.78,Low Risk
SEG-02073,"Amsterdam, Netherlands",Borough Hillside,52.401169,4.898555,CAT-066,25.58,Copernicus_EEA-10_v5,Commercial,C,6.98,18.4,CurbInlet,LocalGauge,69.8,5,monitor,0.35979381443298974,13.959999999999999,Low Risk
SEG-02074,"Amsterdam, Netherlands",Sector 2,52.467316,4.937162,CAT-065,4.27,SRTM_3arc,Residential,C,2.59,91.69999999999999,Manhole,Blended,19.0,2,low_lying|sparse_drainage,0.02793959007551241,9.5,Medium Risk
SEG-02075,"Lima, Peru",District 25,-12.170019,-77.078821,CAT-011,47.66,Copernicus_GLO-90_v2022,Mixed,C,5.14,11.7,GratedInlet,ERA5,24.0,25,monitor,0.4047244094488189,0.96,Low Risk
SEG-02076,"Tokyo, Japan",Ward J,35.756445,139.562503,CAT-099,43.66,SRTM_3arc,Residential,C,8.34,236.6,CurbInlet,ERA5,37.4,10,monitor,0.0351010101010101,3.7399999999999998,Low Risk
SEG-02077,"Buenos Aires, Argentina",Sector 8,-34.648581,-58.368667,CAT-019,77.0,SRTM_1arc,Residential,C,6.36,150.8,CurbInlet,Blended,19.4,2,monitor,0.04189723320158103,9.7,Low Risk
SEG-02078,"New Orleans, USA",Zone VI,30.038725,-90.080276,CAT-033,17.35,SRTM_1arc,Residential,A,4.81,50.7,GratedInlet,LocalGauge,16.2,2,monitor,0.09303675048355899,8.1,Low Risk
SEG-02079,"Manila, Philippines",Borough North,14.555095,120.768753,CAT-174,12.07,Copernicus_GLO-30_v2023,Green,B,4.06,91.69999999999999,Manhole,ERA5,57.2,5,monitor,0.043797195253505936,11.440000000000001,Low Risk
SEG-02080,"Shenzhen, China",Borough East,22.490704,113.964178,CAT-075,0.78,SRTM_1arc,Roads,C,8.41,397.0,CurbInlet,ERA5,81.3,50,ponding_hotspot|extreme_rain_history|low_lying,0.021130653266331657,1.626,High Risk
SEG-02081,"Vancouver, Canada",Zone IX,49.173845,-123.112801,CAT-102,5.01,SRTM_3arc,Water,B,2.84,144.3,CurbInlet,ERA5,34.2,5,low_lying|sparse_drainage,0.01954576737783895,6.840000000000001,Medium Risk
SEG-02082,"Lagos, Nigeria",Borough West,6.620824,3.400229,CAT-095,21.96,Copernicus_GLO-30_v2023,Roads,B,5.64,114.8,CurbInlet,Blended,105.5,25,extreme_rain_history,0.04870466321243523,4.22,High Risk
SEG-02083,"Kolkata, India",Ward B,22.569592,88.332511,CAT-003,39.42,Copernicus_GLO-30_v2023,Residential,D,3.9,337.1,OpenChannel,IMD,61.7,5,monitor,0.011535048802129546,12.34,Low Risk
SEG-02084,"Paris, France",Sector 1,48.917427,2.332029,CAT-001,37.67,Copernicus_EEA-10_v5,Green,C,1.56,192.6,Manhole,LocalGauge,31.0,2,sparse_drainage,0.008057851239669423,15.5,Medium Risk
SEG-02085,"New Orleans, USA",Sector 26,29.896449,-90.179243,CAT-116,5.01,Copernicus_GLO-90_v2022,Residential,B,2.8,103.9,CurbInlet,ERA5,19.0,50,low_lying|sparse_drainage|event_2024-09-02,0.026692087702573877,0.38,Medium Risk
SEG-02086,"Washington DC, USA",Sector 19,38.913162,-77.099411,CAT-064,5.78,SRTM_1arc,Green,B,2.36,189.2,GratedInlet,ERA5,69.6,25,low_lying|sparse_drainage,0.012407991587802314,2.784,Medium Risk
SEG-02087,"Lima, Peru",Zone II,-11.93475,-76.991743,CAT-007,59.11,Copernicus_EEA-10_v5,Roads,A,11.01,86.3,GratedInlet,LocalGauge,30.9,50,monitor,0.1261168384879725,0.618,Low Risk
SEG-02088,"Hyderabad, India",Sector 6,17.389693,78.449162,CAT-076,91.95,Copernicus_GLO-30_v2023,Green,C,2.76,245.1,GratedInlet,ERA5,40.3,10,sparse_drainage|event_2022-08-03,0.011214953271028037,4.029999999999999,Medium Risk
SEG-02089,"Ahmedabad, India",Sector 8,22.897953,72.606306,CAT-046,41.87,SRTM_1arc,Residential,C,5.32,91.69999999999999,CurbInlet,ERA5,41.3,2,monitor,0.05738942826321468,20.65,Low Risk
SEG-02090,"Mumbai, India",Zone III,19.063252,72.850282,CAT-074,15.95,Copernicus_GLO-30_v2023,Green,D,3.62,205.7,CurbInlet,ERA5,29.2,5,monitor,0.01751330430575714,5.84,Low Risk
SEG-02091,"Cape Town, South Africa",Sector 22,-33.896849,18.499685,CAT-070,8.14,Copernicus_GLO-90_v2022,Residential,C,6.45,88.2,CurbInlet,Blended,49.3,10,monitor,0.07230941704035874,4.93,Low Risk
SEG-02092,"Nairobi, Kenya",Borough Delta,-1.242107,36.812667,CAT-133,25.130000000000003,SRTM_1arc,Commercial,B,6.25,44.3,CurbInlet,LocalGauge,30.3,2,monitor,0.13796909492273732,15.15,Low Risk
SEG-02093,"Cape Town, South Africa",District 28,-33.96996,18.495431,CAT-051,166.51,Copernicus_GLO-30_v2023,Commercial,D,7.84,30.4,CurbInlet,IMD,22.9,5,monitor,0.24968152866242038,4.58,Low Risk
SEG-02094,"Barcelona, Spain",Ward K,41.393543,2.131962,CAT-017,31.29,SRTM_1arc,Residential,B,6.25,53.2,Manhole,IMD,31.4,10,monitor,0.11531365313653136,3.1399999999999997,Low Risk
SEG-02095,"Bangkok, Thailand",Sector 26,13.731776,100.509883,CAT-131,21.09,SRTM_3arc,Residential,B,7.53,80.4,GratedInlet,ERA5,74.9,25,monitor,0.0925061425061425,2.9960000000000004,Low Risk
SEG-02096,"Seoul, South Korea",Zone V,37.556517,127.136495,CAT-179,4.49,Copernicus_GLO-90_v2022,Residential,C,6.63,14.5,OpenChannel,LocalGauge,29.4,2,low_lying,0.42774193548387096,14.7,Medium Risk
SEG-02097,"Mexico City, Mexico",Borough Old Town,19.469832,-99.133643,CAT-018,-3.0,Copernicus_GLO-30_v2023,Residential,B,6.88,94.3,CurbInlet,ERA5,22.1,2,low_lying,0.07219307450157397,11.05,Medium Risk
SEG-02098,"Mexico City, Mexico",Sector 19,19.510033,-99.120559,CAT-069,73.79,SRTM_1arc,Residential,B,4.73,14.6,CurbInlet,ERA5,34.0,100,monitor,0.30320512820512824,0.34,Low Risk
SEG-02099,"Shanghai, China",District 26,31.189183,121.511178,CAT-089,-3.0,SRTM_3arc,Residential,A,3.98,43.1,Manhole,IMD,34.0,5,low_lying,0.09024943310657596,6.8,Medium Risk
SEG-02100,"Delhi, India",Sector 6,28.541521,77.260555,CAT-178,62.59,SRTM_1arc,Green,B,7.0,282.0,GratedInlet,LocalGauge,38.2,100,monitor,0.024734982332155476,0.382,Low Risk
SEG-02101,"Washington DC, USA",Ward K,38.834521,-77.080256,CAT-116,78.02,Copernicus_GLO-30_v2023,Residential,D,7.17,469.9,OpenChannel,ERA5,16.1,10,monitor,0.01522616266723296,1.61,Low Risk
SEG-02102,"Bogotá, Colombia",District 16,4.710353,-73.994234,CAT-116,149.35,SRTM_1arc,Residential,B,6.85,71.5,Manhole,ERA5,28.7,25,monitor,0.09448275862068965,1.148,Low Risk
SEG-02103,"Dhaka, Bangladesh",Sector 6,23.827949,90.555143,CAT-143,68.73,Copernicus_GLO-30_v2023,Residential,C,2.28,72.5,CurbInlet,IMD,60.9,50,sparse_drainage,0.031020408163265303,1.218,Medium Risk
SEG-02104,"Seoul, South Korea",Zone IX,37.511903,126.934704,CAT-074,3.85,Copernicus_GLO-30_v2023,Roads,D,6.25,83.5,CurbInlet,ERA5,25.0,5,low_lying,0.07396449704142012,5.0,Medium Risk
SEG-02105,"Osaka, Japan",Sector 5,34.664879,135.588003,CAT-105,60.36,SRTM_1arc,Residential,C,8.65,46.3,GratedInlet,LocalGauge,24.7,25,monitor,0.18287526427061312,0.988,Low Risk
SEG-02106,"Nairobi, Kenya",Borough Harbor,-1.272552,36.839748,CAT-018,67.54,Copernicus_GLO-90_v2022,Residential,B,3.99,383.2,OpenChannel,ERA5,30.5,5,monitor,0.010385216033315983,6.1,Low Risk
SEG-02107,"Auckland, New Zealand",District 5,-36.806697,174.84902,CAT-039,67.38,Copernicus_EEA-10_v5,Residential,B,2.98,18.8,Manhole,ERA5,16.2,2,sparse_drainage,0.1505050505050505,8.1,Medium Risk
SEG-02108,"Colombo, Sri Lanka",Sector 15,7.06202,79.839137,CAT-012,-3.0,Copernicus_GLO-30_v2023,Roads,B,5.23,88.0,OpenChannel,ERA5,91.4,10,ponding_hotspot|extreme_rain_history|low_lying,0.05876404494382023,9.14,High Risk
SEG-02109,"Mexico City, Mexico",Sector 26,19.521565,-99.182136,CAT-079,54.14,Copernicus_EEA-10_v5,Residential,A,3.79,50.3,CurbInlet,ERA5,32.2,5,monitor,0.07387914230019493,6.44,Low Risk
SEG-02110,"London, UK",Ward A,51.561097,-0.163665,CAT-003,46.1,Copernicus_EEA-10_v5,Commercial,A,6.25,127.9,Manhole,ERA5,41.8,2,monitor,0.04848719937936385,20.9,Low Risk
SEG-02111,"Dubai, UAE",Ward E,25.217375,55.21513,CAT-146,25.130000000000003,Copernicus_GLO-30_v2023,Residential,C,8.77,30.0,CurbInlet,ERA5,8.8,25,monitor,0.2829032258064516,0.35200000000000004,Low Risk
SEG-02112,"Taipei, Taiwan",Zone II,25.067548,121.586524,CAT-149,55.49,SRTM_1arc,Commercial,B,7.24,7.6,GratedInlet,ERA5,19.5,25,monitor,0.8418604651162791,0.78,Low Risk
SEG-02113,"San Francisco, USA",District 10,37.783743,-122.39362,CAT-121,30.08,SRTM_3arc,Commercial,A,6.25,68.1,Manhole,ERA5,29.5,5,monitor,0.09044862518089726,5.9,Low Risk
SEG-02114,"Vancouver, Canada",Zone VI,49.380721,-123.137158,CAT-086,4.44,Copernicus_GLO-30_v2023,Roads,A,10.36,146.6,Manhole,ERA5,69.6,10,low_lying,0.07018970189701897,6.959999999999999,Medium Risk
SEG-02115,"Tokyo, Japan",Zone VII,35.71595,139.671483,CAT-153,54.31,SRTM_1arc,Roads,B,8.66,86.8,GratedInlet,LocalGauge,39.3,2,monitor,0.09863325740318907,19.65,Low Risk
SEG-02116,"Singapore, Singapore",District 24,1.432169,103.680954,CAT-007,32.55,Copernicus_GLO-30_v2023,Roads,B,4.33,238.8,OpenChannel,Blended,52.8,5,monitor,0.01805671392827356,10.559999999999999,Low Risk
SEG-02117,"Colombo, Sri Lanka",District 6,7.013326,79.848604,CAT-147,19.24,Copernicus_EEA-10_v5,Mixed,A,6.25,93.0,CurbInlet,LocalGauge,93.6,100,extreme_rain_history,0.06648936170212766,0.9359999999999999,High Risk
SEG-02118,"Houston, USA",Borough Central,29.694318,-95.276415,CAT-088,81.67,SRTM_1arc,Industrial,C,9.33,114.4,GratedInlet,ERA5,46.2,10,monitor,0.08084922010398614,4.62,Low Risk
SEG-02119,"Dhaka, Bangladesh",Sector 13,23.760779,90.489076,CAT-168,51.0,Copernicus_EEA-10_v5,Green,B,2.23,286.8,Manhole,ERA5,89.6,25,extreme_rain_history|sparse_drainage|event_2023-03-23,0.007748436414176511,3.5839999999999996,High Risk
SEG-02120,"Hong Kong, China",Zone VI,22.351501,114.125928,CAT-007,0.83,SRTM_3arc,Mixed,B,5.63,11.4,GratedInlet,LocalGauge,52.3,2,low_lying,0.4540322580645161,26.15,Medium Risk
SEG-02121,"Dhaka, Bangladesh",Sector 14,23.750655,90.454083,CAT-128,21.53,SRTM_1arc,Residential,C,4.81,38.8,CurbInlet,ERA5,121.6,10,extreme_rain_history,0.12085427135678392,12.16,High Risk
SEG-02122,"New Orleans, USA",Ward F,29.873963,-90.106716,CAT-174,26.95,SRTM_3arc,Roads,C,6.25,128.9,CurbInlet,LocalGauge,30.8,5,monitor,0.0481139337952271,6.16,Low Risk
SEG-02123,"Chennai, India",Sector 23,13.331655,80.401479,CAT-012,19.0,SRTM_1arc,Residential,B,5.81,556.3,OpenChannel,ERA5,71.0,25,monitor,0.01042526466893953,2.84,Low Risk
SEG-02124,"Ho Chi Minh City, Vietnam",Sector 26,10.688585,106.681598,CAT-077,29.08,Copernicus_GLO-90_v2022,Industrial,B,9.61,7.4,CurbInlet,Blended,105.1,50,extreme_rain_history,1.144047619047619,2.102,High Risk
SEG-02125,"Mexico City, Mexico",Borough Hillside,19.435885,-99.093449,CAT-148,55.05,Copernicus_GLO-30_v2023,Industrial,B,5.24,82.2,CurbInlet,ERA5,18.8,2,monitor,0.06298076923076923,9.4,Low Risk
SEG-02126,"Barcelona, Spain",Sector 5,41.410612,2.041829,CAT-168,-0.04,Copernicus_GLO-90_v2022,Commercial,B,6.0,60.6,CurbInlet,Blended,26.9,2,low_lying,0.09740259740259741,13.45,Medium Risk
SEG-02127,"Lima, Peru",District 16,-12.042956,-76.968145,CAT-128,67.12,Copernicus_GLO-30_v2023,Residential,A,3.38,93.6,Manhole,LocalGauge,33.3,2,monitor,0.03572938689217759,16.65,Low Risk
SEG-02128,"Ahmedabad, India",Zone VII,23.166031,72.526356,CAT-142,-3.0,SRTM_3arc,Commercial,A,7.19,456.0,CurbInlet,ERA5,33.7,2,low_lying,0.01573304157549234,16.85,Medium Risk
SEG-02129,"Buenos Aires, Argentina",Zone I,-34.520987,-58.382783,CAT-035,30.67,SRTM_1arc,Commercial,B,6.23,751.7,CurbInlet,ERA5,16.0,50,monitor,0.008276869934901024,0.32,Low Risk
SEG-02130,"Kolkata, India",Sector 4,22.533176,88.221921,CAT-060,59.16,SRTM_3arc,Mixed,C,5.29,194.0,OpenChannel,IMD,40.5,5,monitor,0.02712820512820513,8.1,Low Risk
SEG-02131,"Accra, Ghana",Ward E,5.593875,-0.204516,CAT-157,6.07,SRTM_1arc,Residential,B,3.11,48.8,GratedInlet,IMD,129.5,100,ponding_hotspot|extreme_rain_history|low_lying,0.06244979919678715,1.295,High Risk
SEG-02132,"Singapore, Singapore",Borough Riverside,1.428376,103.898851,CAT-001,25.130000000000003,Copernicus_EEA-10_v5,Residential,B,6.25,36.2,GratedInlet,Blended,45.8,25,monitor,0.16801075268817203,1.8319999999999999,Low Risk
SEG-02133,"Philadelphia, USA",Borough Riverside,39.906391,-75.081549,CAT-114,65.66,SRTM_3arc,Water,A,3.48,246.1,GratedInlet,LocalGauge,48.6,10,monitor,0.014083367057871308,4.86,Low Risk
SEG-02134,"Sydney, Australia",Sector 17,-33.818217,151.202654,CAT-032,-3.0,SRTM_1arc,Residential,C,3.29,44.2,Manhole,ERA5,56.2,25,ponding_hotspot|low_lying,0.07278761061946902,2.248,High Risk
SEG-02135,"Mexico City, Mexico",Borough Old Town,19.318091,-99.020897,CAT-004,28.06,Copernicus_GLO-30_v2023,Green,D,3.59,100.6,Manhole,ERA5,61.3,10,monitor,0.03533464566929134,6.13,Low Risk
SEG-02136,"Pune, India",Sector 19,18.485636,73.834072,CAT-149,41.35,Copernicus_GLO-30_v2023,Residential,D,4.38,97.6,GratedInlet,ERA5,60.5,100,monitor,0.04442190669371197,0.605,Low Risk
SEG-02137,"Montreal, Canada",Sector 22,45.536632,-73.453494,CAT-003,81.28,Copernicus_GLO-30_v2023,Commercial,D,9.1,102.7,GratedInlet,Blended,25.9,5,monitor,0.08775313404050145,5.18,Low Risk
SEG-02138,"Barcelona, Spain",Sector 22,41.371003,2.131939,CAT-017,-3.0,SRTM_3arc,Industrial,C,8.24,52.5,CurbInlet,ERA5,25.8,5,low_lying,0.15401869158878506,5.16,Medium Risk
SEG-02139,"Buenos Aires, Argentina",Borough North,-34.620373,-58.331391,CAT-061,-3.0,Copernicus_GLO-30_v2023,Residential,C,6.26,109.0,CurbInlet,Blended,16.2,2,low_lying,0.05690909090909091,8.1,Medium Risk
SEG-02140,"Rio de Janeiro, Brazil",Zone IX,-23.037395,-43.121518,CAT-126,25.130000000000003,Copernicus_EEA-10_v5,Residential,B,3.56,174.9,Manhole,ERA5,76.3,100,monitor,0.02023877202956225,0.763,Low Risk
SEG-02141,"Chennai, India",Ward D,13.045491,80.24032,CAT-042,16.48,Copernicus_GLO-90_v2022,Residential,C,3.88,72.0,CurbInlet,Blended,123.3,100,extreme_rain_history|event_2023-07-09,0.05315068493150685,1.2329999999999999,High Risk
SEG-02142,"Vancouver, Canada",Ward I,49.2769,-123.055603,CAT-131,4.04,Copernicus_EEA-10_v5,Green,C,3.23,195.3,Manhole,ERA5,27.5,2,low_lying,0.016454406520631685,13.75,Medium Risk
SEG-02143,"Bengaluru, India",Ward H,12.959208,77.511303,CAT-041,20.09,Copernicus_GLO-90_v2022,Residential,C,5.68,33.4,Manhole,IMD,18.4,50,monitor,0.16511627906976745,0.368,Low Risk
SEG-02144,"Mexico City, Mexico",District 3,19.373213,-99.064587,CAT-145,19.58,SRTM_1arc,Institutional,D,5.04,91.69999999999999,Manhole,Blended,77.5,100,monitor,0.05436893203883496,0.775,Low Risk
SEG-02145,"New York, USA",Zone IX,40.672767,-74.003531,CAT-116,105.39,Copernicus_GLO-30_v2023,Water,D,4.28,127.1,CurbInlet,IMD,64.2,5,monitor,0.03341139734582358,12.84,Low Risk
SEG-02146,"Montreal, Canada",Sector 16,45.526889,-73.657444,CAT-164,35.51,Copernicus_GLO-30_v2023,Industrial,A,4.48,68.4,GratedInlet,ERA5,19.2,2,monitor,0.06455331412103746,9.6,Low Risk
SEG-02147,"Miami, USA",District 27,25.811514,-80.368188,CAT-033,16.95,Copernicus_EEA-10_v5,Institutional,B,5.89,349.4,OpenChannel,ERA5,77.2,10,monitor,0.01680936073059361,7.720000000000001,Low Risk
SEG-02148,"San Francisco, USA",Ward G,37.804065,-122.549128,CAT-002,146.46,Copernicus_GLO-90_v2022,Residential,A,7.88,91.69999999999999,OpenChannel,LocalGauge,77.7,10,monitor,0.08500539374325783,7.7700000000000005,Low Risk
SEG-02149,"Lima, Peru",District 11,-11.882963,-77.014557,CAT-162,3.64,Copernicus_GLO-30_v2023,Commercial,B,5.46,171.6,OpenChannel,ERA5,39.3,5,low_lying,0.03163383545770568,7.859999999999999,Medium Risk
SEG-02150,"Singapore, Singapore",District 16,1.334209,103.837504,CAT-134,27.02,SRTM_3arc,Industrial,A,9.21,114.3,CurbInlet,IMD,87.9,50,extreme_rain_history,0.07987857762359064,1.758,High Risk
SEG-02151,"Mumbai, India",Borough Harbor,19.155942,72.792529,CAT-120,1.95,Copernicus_GLO-30_v2023,Commercial,C,4.79,93.5,OpenChannel,IMD,76.2,10,ponding_hotspot|low_lying|event_2024-01-23,0.05068783068783069,7.62,High Risk
SEG-02152,"Seoul, South Korea",Zone VIII,37.600544,126.888601,CAT-068,51.2,SRTM_3arc,Green,A,8.09,273.4,OpenChannel,IMD,31.0,5,monitor,0.02948250728862974,6.2,Low Risk
SEG-02153,"Pune, India",District 4,18.403788,73.902711,CAT-140,25.130000000000003,Copernicus_GLO-90_v2022,Residential,C,3.95,34.3,CurbInlet,ERA5,25.4,2,monitor,0.11189801699716716,12.7,Low Risk
SEG-02154,"Jakarta, Indonesia",District 24,-6.277205,106.784594,CAT-112,8.61,Copernicus_GLO-30_v2023,Roads,B,10.95,25.9,GratedInlet,LocalGauge,100.7,100,extreme_rain_history,0.4070631970260223,1.0070000000000001,High Risk
SEG-02155,"Hyderabad, India",District 17,17.500117,78.478042,CAT-047,46.77,SRTM_3arc,Commercial,A,7.73,157.2,CurbInlet,Blended,19.1,25,monitor,0.048862199747155506,0.764,Low Risk
SEG-02156,"Washington DC, USA",District 3,38.823015,-77.035041,CAT-040,95.27,SRTM_1arc,Green,B,4.65,257.8,CurbInlet,ERA5,14.1,5,monitor,0.01796754250386399,2.82,Low Risk
SEG-02157,"Rio de Janeiro, Brazil",District 19,-22.847881,-42.994528,CAT-157,11.14,Copernicus_EEA-10_v5,Residential,D,5.99,69.2,CurbInlet,ERA5,67.1,5,monitor,0.08532763532763532,13.419999999999998,Low Risk
SEG-02158,"New Orleans, USA",Borough West,29.947837,-90.038943,CAT-009,7.98,Copernicus_GLO-30_v2023,Residential,D,7.67,120.5,OpenChannel,ERA5,53.4,50,low_lying,0.06312757201646091,1.068,Medium Risk
SEG-02159,"Mumbai, India",Borough North,19.16408,72.873119,CAT-077,18.26,Copernicus_EEA-10_v5,Roads,D,7.29,28.1,CurbInlet,ERA5,77.6,50,monitor,0.25051546391752577,1.5519999999999998,Low Risk
SEG-02160,"Rotterdam, Netherlands",Zone VII,51.83093,4.54564,CAT-100,17.8,SRTM_1arc,Green,C,4.96,212.8,CurbInlet,IMD,56.2,5,monitor,0.023199251637043963,11.24,Low Risk
SEG-02161,"Nairobi, Kenya",Zone X,-1.297923,36.87853,CAT-007,50.63,Copernicus_GLO-30_v2023,Roads,B,6.3,76.3,Manhole,ERA5,24.1,5,monitor,0.0815006468305304,4.82,Low Risk
SEG-02162,"Montreal, Canada",Sector 14,45.47141,-73.582564,CAT-044,51.3,Copernicus_GLO-30_v2023,Industrial,D,8.45,88.8,Manhole,ERA5,22.0,2,monitor,0.09409799554565701,11.0,Low Risk
SEG-02163,"Pune, India",Sector 8,18.421024,73.639976,CAT-097,56.46,SRTM_1arc,Residential,D,7.89,100.9,Manhole,LocalGauge,9.7,5,monitor,0.07742885181550539,1.94,Low Risk
SEG-02164,"Lagos, Nigeria",Ward H,6.661274,3.449798,CAT-087,-2.22,Copernicus_EEA-10_v5,Residential,B,7.68,98.5,Manhole,ERA5,94.4,2,ponding_hotspot|extreme_rain_history|low_lying,0.0771859296482412,47.2,High Risk
SEG-02165,"Kolkata, India",Zone VIII,22.633762,88.454745,CAT-145,-3.0,Copernicus_EEA-10_v5,Roads,C,5.05,8.8,GratedInlet,ERA5,27.8,50,ponding_hotspot|low_lying,0.5153061224489796,0.556,High Risk
SEG-02166,"Mexico City, Mexico",District 29,19.229836,-99.131476,CAT-163,23.08,Copernicus_GLO-30_v2023,Roads,D,8.51,84.8,CurbInlet,IMD,53.9,5,monitor,0.09918414918414918,10.78,Low Risk
SEG-02167,"New Orleans, USA",Zone VIII,29.971333,-90.089094,CAT-030,5.97,SRTM_3arc,Industrial,C,7.69,23.3,GratedInlet,Blended,16.5,50,low_lying,0.31646090534979426,0.33,Medium Risk
SEG-02168,"Auckland, New Zealand",Zone V,-36.787295,174.825867,CAT-091,28.8,Copernicus_GLO-90_v2022,Residential,B,2.92,18.1,CurbInlet,LocalGauge,16.6,2,sparse_drainage|event_2023-07-11,0.15287958115183245,8.3,Medium Risk
SEG-02169,"Philadelphia, USA",Ward J,40.014546,-75.182815,CAT-169,29.12,SRTM_3arc,Industrial,B,10.81,410.7,OpenChannel,LocalGauge,13.1,100,monitor,0.026256983240223467,0.131,Low Risk
SEG-02170,"Philadelphia, USA",District 11,39.993009,-75.14022,CAT-019,28.33,SRTM_1arc,Green,B,6.25,306.0,CurbInlet,ERA5,12.4,10,monitor,0.02035830618892508,1.24,Low Risk
SEG-02171,"Brisbane, Australia",Sector 8,-27.533231,153.07808,CAT-059,2.44,SRTM_3arc,Commercial,C,10.86,23.3,GratedInlet,LocalGauge,42.4,50,low_lying,0.4469135802469135,0.848,Medium Risk
SEG-02172,"Bangkok, Thailand",Ward E,13.749231,100.516898,CAT-125,7.31,SRTM_3arc,Industrial,D,6.25,73.5,CurbInlet,ERA5,140.1,100,ponding_hotspot|extreme_rain_history|low_lying,0.08389261744966443,1.401,High Risk
SEG-02173,"London, UK",Sector 12,51.505878,-0.095656,CAT-068,84.1,SRTM_3arc,Roads,A,7.93,132.4,Manhole,IMD,28.6,25,monitor,0.05944527736131933,1.1440000000000001,Low Risk
SEG-02174,"Washington DC, USA",Borough West,38.86408,-77.020537,CAT-143,110.13,Copernicus_GLO-30_v2023,Residential,B,6.58,117.3,CurbInlet,ERA5,31.7,10,monitor,0.05562130177514793,3.17,Low Risk
SEG-02175,"Bengaluru, India",Borough Hillside,13.067448,77.574496,CAT-111,51.11,Copernicus_GLO-30_v2023,Institutional,C,4.95,22.1,CurbInlet,IMD,54.2,10,monitor,0.21428571428571427,5.42,Low Risk
SEG-02176,"Lagos, Nigeria",Sector 18,6.522605,3.405811,CAT-171,19.19,SRTM_1arc,Residential,B,8.02,8.7,CurbInlet,ERA5,55.7,50,monitor,0.8268041237113403,1.114,Low Risk
SEG-02177,"Tehran, Iran",District 25,35.807749,51.459159,CAT-143,51.23,SRTM_1arc,Green,B,3.95,58.7,CurbInlet,LocalGauge,38.2,50,monitor,0.0661641541038526,0.764,Low Risk
SEG-02178,"Miami, USA",Sector 17,25.693,-80.296988,CAT-037,9.24,Copernicus_EEA-10_v5,Green,C,7.59,21.3,Manhole,ERA5,79.8,50,monitor,0.34035874439461883,1.5959999999999999,Low Risk
SEG-02179,"Barcelona, Spain",Ward G,41.397694,2.217602,CAT-053,13.04,Copernicus_GLO-30_v2023,Water,D,3.05,311.2,GratedInlet,ERA5,47.4,25,monitor,0.009769378603459321,1.896,Low Risk
SEG-02180,"Amsterdam, Netherlands",Ward G,52.282612,4.828149,CAT-089,7.53,SRTM_1arc,Mixed,A,7.5,7.5,CurbInlet,IMD,20.9,5,low_lying,0.8823529411764706,4.18,Medium Risk
SEG-02181,"New York, USA",Zone IX,40.783956,-73.976593,CAT-104,74.42,Copernicus_GLO-30_v2023,Residential,A,7.07,91.69999999999999,Manhole,IMD,44.7,5,monitor,0.07626752966558793,8.940000000000001,Low Risk
SEG-02182,"Copenhagen, Denmark",Ward F,55.602411,12.505045,CAT-144,10.38,SRTM_1arc,Residential,C,6.25,91.69999999999999,CurbInlet,ERA5,25.0,10,monitor,0.06742179072276161,2.5,Low Risk
SEG-02183,"Sao Paulo, Brazil",Sector 9,-23.588078,-46.627541,CAT-073,-3.0,Copernicus_EEA-10_v5,Industrial,B,4.35,44.3,GratedInlet,ERA5,32.9,2,low_lying|event_2024-09-05,0.09602649006622517,16.45,Medium Risk
SEG-02184,"Barcelona, Spain",Zone IX,41.393959,2.143102,CAT-052,7.71,SRTM_3arc,Residential,A,6.32,47.9,GratedInlet,ERA5,41.1,2,low_lying,0.1292433537832311,20.55,Medium Risk
SEG-02185,"London, UK",Sector 11,51.448464,-0.212598,CAT-108,84.84,Copernicus_GLO-30_v2023,Roads,C,5.85,101.8,GratedInlet,ERA5,17.0,2,monitor,0.05690661478599222,8.5,Low Risk
SEG-02186,"Seoul, South Korea",Zone I,37.50419,126.944613,CAT-073,77.66,SRTM_1arc,Commercial,B,8.72,91.69999999999999,Manhole,LocalGauge,32.1,5,monitor,0.094066882416397,6.42,Low Risk
SEG-02187,"Barcelona, Spain",Borough Harbor,41.398164,2.126905,CAT-008,19.63,Copernicus_GLO-90_v2022,Green,A,6.54,0.6,OpenChannel,LocalGauge,20.3,50,monitor,4.0874999999999995,0.406,Low Risk
SEG-02188,"Bengaluru, India",Borough Central,12.976138,77.611628,CAT-095,57.09,SRTM_3arc,Residential,C,6.22,91.69999999999999,Manhole,ERA5,32.8,10,monitor,0.06709816612729234,3.28,Low Risk
SEG-02189,"Lagos, Nigeria",District 18,6.514979,3.33293,CAT-058,15.82,Copernicus_GLO-90_v2022,Industrial,A,5.28,83.7,GratedInlet,ERA5,65.3,5,monitor,0.06233766233766234,13.059999999999999,Low Risk
SEG-02190,"Washington DC, USA",Sector 3,39.017167,-77.07019,CAT-083,78.09,Copernicus_EEA-10_v5,Residential,C,7.43,131.7,Manhole,LocalGauge,58.7,10,monitor,0.055990957045968355,5.87,Low Risk
SEG-02191,"Durban, South Africa",Zone VIII,-29.946583,30.979814,CAT-130,6.97,SRTM_3arc,Green,B,2.36,176.2,CurbInlet,ERA5,69.6,25,low_lying|sparse_drainage,0.013318284424379233,2.784,Medium Risk
SEG-02192,"Barcelona, Spain",District 28,41.34335,2.170248,CAT-165,2.98,Copernicus_GLO-30_v2023,Institutional,C,3.3,267.0,Manhole,Blended,27.8,10,low_lying,0.012313432835820894,2.7800000000000002,Medium Risk
SEG-02193,"Bengaluru, India",Borough East,12.944588,77.604846,CAT-142,46.7,SRTM_1arc,Residential,D,5.53,127.1,Manhole,IMD,53.2,5,monitor,0.04316939890710383,10.64,Low Risk
SEG-02194,"Athens, Greece",Zone X,38.028353,23.846257,CAT-058,-3.0,SRTM_1arc,Green,B,2.07,308.9,GratedInlet,Blended,25.9,5,low_lying|sparse_drainage|event_2023-02-15,0.006679574056147144,5.18,Medium Risk
SEG-02195,"Vancouver, Canada",Borough East,49.148624,-123.235374,CAT-127,11.45,Copernicus_EEA-10_v5,Residential,D,6.04,4.0,Manhole,ERA5,30.1,5,monitor,1.208,6.0200000000000005,Low Risk
SEG-02196,"Nairobi, Kenya",Borough Delta,-1.232109,36.804535,CAT-118,65.25,Copernicus_EEA-10_v5,Green,B,2.37,91.69999999999999,Manhole,ERA5,30.5,5,sparse_drainage,0.025566343042071202,6.1,Medium Risk
SEG-02197,"Tokyo, Japan",District 14,35.65098,139.654258,CAT-018,51.89,Copernicus_EEA-10_v5,Residential,B,2.16,204.0,GratedInlet,ERA5,77.9,5,sparse_drainage,0.01053658536585366,15.580000000000002,Medium Risk
SEG-02198,"Rotterdam, Netherlands",Borough Hillside,51.800469,4.458381,CAT-132,10.48,Copernicus_GLO-90_v2022,Commercial,B,9.96,10.9,Manhole,ERA5,16.7,25,monitor,0.8369747899159664,0.6679999999999999,Low Risk
SEG-02199,"Riyadh, Saudi Arabia",Zone VI,24.85684,46.623439,CAT-098,37.7,SRTM_3arc,Roads,B,8.41,91.69999999999999,GratedInlet,LocalGauge,22.7,5,monitor,0.09072276159654802,4.54,Low Risk
SEG-02200,"San Francisco, USA",Ward E,37.816014,-122.536431,CAT-158,151.43,SRTM_3arc,Roads,C,6.13,79.5,CurbInlet,ERA5,37.7,10,monitor,0.07614906832298136,3.7700000000000005,Low Risk
SEG-02201,"Houston, USA",District 14,29.847333,-95.439544,CAT-109,12.73,Copernicus_GLO-30_v2023,Commercial,B,7.24,3.9,Manhole,ERA5,20.7,5,monitor,1.4775510204081632,4.14,Low Risk
SEG-02202,"Istanbul, Türkiye",Zone VIII,41.119431,28.928282,CAT-009,43.21,Copernicus_GLO-30_v2023,Green,B,2.53,528.1,CurbInlet,IMD,34.1,2,sparse_drainage,0.004781704781704781,17.05,Medium Risk
SEG-02203,"Barcelona, Spain",Sector 1,41.4486,2.283317,CAT-126,15.44,SRTM_3arc,Residential,D,6.25,172.7,OpenChannel,LocalGauge,42.7,5,monitor,0.03598157743235464,8.540000000000001,Low Risk
SEG-02204,"Vancouver, Canada",Borough West,49.251723,-123.260832,CAT-179,15.51,Copernicus_GLO-30_v2023,Roads,C,7.18,30.2,CurbInlet,ERA5,13.5,2,monitor,0.23012820512820512,6.75,Low Risk
SEG-02205,"Shenzhen, China",District 14,22.679786,114.159815,CAT-002,8.29,Copernicus_EEA-10_v5,Industrial,A,5.64,49.8,Manhole,ERA5,40.1,2,monitor,0.1110236220472441,20.05,Low Risk
SEG-02206,"Athens, Greece",Zone VII,38.033884,23.578047,CAT-028,48.85,SRTM_3arc,Industrial,A,4.28,53.3,GratedInlet,LocalGauge,27.8,2,monitor,0.07882136279926336,13.9,Low Risk
SEG-02207,"Lagos, Nigeria",Sector 14,6.452143,3.451479,CAT-106,10.75,Copernicus_EEA-10_v5,Commercial,D,4.2,88.8,CurbInlet,ERA5,150.0,25,ponding_hotspot|extreme_rain_history|event_2024-02-18,0.0467706013363029,6.0,High Risk
SEG-02208,"Delhi, India",District 3,28.642975,77.252889,CAT-112,115.03,SRTM_1arc,Roads,C,5.94,38.1,Manhole,ERA5,35.3,50,monitor,0.15191815856777494,0.706,Low Risk
SEG-02209,"Kuala Lumpur, Malaysia",Ward H,3.268223,101.811036,CAT-080,-3.0,SRTM_1arc,Green,B,5.92,342.5,CurbInlet,ERA5,90.5,10,ponding_hotspot|extreme_rain_history|low_lying,0.017234352256186317,9.05,High Risk
SEG-02210,"Lima, Peru",Sector 1,-11.921741,-77.057409,CAT-167,21.76,SRTM_3arc,Roads,D,3.36,17.4,OpenChannel,ERA5,41.1,50,monitor,0.1826086956521739,0.8220000000000001,Low Risk
SEG-02211,"Riyadh, Saudi Arabia",District 3,24.744683,46.520647,CAT-137,-3.0,Copernicus_GLO-30_v2023,Commercial,D,5.8,233.5,OpenChannel,ERA5,8.3,50,low_lying,0.024733475479744135,0.166,Medium Risk
SEG-02212,"Kolkata, India",Zone I,22.43023,88.480132,CAT-100,62.88,SRTM_3arc,Industrial,B,10.9,312.1,CurbInlet,ERA5,29.0,5,monitor,0.03481315873522836,5.8,Low Risk
SEG-02213,"Sydney, Australia",Sector 19,-33.838687,151.308888,CAT-152,0.69,Copernicus_GLO-90_v2022,Green,A,4.79,293.8,OpenChannel,ERA5,55.2,10,low_lying,0.0162483039348711,5.5200000000000005,Medium Risk
SEG-02214,"Chennai, India",Ward A,13.113494,80.204258,CAT-115,12.63,Copernicus_EEA-10_v5,Green,B,4.56,122.3,Manhole,ERA5,105.8,25,extreme_rain_history,0.03698296836982968,4.232,High Risk
SEG-02215,"New Orleans, USA",Ward C,29.94437,-90.053915,CAT-116,7.8,SRTM_1arc,Green,A,1.83,160.9,GratedInlet,Blended,55.2,5,low_lying|sparse_drainage,0.011303273625694873,11.040000000000001,Medium Risk
SEG-02216,"Brisbane, Australia",Sector 9,-27.419556,152.902017,CAT-057,65.19,Copernicus_GLO-30_v2023,Residential,B,4.56,91.69999999999999,GratedInlet,ERA5,26.3,2,monitor,0.04919093851132686,13.15,Low Risk
SEG-02217,"Buenos Aires, Argentina",Zone II,-34.559001,-58.336407,CAT-146,115.15,Copernicus_GLO-30_v2023,Industrial,D,5.9,82.1,CurbInlet,ERA5,36.2,2,monitor,0.07099879663056559,18.1,Low Risk
SEG-02218,"Bangkok, Thailand",Ward G,13.69144,100.41412,CAT-090,-3.0,SRTM_1arc,Roads,A,7.79,614.2,CurbInlet,ERA5,45.7,5,low_lying,0.012662548764629388,9.14,Medium Risk
SEG-02219,"Rotterdam, Netherlands",Borough North,51.782672,4.526668,CAT-141,7.64,SRTM_1arc,Commercial,A,4.09,105.1,Manhole,IMD,28.2,10,low_lying,0.03854853911404336,2.82,Medium Risk
SEG-02220,"Copenhagen, Denmark",Sector 20,55.796699,12.555078,CAT-065,37.76,Copernicus_GLO-30_v2023,Industrial,C,4.29,6.1,GratedInlet,ERA5,24.3,10,monitor,0.6042253521126761,2.43,Low Risk
SEG-02221,"Auckland, New Zealand",Ward G,-36.879021,174.741063,CAT-161,53.9,Copernicus_GLO-30_v2023,Residential,C,3.27,143.9,CurbInlet,LocalGauge,66.2,10,monitor,0.022567287784679087,6.62,Low Risk
SEG-02222,"Istanbul, Türkiye",Zone V,41.012371,28.958532,CAT-004,52.79,Copernicus_GLO-30_v2023,Roads,B,3.51,91.69999999999999,GratedInlet,Blended,46.5,5,monitor,0.037864077669902914,9.3,Low Risk
SEG-02223,"Dhaka, Bangladesh",Borough Central,23.762614,90.371019,CAT-126,88.93,Copernicus_GLO-30_v2023,Roads,B,8.38,162.7,Manhole,LocalGauge,61.9,10,monitor,0.05119120342089188,6.1899999999999995,Low Risk
SEG-02224,"Philadelphia, USA",Borough West,40.025695,-75.205585,CAT-120,16.0,SRTM_1arc,Roads,B,4.3,129.9,GratedInlet,LocalGauge,46.3,10,monitor,0.03284950343773873,4.63,Low Risk
SEG-02225,"Karachi, Pakistan",Zone II,24.911529,67.172185,CAT-119,55.01,Copernicus_EEA-10_v5,Residential,C,4.83,124.1,CurbInlet,ERA5,47.1,50,monitor,0.03860911270983214,0.9420000000000001,Low Risk
SEG-02226,"Mexico City, Mexico",Sector 4,19.50178,-99.225414,CAT-050,77.49,SRTM_3arc,Residential,B,6.25,1.5,Manhole,ERA5,28.5,5,monitor,2.5,5.7,Low Risk
SEG-02227,"Amsterdam, Netherlands",Zone X,52.399425,4.908386,CAT-083,11.84,SRTM_1arc,Commercial,B,9.25,64.4,Manhole,ERA5,30.6,100,monitor,0.1414373088685015,0.306,Low Risk
SEG-02228,"Istanbul, Türkiye",Sector 13,41.123456,28.889117,CAT-069,107.02,Copernicus_GLO-30_v2023,Commercial,C,9.83,160.0,GratedInlet,Blended,25.6,2,monitor,0.061055900621118014,12.8,Low Risk
SEG-02229,"Seoul, South Korea",Borough Central,37.48406,126.900766,CAT-087,17.16,SRTM_1arc,Roads,A,3.69,103.0,CurbInlet,LocalGauge,61.6,25,monitor,0.03548076923076923,2.464,Low Risk
SEG-02230,"Lima, Peru",District 14,-12.035297,-77.092359,CAT-146,61.91,Copernicus_GLO-90_v2022,Industrial,C,7.0,373.4,CurbInlet,IMD,28.2,25,monitor,0.018696581196581196,1.128,Low Risk
SEG-02231,"Rome, Italy",Ward K,41.884839,12.44155,CAT-032,40.91,Copernicus_GLO-30_v2023,Industrial,D,7.3,92.2,GratedInlet,ERA5,19.0,2,monitor,0.07832618025751073,9.5,Low Risk
SEG-02232,"Karachi, Pakistan",Sector 9,24.653109,66.915227,CAT-133,25.130000000000003,Copernicus_EEA-10_v5,Residential,B,4.62,49.7,Manhole,ERA5,54.7,100,monitor,0.09112426035502959,0.547,Low Risk
SEG-02233,"Riyadh, Saudi Arabia",Sector 29,24.657116,46.606386,CAT-164,50.55,SRTM_1arc,Roads,C,6.08,37.3,Manhole,Blended,13.4,2,monitor,0.15874673629242822,6.7,Low Risk
SEG-02234,"Brisbane, Australia",District 18,-27.398254,153.121061,CAT-081,20.78,Copernicus_GLO-30_v2023,Roads,B,5.95,320.4,OpenChannel,ERA5,22.7,100,monitor,0.01851275668948351,0.22699999999999998,Low Risk
SEG-02235,"Philadelphia, USA",Ward I,40.000949,-75.257334,CAT-099,21.56,Copernicus_GLO-30_v2023,Green,C,4.18,282.1,CurbInlet,ERA5,16.6,50,monitor,0.014765100671140938,0.332,Low Risk
SEG-02236,"Mumbai, India",Borough Delta,19.135957,72.897326,CAT-159,5.73,SRTM_1arc,Roads,B,6.64,138.5,OpenChannel,ERA5,46.0,2,low_lying,0.047598566308243724,23.0,Medium Risk
SEG-02237,"Cape Town, South Africa",District 2,-33.825432,18.476241,CAT-140,113.28,SRTM_1arc,Roads,D,5.43,78.8,CurbInlet,LocalGauge,25.2,50,monitor,0.06804511278195488,0.504,Low Risk
SEG-02238,"Copenhagen, Denmark",Sector 4,55.722272,12.540012,CAT-092,40.07,Copernicus_EEA-10_v5,Roads,C,10.88,260.9,OpenChannel,IMD,62.8,10,monitor,0.041542573501336395,6.279999999999999,Low Risk
SEG-02239,"Chennai, India",District 6,13.021981,80.245154,CAT-065,-3.0,SRTM_1arc,Residential,B,3.86,146.1,CurbInlet,ERA5,61.5,10,ponding_hotspot|low_lying|event_2023-12-01,0.026240652617267164,6.15,High Risk
SEG-02240,"Manila, Philippines",Sector 14,14.667464,120.930625,CAT-148,11.68,SRTM_1arc,Green,D,3.69,402.5,CurbInlet,ERA5,116.9,50,ponding_hotspot|extreme_rain_history|event_2023-09-29,0.009144981412639405,2.338,High Risk
SEG-02241,"Dhaka, Bangladesh",District 29,23.856682,90.461885,CAT-044,99.39,SRTM_3arc,Roads,A,6.66,146.9,GratedInlet,LocalGauge,43.7,100,monitor,0.04503042596348884,0.43700000000000006,Low Risk
SEG-02242,"Washington DC, USA",Zone I,38.930413,-76.865026,CAT-097,96.57,Copernicus_GLO-30_v2023,Roads,B,10.24,140.7,CurbInlet,LocalGauge,44.3,10,monitor,0.07226534932956952,4.43,Low Risk
SEG-02243,"Miami, USA",Sector 3,25.800385,-80.128648,CAT-015,17.1,SRTM_1arc,Residential,B,4.07,117.1,Manhole,ERA5,42.9,5,monitor,0.03446232006773921,8.58,Low Risk
SEG-02244,"Hong Kong, China",Borough East,22.371143,114.152424,CAT-066,11.49,Copernicus_GLO-90_v2022,Residential,C,5.2,73.1,GratedInlet,ERA5,47.8,25,monitor,0.07017543859649124,1.912,Low Risk
SEG-02245,"Buenos Aires, Argentina",Ward K,-34.587583,-58.38188,CAT-036,-3.0,Copernicus_GLO-30_v2023,Industrial,C,8.83,98.7,OpenChannel,ERA5,68.6,25,ponding_hotspot|low_lying|event_2025-03-11,0.08856569709127382,2.7439999999999998,High Risk
SEG-02246,"Manila, Philippines",Zone V,14.61148,121.084784,CAT-120,14.04,SRTM_1arc,Green,D,3.76,159.4,Manhole,Blended,59.3,10,monitor,0.023441396508728177,5.93,Low Risk
SEG-02247,"Cape Town, South Africa",Sector 23,-33.862239,18.510836,CAT-088,221.63,SRTM_1arc,Green,B,3.48,162.9,OpenChannel,ERA5,19.9,2,monitor,0.021232458816351434,9.95,Low Risk
SEG-02248,"Sao Paulo, Brazil",Sector 25,-23.517757,-46.665563,CAT-092,81.19,SRTM_3arc,Industrial,B,9.67,71.3,CurbInlet,ERA5,66.8,5,monitor,0.13374827109266943,13.36,Low Risk
SEG-02249,"Dhaka, Bangladesh",Borough Riverside,23.770822,90.406331,CAT-090,-3.0,SRTM_1arc,Commercial,A,9.49,78.0,Manhole,LocalGauge,47.0,10,low_lying,0.12012658227848101,4.7,Medium Risk
SEG-02250,"Ho Chi Minh City, Vietnam",District 22,10.844813,106.584776,CAT-139,53.29,Copernicus_GLO-90_v2022,Commercial,D,6.74,335.6,CurbInlet,IMD,41.3,50,monitor,0.020023767082590613,0.826,Low Risk
SEG-02251,"Ahmedabad, India",Borough Riverside,23.015209,72.586834,CAT-075,5.94,Copernicus_EEA-10_v5,Industrial,A,4.72,191.8,CurbInlet,ERA5,18.8,50,low_lying,0.024481327800829872,0.376,Medium Risk
SEG-02252,"Seoul, South Korea",District 20,37.508342,127.021785,CAT-142,39.0,SRTM_3arc,Industrial,B,9.11,18.0,CurbInlet,ERA5,19.4,5,monitor,0.4794736842105263,3.88,Low Risk
SEG-02253,"Ho Chi Minh City, Vietnam",Borough Riverside,10.844343,106.678593,CAT-107,33.8,Copernicus_GLO-30_v2023,Residential,C,6.25,58.4,CurbInlet,Blended,38.5,2,monitor,0.10521885521885523,19.25,Low Risk
SEG-02254,"Tokyo, Japan",Zone III,35.697121,139.666878,CAT-054,96.48,SRTM_3arc,Residential,C,3.59,20.8,CurbInlet,ERA5,38.3,2,monitor,0.1646788990825688,19.15,Low Risk
SEG-02255,"Rotterdam, Netherlands",Ward G,52.084604,4.493236,CAT-147,3.79,SRTM_1arc,Industrial,C,4.15,124.4,GratedInlet,ERA5,35.1,5,low_lying,0.03309409888357257,7.0200000000000005,Medium Risk
SEG-02256,"Barcelona, Spain",District 25,41.245247,2.10476,CAT-126,5.4,SRTM_1arc,Residential,B,5.52,38.4,Manhole,ERA5,22.7,10,low_lying,0.14010152284263958,2.27,Medium Risk
SEG-02257,"Rome, Italy",Sector 4,41.870543,12.328795,CAT-118,56.14,Copernicus_GLO-30_v2023,Roads,C,9.0,245.4,OpenChannel,ERA5,30.5,25,monitor,0.036525974025974024,1.22,Low Risk
SEG-02258,"Doha, Qatar",Borough Central,25.341679,51.416266,CAT-072,67.21,Copernicus_EEA-10_v5,Residential,C,4.77,63.4,Manhole,LocalGauge,30.9,10,monitor,0.07406832298136645,3.09,Low Risk
SEG-02259,"Rotterdam, Netherlands",Zone IX,51.964541,4.440018,CAT-101,3.78,SRTM_1arc,Green,C,6.25,350.6,GratedInlet,ERA5,41.4,5,low_lying,0.017775881683731513,8.28,Medium Risk
SEG-02260,"Manila, Philippines",District 14,14.575281,121.005397,CAT-137,-3.0,Copernicus_GLO-90_v2022,Residential,A,6.2,91.69999999999999,CurbInlet,ERA5,46.1,2,low_lying,0.06688241639697952,23.05,Medium Risk
SEG-02261,"Chennai, India",Zone IV,13.125843,80.264888,CAT-151,25.130000000000003,SRTM_3arc,Industrial,D,10.02,49.1,CurbInlet,ERA5,104.7,5,extreme_rain_history|event_2022-05-07,0.19999999999999998,20.94,High Risk
SEG-02262,"Vancouver, Canada",Sector 17,49.262389,-123.043046,CAT-021,16.1,SRTM_3arc,Green,A,6.98,33.2,Manhole,ERA5,26.9,10,monitor,0.204093567251462,2.69,Low Risk
SEG-02263,"Brisbane, Australia",Borough Hillside,-27.585299,153.022692,CAT-152,-3.0,SRTM_1arc,Roads,D,8.61,203.7,CurbInlet,ERA5,37.6,2,ponding_hotspot|low_lying|event_2024-08-19,0.042061553492916466,18.8,High Risk
SEG-02264,"Hyderabad, India",Sector 23,17.49578,78.422704,CAT-131,42.14,Copernicus_GLO-30_v2023,Commercial,C,5.94,91.69999999999999,Manhole,ERA5,41.8,50,monitor,0.06407766990291264,0.836,Low Risk
SEG-02265,"Dubai, UAE",District 23,25.179043,55.318947,CAT-119,84.93,SRTM_3arc,Roads,A,9.39,161.0,CurbInlet,IMD,24.5,2,monitor,0.057962962962962966,12.25,Low Risk
SEG-02266,"Cape Town, South Africa",District 2,-34.01394,18.444154,CAT-178,23.59,Copernicus_GLO-30_v2023,Residential,C,4.94,192.4,OpenChannel,Blended,31.7,5,monitor,0.025542916235780765,6.34,Low Risk
SEG-02267,"Ahmedabad, India",Zone IV,23.044635,72.497931,CAT-133,38.5,Copernicus_GLO-30_v2023,Residential,C,5.99,382.9,OpenChannel,LocalGauge,25.7,10,monitor,0.0156030216202136,2.57,Low Risk
SEG-02268,"Vancouver, Canada",Sector 6,49.29266,-123.122796,CAT-078,12.62,Copernicus_EEA-10_v5,Roads,B,8.19,48.8,CurbInlet,ERA5,23.1,25,monitor,0.1644578313253012,0.924,Low Risk
SEG-02269,"Nairobi, Kenya",Borough South,-1.343593,36.961326,CAT-112,54.95,SRTM_1arc,Residential,A,5.88,186.5,CurbInlet,LocalGauge,34.9,50,monitor,0.03136,0.698,Low Risk
SEG-02270,"Mexico City, Mexico",Sector 13,19.398948,-99.085444,CAT-097,51.51,SRTM_1arc,Green,A,5.3,222.3,OpenChannel,ERA5,47.8,10,monitor,0.02373488580385132,4.779999999999999,Low Risk
SEG-02271,"Bengaluru, India",District 18,12.997025,77.673815,CAT-064,22.26,SRTM_1arc,Commercial,C,9.55,39.9,CurbInlet,LocalGauge,30.2,100,monitor,0.23349633251833743,0.302,Low Risk
SEG-02272,"Riyadh, Saudi Arabia",Zone III,24.83752,46.612715,CAT-137,82.39,Copernicus_GLO-90_v2022,Commercial,B,5.98,45.2,GratedInlet,Blended,13.5,5,monitor,0.12943722943722943,2.7,Low Risk
SEG-02273,"New Orleans, USA",Sector 15,30.01675,-90.061069,CAT-088,12.13,SRTM_1arc,Industrial,D,7.46,9.4,Manhole,ERA5,27.9,50,monitor,0.7173076923076923,0.5579999999999999,Low Risk
SEG-02274,"New Orleans, USA",Sector 23,29.856911,-90.091856,CAT-093,22.91,SRTM_3arc,Residential,B,4.32,55.7,GratedInlet,ERA5,50.5,10,monitor,0.0761904761904762,5.05,Low Risk
SEG-02275,"Jakarta, Indonesia",Zone V,-6.161354,106.786826,CAT-021,25.130000000000003,Copernicus_EEA-10_v5,Roads,C,5.32,92.9,GratedInlet,ERA5,90.6,10,extreme_rain_history,0.05665601703940362,9.059999999999999,High Risk
SEG-02276,"Brisbane, Australia",Ward J,-27.630363,152.946992,CAT-048,52.85,Copernicus_EEA-10_v5,Roads,B,6.25,95.6,Manhole,ERA5,21.7,25,monitor,0.06469979296066253,0.868,Low Risk
SEG-02277,"Auckland, New Zealand",District 24,-36.790625,174.671998,CAT-125,-3.0,Copernicus_GLO-30_v2023,Residential,B,5.57,91.69999999999999,GratedInlet,LocalGauge,68.2,10,ponding_hotspot|low_lying,0.06008629989212515,6.82,High Risk
SEG-02278,"Accra, Ghana",Ward D,5.64871,-0.123407,CAT-008,19.7,Copernicus_EEA-10_v5,Water,B,5.76,260.2,Manhole,ERA5,86.5,50,extreme_rain_history,0.022052067381316997,1.73,High Risk
SEG-02279,"Jakarta, Indonesia",Zone VI,-6.219765,106.813347,CAT-164,15.27,SRTM_3arc,Industrial,B,7.02,82.8,CurbInlet,IMD,118.6,50,extreme_rain_history,0.0837708830548926,2.372,High Risk
SEG-02280,"Dubai, UAE",Sector 5,25.179262,55.324771,CAT-056,33.57,Copernicus_EEA-10_v5,Residential,C,5.79,105.2,GratedInlet,ERA5,17.0,5,monitor,0.054519774011299434,3.4,Low Risk
SEG-02281,"Kuala Lumpur, Malaysia",District 11,3.215051,101.6995,CAT-070,29.95,Copernicus_GLO-30_v2023,Industrial,A,6.95,54.2,GratedInlet,Blended,31.9,50,monitor,0.12590579710144928,0.638,Low Risk
SEG-02282,"Sao Paulo, Brazil",District 14,-23.648512,-46.647881,CAT-119,25.130000000000003,SRTM_3arc,Commercial,B,4.67,23.3,CurbInlet,IMD,39.7,25,monitor,0.19218106995884773,1.588,Low Risk
SEG-02283,"Mexico City, Mexico",Borough Delta,19.406808,-99.224417,CAT-127,34.8,Copernicus_GLO-30_v2023,Residential,D,5.88,91.69999999999999,GratedInlet,ERA5,19.2,25,monitor,0.06343042071197412,0.768,Low Risk
SEG-02284,"Paris, France",Sector 12,48.849946,2.302564,CAT-012,28.62,Copernicus_EEA-10_v5,Residential,B,6.02,112.9,CurbInlet,LocalGauge,64.6,25,monitor,0.052853380158033356,2.5839999999999996,Low Risk
SEG-02285,"Mexico City, Mexico",Borough Harbor,19.387161,-99.211268,CAT-003,-3.0,Copernicus_GLO-30_v2023,Industrial,B,10.48,98.8,Manhole,LocalGauge,48.4,50,low_lying,0.10501002004008017,0.968,Medium Risk
SEG-02286,"Manila, Philippines",District 8,14.603027,120.987074,CAT-146,13.84,Copernicus_GLO-30_v2023,Commercial,B,8.49,65.5,GratedInlet,IMD,79.6,5,monitor,0.12766917293233082,15.919999999999998,Low Risk
SEG-02287,"Tokyo, Japan",District 2,35.614035,139.557341,CAT-020,-2.91,Copernicus_GLO-30_v2023,Residential,A,2.84,23.4,Manhole,IMD,33.4,5,low_lying|sparse_drainage,0.11639344262295082,6.68,Medium Risk
SEG-02288,"Mexico City, Mexico",Borough Delta,19.428049,-99.209168,CAT-159,69.84,Copernicus_EEA-10_v5,Residential,B,7.73,64.7,CurbInlet,IMD,30.1,2,monitor,0.11765601217656012,15.05,Low Risk
SEG-02289,"Bogotá, Colombia",Borough Harbor,4.71733,-74.179593,CAT-047,47.77,SRTM_3arc,Commercial,B,4.51,324.0,OpenChannel,IMD,37.4,5,monitor,0.013876923076923077,7.4799999999999995,Low Risk
SEG-02290,"Cape Town, South Africa",Borough Hillside,-33.858642,18.407795,CAT-129,53.81,Copernicus_EEA-10_v5,Residential,C,7.84,91.6,GratedInlet,ERA5,24.1,10,monitor,0.08466522678185745,2.41,Low Risk
SEG-02291,"Bogotá, Colombia",District 20,4.726781,-74.105088,CAT-043,124.78,Copernicus_GLO-90_v2022,Residential,D,6.25,104.3,GratedInlet,ERA5,42.3,5,monitor,0.059354226020892686,8.459999999999999,Low Risk
SEG-02292,"Philadelphia, USA",Zone IX,39.937116,-75.279967,CAT-043,26.19,Copernicus_GLO-90_v2022,Industrial,A,9.69,65.7,GratedInlet,Blended,16.8,10,monitor,0.14527736131934033,1.6800000000000002,Low Risk
SEG-02293,"Durban, South Africa",District 15,-29.900143,31.002225,CAT-029,38.72,Copernicus_GLO-30_v2023,Green,B,2.71,145.3,OpenChannel,ERA5,20.6,5,sparse_drainage,0.018523581681476418,4.12,Medium Risk
SEG-02294,"Mumbai, India",Sector 13,19.090451,72.879029,CAT-036,13.08,SRTM_1arc,Commercial,B,10.48,35.2,CurbInlet,ERA5,103.2,10,extreme_rain_history,0.2895027624309392,10.32,High Risk
SEG-02295,"Miami, USA",Borough North,25.707607,-80.284818,CAT-072,25.130000000000003,Copernicus_EEA-10_v5,Residential,D,7.36,91.69999999999999,CurbInlet,Blended,39.4,5,monitor,0.07939590075512407,7.88,Low Risk
SEG-02296,"Montreal, Canada",Borough West,45.552662,-73.587886,CAT-010,-3.0,Copernicus_EEA-10_v5,Roads,D,4.99,73.5,GratedInlet,ERA5,32.7,10,ponding_hotspot|low_lying,0.06697986577181209,3.2700000000000005,High Risk
SEG-02297,"Amsterdam, Netherlands",Ward I,52.354225,4.966751,CAT-023,21.2,Copernicus_GLO-90_v2022,Industrial,C,3.31,116.2,CurbInlet,IMD,26.5,10,monitor,0.028242320819112626,2.65,Low Risk
SEG-02298,"Tokyo, Japan",District 17,35.555876,139.676039,CAT-094,53.25,SRTM_3arc,Roads,C,4.98,345.1,CurbInlet,IMD,21.7,5,monitor,0.014388904940768565,4.34,Low Risk
SEG-02299,"Istanbul, Türkiye",District 19,40.983225,29.027029,CAT-050,-3.0,SRTM_1arc,Green,D,4.86,179.0,CurbInlet,LocalGauge,22.4,10,ponding_hotspot|low_lying,0.027000000000000003,2.2399999999999998,High Risk
SEG-02300,"Hanoi, Vietnam",Borough Old Town,21.032627,105.818381,CAT-002,32.89,Copernicus_EEA-10_v5,Roads,D,8.33,56.5,CurbInlet,Blended,82.9,25,extreme_rain_history,0.1448695652173913,3.3160000000000003,High Risk
SEG-02301,"Buenos Aires, Argentina",Zone III,-34.573344,-58.423029,CAT-166,71.92,Copernicus_GLO-90_v2022,Commercial,C,8.95,80.3,Manhole,Blended,11.7,2,monitor,0.1100861008610086,5.85,Low Risk
SEG-02302,"Athens, Greece",Ward A,38.025192,23.594532,CAT-076,0.57,Copernicus_GLO-90_v2022,Mixed,D,7.1,82.6,CurbInlet,Blended,43.6,2,ponding_hotspot|low_lying|event_2022-07-25,0.08492822966507177,21.8,High Risk
SEG-02303,"Guangzhou, China",Zone V,23.077116,113.164569,CAT-053,18.45,Copernicus_GLO-30_v2023,Residential,D,8.11,69.7,CurbInlet,IMD,40.0,2,monitor,0.1147100424328147,20.0,Low Risk
SEG-02304,"Bangkok, Thailand",Ward E,13.714462,100.599855,CAT-115,11.45,SRTM_1arc,Industrial,A,7.5,284.6,OpenChannel,ERA5,61.6,2,monitor,0.02626050420168067,30.8,Low Risk
SEG-02305,"Nairobi, Kenya",Borough West,-1.28514,36.89165,CAT-002,3.03,Copernicus_GLO-90_v2022,Informal,D,10.95,129.3,OpenChannel,ERA5,20.2,10,low_lying,0.08403683806600153,2.02,Medium Risk
SEG-02306,"Barcelona, Spain",District 4,41.353431,2.210294,CAT-148,23.04,Copernicus_GLO-30_v2023,Roads,B,9.95,65.2,Manhole,Blended,66.4,5,monitor,0.15030211480362535,13.280000000000001,Low Risk
SEG-02307,"Vancouver, Canada",Sector 23,49.414537,-123.172791,CAT-151,14.84,Copernicus_GLO-90_v2022,Residential,A,4.13,63.4,GratedInlet,LocalGauge,37.9,2,monitor,0.06413043478260869,18.95,Low Risk
SEG-02308,"Guangzhou, China",Ward C,23.123674,113.242171,CAT-154,32.0,SRTM_3arc,Residential,C,6.92,17.6,Manhole,IMD,49.7,5,monitor,0.37204301075268814,9.940000000000001,Low Risk
SEG-02309,"Hyderabad, India",Zone IV,17.414971,78.445944,CAT-078,17.06,SRTM_1arc,Roads,D,5.66,91.69999999999999,GratedInlet,ERA5,22.5,25,monitor,0.06105717367853291,0.9,Low Risk
SEG-02310,"Rotterdam, Netherlands",Zone I,51.976994,4.404026,CAT-150,1.31,SRTM_1arc,Roads,A,8.0,66.3,Manhole,ERA5,85.6,2,extreme_rain_history|low_lying,0.11887072808320952,42.8,High Risk
SEG-02311,"Mumbai, India",Zone V,19.012414,73.004597,CAT-120,19.16,Copernicus_EEA-10_v5,Residential,B,6.25,91.69999999999999,OpenChannel,LocalGauge,61.6,50,monitor,0.06742179072276161,1.232,Low Risk
SEG-02312,"Rio de Janeiro, Brazil",Zone V,-22.888814,-43.235628,CAT-170,5.85,Copernicus_GLO-30_v2023,Roads,B,7.91,52.0,Manhole,IMD,39.7,5,low_lying,0.1492452830188679,7.94,Medium Risk
SEG-02313,"Rome, Italy",Zone VI,41.966913,12.480707,CAT-052,78.15,SRTM_1arc,Residential,D,7.49,63.4,CurbInlet,ERA5,46.1,5,monitor,0.11630434782608695,9.22,Low Risk
SEG-02314,"Rotterdam, Netherlands",Borough East,51.981314,4.463838,CAT-175,22.15,SRTM_1arc,Water,D,5.95,264.5,OpenChannel,IMD,40.8,2,monitor,0.0224105461393597,20.4,Low Risk
SEG-02315,"Karachi, Pakistan",Sector 23,24.805292,66.910294,CAT-032,21.6,SRTM_3arc,Roads,A,7.83,46.2,CurbInlet,ERA5,31.3,10,monitor,0.16588983050847456,3.13,Low Risk
SEG-02316,"Pune, India",Zone VI,18.433068,73.815346,CAT-175,56.79,Copernicus_GLO-30_v2023,Green,B,3.89,131.2,CurbInlet,ERA5,28.2,2,monitor,0.02942511346444781,14.1,Low Risk
SEG-02317,"Manila, Philippines",District 1,14.589462,121.012834,CAT-017,17.92,SRTM_3arc,Roads,B,5.01,113.2,Manhole,LocalGauge,43.2,2,monitor,0.043870402802101575,21.6,Low Risk
SEG-02318,"Chennai, India",District 7,13.079066,80.226509,CAT-055,-3.0,Copernicus_GLO-30_v2023,Residential,C,4.78,2.7,OpenChannel,LocalGauge,58.7,5,ponding_hotspot|low_lying|event_2022-08-29,1.2918918918918918,11.74,High Risk
SEG-02319,"Riyadh, Saudi Arabia",District 14,24.863433,46.676966,CAT-147,55.21,SRTM_3arc,Residential,C,7.7,91.69999999999999,Manhole,ERA5,10.2,10,monitor,0.0830636461704423,1.02,Low Risk
SEG-02320,"Paris, France",Sector 17,48.857643,2.337157,CAT-044,89.94,SRTM_3arc,Institutional,C,7.86,186.7,OpenChannel,ERA5,55.9,25,monitor,0.04187533297815664,2.2359999999999998,Low Risk
SEG-02321,"Kuala Lumpur, Malaysia",Ward H,3.199504,101.748813,CAT-101,18.07,SRTM_3arc,Residential,B,7.6,31.4,GratedInlet,ERA5,38.4,10,monitor,0.2345679012345679,3.84,Low Risk
SEG-02322,"Jakarta, Indonesia",Sector 8,-6.263213,106.99687,CAT-119,9.14,Copernicus_GLO-30_v2023,Green,C,6.95,444.1,CurbInlet,Blended,46.6,50,monitor,0.015614468658728375,0.932,Low Risk
SEG-02323,"Karachi, Pakistan",District 30,24.743011,67.009559,CAT-173,59.69,Copernicus_EEA-10_v5,Green,C,3.4,91.69999999999999,CurbInlet,ERA5,42.8,2,monitor,0.03667745415318231,21.4,Low Risk
SEG-02324,"Singapore, Singapore",District 4,1.363706,103.834076,CAT-144,8.39,Copernicus_GLO-30_v2023,Commercial,A,7.24,157.7,Manhole,ERA5,50.0,2,monitor,0.04562066792690612,25.0,Low Risk
SEG-02325,"Miami, USA",Ward D,25.752475,-80.112103,CAT-116,4.49,SRTM_1arc,Residential,C,3.97,91.69999999999999,CurbInlet,ERA5,103.8,50,ponding_hotspot|extreme_rain_history|low_lying,0.04282632146709817,2.076,High Risk
SEG-02326,"Doha, Qatar",District 15,25.261039,51.503632,CAT-151,67.6,Copernicus_EEA-10_v5,Residential,D,5.35,139.1,OpenChannel,ERA5,13.6,5,monitor,0.038187009279086366,2.7199999999999998,Low Risk
SEG-02327,"Philadelphia, USA",Borough Riverside,39.8863,-75.228163,CAT-073,101.36,SRTM_3arc,Residential,C,7.06,66.2,OpenChannel,Blended,48.4,2,monitor,0.1050595238095238,24.2,Low Risk
SEG-02328,"Durban, South Africa",Zone V,-29.85575,31.064617,CAT-139,-3.0,SRTM_1arc,Residential,D,3.25,86.6,CurbInlet,IMD,26.4,10,ponding_hotspot|low_lying|event_2024-09-14,0.03710045662100457,2.6399999999999997,High Risk
SEG-02329,"New York, USA",Ward D,40.706011,-73.973711,CAT-114,56.04,Copernicus_GLO-30_v2023,Roads,B,6.25,75.4,GratedInlet,ERA5,25.6,5,monitor,0.08180628272251309,5.12,Low Risk
SEG-02330,"Rotterdam, Netherlands",Sector 14,51.887277,4.491502,CAT-171,9.57,SRTM_3arc,Commercial,A,5.45,61.0,CurbInlet,ERA5,28.9,10,monitor,0.08790322580645162,2.8899999999999997,Low Risk
SEG-02331,"Vancouver, Canada",District 26,49.273406,-122.946161,CAT-078,11.92,Copernicus_EEA-10_v5,Residential,A,4.97,26.8,CurbInlet,ERA5,45.9,10,monitor,0.17877697841726617,4.59,Low Risk
SEG-02332,"Buenos Aires, Argentina",Ward H,-34.611733,-58.371467,CAT-134,55.55,SRTM_1arc,Industrial,B,6.25,77.5,GratedInlet,LocalGauge,44.1,5,monitor,0.07961783439490445,8.82,Low Risk
SEG-02333,"Rotterdam, Netherlands",Ward D,52.018151,4.611293,CAT-042,11.83,Copernicus_GLO-90_v2022,Green,B,4.11,139.4,Manhole,ERA5,35.0,2,monitor,0.029273504273504274,17.5,Low Risk
SEG-02334,"New York, USA",Zone III,40.654663,-74.021046,CAT-031,87.5,Copernicus_EEA-10_v5,Residential,B,5.07,115.8,Manhole,Blended,38.1,50,monitor,0.04340753424657535,0.762,Low Risk
SEG-02335,"Vancouver, Canada",Zone III,49.265586,-123.292949,CAT-045,9.66,Copernicus_GLO-30_v2023,Commercial,C,5.94,23.8,Manhole,ERA5,67.4,10,monitor,0.23951612903225808,6.74,Low Risk
SEG-02336,"Pune, India",Borough North,18.396367,73.851769,CAT-057,25.130000000000003,SRTM_1arc,Roads,B,9.98,198.8,GratedInlet,Blended,21.9,2,monitor,0.04994994994994995,10.95,Low Risk
SEG-02337,"Tehran, Iran",Sector 24,35.810711,51.293965,CAT-031,47.38,SRTM_1arc,Residential,B,3.46,128.2,CurbInlet,LocalGauge,30.9,5,monitor,0.026780185758513934,6.18,Low Risk
SEG-02338,"Durban, South Africa",Ward H,-29.900187,31.052266,CAT-107,83.92,SRTM_1arc,Industrial,C,5.89,136.4,CurbInlet,ERA5,25.9,2,monitor,0.042867540029112076,12.95,Low Risk
SEG-02339,"Dubai, UAE",Zone X,25.224333,55.267213,CAT-027,22.12,Copernicus_GLO-30_v2023,Commercial,B,7.9,57.3,GratedInlet,ERA5,11.1,10,monitor,0.13550600343053174,1.1099999999999999,Low Risk
SEG-02340,"Delhi, India",Sector 28,28.632464,77.322625,CAT-124,25.79,Copernicus_GLO-30_v2023,Residential,B,7.58,91.69999999999999,Manhole,ERA5,43.8,25,monitor,0.08176914778856527,1.7519999999999998,Low Risk
SEG-02341,"Manila, Philippines",Sector 21,14.632851,120.918205,CAT-167,-3.0,SRTM_3arc,Roads,C,6.25,81.1,OpenChannel,ERA5,122.1,100,ponding_hotspot|extreme_rain_history|low_lying,0.07612667478684532,1.2209999999999999,High Risk
SEG-02342,"Dubai, UAE",Zone X,25.289752,55.336821,CAT-028,2.28,Copernicus_EEA-10_v5,Water,B,1.79,146.9,GratedInlet,Blended,13.7,25,low_lying|sparse_drainage|event_2023-11-02,0.012102772143340094,0.5479999999999999,Medium Risk
SEG-02343,"Shenzhen, China",Sector 24,22.546913,114.226135,CAT-124,11.42,Copernicus_EEA-10_v5,Industrial,A,7.67,146.5,CurbInlet,ERA5,70.1,5,monitor,0.052,14.02,Low Risk
SEG-02344,"Singapore, Singapore",Ward J,1.280166,103.828157,CAT-028,10.83,Copernicus_EEA-10_v5,Commercial,A,4.63,92.4,GratedInlet,Blended,62.3,50,monitor,0.049571734475374725,1.246,Low Risk
SEG-02345,"Manila, Philippines",Sector 15,14.537242,121.007069,CAT-085,10.81,Copernicus_EEA-10_v5,Green,B,4.85,239.5,Manhole,LocalGauge,128.1,10,ponding_hotspot|extreme_rain_history|event_2024-02-20,0.020166320166320164,12.809999999999999,High Risk
SEG-02346,"Pune, India",District 20,18.444194,73.862385,CAT-071,90.15,SRTM_1arc,Roads,A,9.85,273.3,CurbInlet,ERA5,52.4,50,monitor,0.03590958804228946,1.048,Low Risk
SEG-02347,"Vancouver, Canada",Zone III,49.278027,-123.092482,CAT-150,-1.6,Copernicus_EEA-10_v5,Roads,C,9.24,79.9,CurbInlet,ERA5,40.9,2,low_lying,0.11421508034610629,20.45,Medium Risk
SEG-02348,"Pune, India",Sector 23,18.471644,73.905362,CAT-180,45.18,Copernicus_GLO-30_v2023,Industrial,B,8.22,91.69999999999999,CurbInlet,Blended,20.5,50,monitor,0.08867313915857607,0.41,Low Risk
SEG-02349,"Taipei, Taiwan",Zone IV,25.079574,121.505348,CAT-027,38.52,SRTM_1arc,Residential,D,6.54,23.4,CurbInlet,LocalGauge,32.9,100,monitor,0.2680327868852459,0.32899999999999996,Low Risk
SEG-02350,"Durban, South Africa",Zone VIII,-29.813757,30.815757,CAT-148,32.67,Copernicus_GLO-90_v2022,Commercial,B,8.6,59.6,CurbInlet,LocalGauge,33.4,25,monitor,0.1419141914191419,1.3359999999999999,Low Risk
SEG-02351,"Miami, USA",Sector 21,25.7316,-80.217966,CAT-167,25.130000000000003,SRTM_1arc,Green,A,3.1,304.4,CurbInlet,ERA5,81.8,25,extreme_rain_history,0.010150622134905044,3.272,High Risk
SEG-02352,"Kolkata, India",Zone IX,22.647537,88.291138,CAT-081,46.75,SRTM_3arc,Roads,D,5.68,175.7,OpenChannel,ERA5,30.8,25,monitor,0.03214487832484437,1.232,Low Risk
SEG-02353,"Athens, Greece",Sector 29,37.911131,23.757674,CAT-078,47.14,Copernicus_GLO-30_v2023,Green,B,5.24,179.9,GratedInlet,Blended,25.5,10,monitor,0.02896627971254837,2.55,Low Risk
SEG-02354,"Auckland, New Zealand",Ward E,-36.848344,174.75701,CAT-050,86.35,Copernicus_GLO-30_v2023,Residential,C,5.73,171.1,GratedInlet,LocalGauge,41.2,2,monitor,0.03329459616502034,20.6,Low Risk
SEG-02355,"Cape Town, South Africa",Zone III,-33.873525,18.560059,CAT-175,5.74,Copernicus_EEA-10_v5,Water,B,5.2,205.7,CurbInlet,ERA5,49.5,100,low_lying,0.025157232704402517,0.495,Medium Risk
SEG-02356,"Hyderabad, India",Sector 27,17.344686,78.557904,CAT-059,72.66,Copernicus_GLO-90_v2022,Green,C,7.66,158.1,Manhole,Blended,38.4,5,monitor,0.0481458202388435,7.68,Low Risk
SEG-02357,"Ho Chi Minh City, Vietnam",Borough Central,10.852161,106.725977,CAT-172,24.77,Copernicus_GLO-90_v2022,Roads,B,3.98,94.4,CurbInlet,Blended,103.5,50,extreme_rain_history,0.04171907756813417,2.07,High Risk
SEG-02358,"New Orleans, USA",Borough Hillside,29.950659,-90.132452,CAT-169,11.32,Copernicus_EEA-10_v5,Green,B,3.74,222.8,Manhole,ERA5,14.8,5,monitor,0.01671134941912422,2.96,Low Risk
SEG-02359,"Hyderabad, India",Zone III,17.55357,78.593907,CAT-039,44.83,Copernicus_EEA-10_v5,Commercial,A,6.25,46.6,Manhole,ERA5,21.1,5,monitor,0.13130252100840337,4.220000000000001,Low Risk
SEG-02360,"Hanoi, Vietnam",District 1,20.964967,105.797097,CAT-036,52.4,SRTM_3arc,Green,D,5.25,146.0,CurbInlet,ERA5,63.2,10,monitor,0.03571428571428571,6.32,Low Risk
SEG-02361,"Shenzhen, China",Sector 25,22.657544,114.01175,CAT-007,29.04,SRTM_1arc,Industrial,D,9.93,68.1,CurbInlet,ERA5,99.0,5,extreme_rain_history,0.14370477568740955,19.8,High Risk
SEG-02362,"Vancouver, Canada",Sector 26,49.28164,-123.023055,CAT-057,27.54,Copernicus_GLO-30_v2023,Residential,B,6.25,115.8,GratedInlet,LocalGauge,27.7,25,monitor,0.05351027397260274,1.1079999999999999,Low Risk
SEG-02363,"Vancouver, Canada",Ward D,49.271834,-123.153985,CAT-167,9.18,Copernicus_GLO-30_v2023,Informal,A,3.32,315.5,GratedInlet,ERA5,23.9,25,monitor,0.010489731437598735,0.956,Low Risk
SEG-02364,"New York, USA",Borough East,40.66335,-73.92624,CAT-177,34.72,SRTM_3arc,Residential,B,6.94,2.8,GratedInlet,ERA5,41.9,2,monitor,1.8263157894736843,20.95,Low Risk
SEG-02365,"Jakarta, Indonesia",Ward B,-6.220979,106.830298,CAT-082,-3.0,SRTM_1arc,Commercial,A,8.94,194.3,OpenChannel,ERA5,59.8,10,low_lying,0.045775729646697384,5.9799999999999995,Medium Risk
SEG-02366,"Copenhagen, Denmark",Zone III,55.752492,12.564916,CAT-126,25.130000000000003,SRTM_1arc,Green,A,5.55,139.0,CurbInlet,ERA5,16.3,2,monitor,0.03964285714285714,8.15,Low Risk
SEG-02367,"Istanbul, Türkiye",District 23,40.935012,29.092144,CAT-163,83.05,Copernicus_GLO-90_v2022,Commercial,C,10.0,115.9,CurbInlet,LocalGauge,24.0,50,monitor,0.0855431993156544,0.48,Low Risk
SEG-02368,"Philadelphia, USA",Sector 12,39.924458,-75.214648,CAT-044,66.86,Copernicus_EEA-10_v5,Commercial,B,9.7,102.8,OpenChannel,Blended,51.2,25,monitor,0.09344894026974951,2.048,Low Risk
SEG-02369,"Vancouver, Canada",District 6,49.317634,-123.108809,CAT-021,21.69,SRTM_3arc,Residential,A,4.09,95.5,Manhole,ERA5,56.8,25,monitor,0.04238341968911917,2.272,Low Risk
SEG-02370,"Mumbai, India",Ward D,18.987762,72.833014,CAT-069,8.11,SRTM_1arc,Residential,C,3.43,9.8,Manhole,Blended,95.3,50,ponding_hotspot|extreme_rain_history|event_2022-10-28,0.3175925925925926,1.906,High Risk
SEG-02371,"Hanoi, Vietnam",District 27,21.025306,105.828029,CAT-068,100.93,Copernicus_GLO-30_v2023,Green,C,4.55,91.69999999999999,Manhole,ERA5,55.1,10,monitor,0.04908306364617045,5.51,Low Risk
SEG-02372,"Hamburg, Germany",Zone I,53.514386,9.941728,CAT-158,2.42,SRTM_1arc,Green,C,3.15,353.4,Manhole,ERA5,18.8,2,low_lying,0.008888261851015801,9.4,Medium Risk
SEG-02373,"Shanghai, China",Zone II,31.275797,121.467354,CAT-006,12.69,Copernicus_EEA-10_v5,Commercial,B,6.87,91.69999999999999,OpenChannel,ERA5,92.2,10,extreme_rain_history,0.07411003236245955,9.22,High Risk
SEG-02374,"Manila, Philippines",Borough South,14.674282,120.970119,CAT-006,13.29,SRTM_3arc,Roads,B,6.59,4.6,CurbInlet,Blended,38.8,5,monitor,1.1767857142857143,7.76,Low Risk
SEG-02375,"Tehran, Iran",District 22,35.703458,51.495002,CAT-083,48.39,Copernicus_EEA-10_v5,Residential,D,4.68,50.4,Manhole,ERA5,45.3,25,monitor,0.09105058365758754,1.8119999999999998,Low Risk
SEG-02376,"Kuala Lumpur, Malaysia",Ward E,3.193663,101.71214,CAT-145,74.92,SRTM_1arc,Residential,D,6.26,34.1,Manhole,LocalGauge,40.5,2,monitor,0.17834757834757833,20.25,Low Risk
SEG-02377,"Tokyo, Japan",District 23,35.596028,139.691305,CAT-120,17.06,SRTM_3arc,Green,C,3.84,303.4,OpenChannel,ERA5,30.0,2,monitor,0.0126149802890933,15.0,Low Risk
SEG-02378,"Mexico City, Mexico",Zone IV,19.439423,-99.155878,CAT-115,25.130000000000003,SRTM_1arc,Roads,C,8.79,53.9,CurbInlet,ERA5,22.3,10,monitor,0.16010928961748633,2.23,Low Risk
SEG-02379,"Nairobi, Kenya",District 30,-1.284704,36.837861,CAT-031,47.2,SRTM_3arc,Residential,B,4.77,24.9,CurbInlet,LocalGauge,31.3,2,monitor,0.18416988416988417,15.65,Low Risk
SEG-02380,"Athens, Greece",Ward D,37.96037,23.786262,CAT-149,43.66,Copernicus_GLO-30_v2023,Institutional,C,4.73,43.6,OpenChannel,ERA5,51.3,5,monitor,0.10605381165919284,10.26,Low Risk
SEG-02381,"Manila, Philippines",District 25,14.577747,120.971288,CAT-062,-3.0,Copernicus_GLO-30_v2023,Residential,A,7.06,305.5,OpenChannel,Blended,50.2,50,low_lying,0.02303425774877651,1.004,Medium Risk
SEG-02382,"Lima, Peru",Borough Central,-12.037439,-76.940324,CAT-017,-3.0,Copernicus_GLO-30_v2023,Industrial,A,9.09,43.8,CurbInlet,LocalGauge,32.8,5,low_lying,0.20290178571428572,6.56,Medium Risk
SEG-02383,"Kolkata, India",District 24,22.749871,88.378939,CAT-126,70.6,SRTM_1arc,Residential,D,2.57,58.8,CurbInlet,ERA5,33.1,5,sparse_drainage|event_2023-12-05,0.04297658862876254,6.62,Medium Risk
SEG-02384,"Athens, Greece",Borough Old Town,37.973256,23.752313,CAT-126,75.23,SRTM_3arc,Residential,B,7.62,20.5,GratedInlet,ERA5,66.3,5,monitor,0.3544186046511628,13.26,Low Risk
SEG-02385,"Dubai, UAE",Borough Harbor,25.147178,55.34666,CAT-013,69.76,Copernicus_GLO-90_v2022,Commercial,A,3.8,104.7,CurbInlet,ERA5,13.3,25,monitor,0.03595080416272469,0.532,Low Risk
SEG-02386,"Nairobi, Kenya",Zone VII,-1.325473,36.752709,CAT-101,57.42,Copernicus_EEA-10_v5,Institutional,C,3.13,229.2,OpenChannel,LocalGauge,55.2,100,monitor,0.013596872284969592,0.552,Low Risk
SEG-02387,"Delhi, India",Borough Old Town,28.733684,77.224409,CAT-106,49.06,Copernicus_GLO-30_v2023,Roads,D,7.41,0.3,Manhole,ERA5,29.4,5,monitor,5.7,5.88,Low Risk
SEG-02388,"Chennai, India",Ward H,13.070731,80.295652,CAT-176,0.6,Copernicus_GLO-90_v2022,Residential,A,7.79,43.6,OpenChannel,ERA5,117.9,50,ponding_hotspot|extreme_rain_history|low_lying,0.17466367713004483,2.358,High Risk
SEG-02389,"Singapore, Singapore",District 11,1.407323,103.779475,CAT-014,7.84,Copernicus_EEA-10_v5,Industrial,C,9.11,49.4,Manhole,ERA5,56.8,2,low_lying,0.18075396825396825,28.4,Medium Risk
SEG-02390,"Shenzhen, China",Borough Old Town,22.625375,114.124214,CAT-007,25.130000000000003,Copernicus_GLO-30_v2023,Roads,C,9.34,127.5,Manhole,ERA5,107.8,25,extreme_rain_history,0.07268482490272374,4.312,High Risk
SEG-02391,"Dubai, UAE",Zone VII,25.180777,55.367484,CAT-121,25.130000000000003,SRTM_1arc,Residential,A,8.17,247.5,CurbInlet,IMD,13.1,10,monitor,0.03287726358148893,1.31,Low Risk
SEG-02392,"Bogotá, Colombia",District 22,4.717888,-74.116387,CAT-004,110.57,Copernicus_GLO-90_v2022,Industrial,B,5.08,36.2,Manhole,Blended,54.7,50,monitor,0.13655913978494622,1.094,Low Risk
SEG-02393,"Delhi, India",Borough East,28.617247,77.109779,CAT-106,69.68,Copernicus_EEA-10_v5,Commercial,A,9.54,16.7,Manhole,LocalGauge,30.9,10,monitor,0.5389830508474576,3.09,Low Risk
SEG-02394,"New York, USA",Zone VIII,40.718008,-74.039586,CAT-134,11.78,Copernicus_EEA-10_v5,Commercial,C,11.07,205.2,OpenChannel,ERA5,35.1,2,monitor,0.053685741998060144,17.55,Low Risk
SEG-02395,"Montreal, Canada",Sector 20,45.481854,-73.58664,CAT-007,25.130000000000003,Copernicus_GLO-30_v2023,Industrial,B,6.22,77.9,CurbInlet,Blended,50.3,100,monitor,0.0788339670468948,0.503,Low Risk
SEG-02396,"Barcelona, Spain",Zone IX,41.498312,2.187095,CAT-023,1.34,SRTM_3arc,Roads,D,5.24,91.6,GratedInlet,IMD,18.8,10,low_lying,0.056587473002159834,1.8800000000000001,Medium Risk
SEG-02397,"Auckland, New Zealand",District 17,-36.842567,174.835616,CAT-037,15.03,Copernicus_GLO-30_v2023,Roads,D,9.13,82.4,CurbInlet,ERA5,20.8,10,monitor,0.10947242206235012,2.08,Low Risk
SEG-02398,"Rome, Italy",Sector 24,41.856548,12.609637,CAT-155,-3.0,SRTM_1arc,Roads,C,6.28,72.5,Manhole,ERA5,17.6,2,low_lying,0.0854421768707483,8.8,Medium Risk
SEG-02399,"Washington DC, USA",Borough Delta,38.926672,-76.991597,CAT-026,57.56,SRTM_1arc,Roads,A,7.61,158.1,GratedInlet,ERA5,33.8,2,monitor,0.04783155248271528,16.9,Low Risk
SEG-02400,"Pune, India",Zone X,18.550031,73.861598,CAT-140,49.34,SRTM_3arc,Industrial,D,7.17,24.4,Manhole,LocalGauge,17.8,25,monitor,0.28228346456692915,0.7120000000000001,Low Risk
SEG-02401,"Doha, Qatar",Borough Central,25.36351,51.3671,CAT-070,42.73,Copernicus_GLO-30_v2023,Industrial,C,7.71,45.9,Manhole,ERA5,27.7,5,monitor,0.16439232409381663,5.54,Low Risk
SEG-02402,"Brisbane, Australia",District 25,-27.441952,153.104409,CAT-086,54.15,Copernicus_GLO-90_v2022,Roads,B,7.65,83.9,Manhole,ERA5,36.2,50,monitor,0.09010600706713781,0.7240000000000001,Low Risk
SEG-02403,"Rome, Italy",Sector 2,41.85157,12.479182,CAT-076,72.52,Copernicus_GLO-30_v2023,Green,C,4.97,428.7,OpenChannel,ERA5,28.5,5,monitor,0.011566208983011403,5.7,Low Risk
SEG-02404,"Istanbul, Türkiye",District 7,41.022895,28.899002,CAT-154,77.38,SRTM_1arc,Commercial,A,5.83,19.2,OpenChannel,ERA5,44.5,25,monitor,0.28861386138613865,1.78,Low Risk
SEG-02405,"Copenhagen, Denmark",Sector 13,55.708036,12.591504,CAT-016,86.42,Copernicus_GLO-90_v2022,Residential,C,6.25,7.2,GratedInlet,LocalGauge,37.0,50,monitor,0.7621951219512195,0.74,Low Risk
SEG-02406,"New York, USA",Zone X,40.696834,-73.96006,CAT-158,56.24,Copernicus_GLO-90_v2022,Industrial,D,8.81,112.5,Manhole,ERA5,18.8,25,monitor,0.07762114537444935,0.752,Low Risk
SEG-02407,"New Orleans, USA",Zone V,29.903257,-89.96409,CAT-156,32.19,SRTM_3arc,Green,A,2.2,177.0,Manhole,Blended,48.0,5,sparse_drainage|event_2022-06-11,0.012359550561797755,9.6,Medium Risk
SEG-02408,"Manila, Philippines",Sector 20,14.688305,120.911848,CAT-027,17.91,SRTM_1arc,Roads,B,3.61,122.8,Manhole,ERA5,46.3,5,monitor,0.029159935379644588,9.26,Low Risk
SEG-02409,"Copenhagen, Denmark",Sector 20,55.637386,12.463057,CAT-008,-3.0,SRTM_3arc,Commercial,B,9.7,254.9,OpenChannel,IMD,12.8,50,low_lying,0.037905431809300505,0.256,Medium Risk
SEG-02410,"New Orleans, USA",Borough East,29.995263,-90.028266,CAT-170,19.84,Copernicus_GLO-30_v2023,Industrial,D,8.28,224.0,OpenChannel,ERA5,32.3,5,monitor,0.0368,6.459999999999999,Low Risk
SEG-02411,"Mexico City, Mexico",District 28,19.30931,-99.057294,CAT-104,71.25,SRTM_1arc,Residential,B,3.12,63.9,Manhole,LocalGauge,32.5,25,monitor,0.04807395993836672,1.3,Low Risk
SEG-02412,"New Orleans, USA",Sector 19,29.965805,-90.105716,CAT-097,10.38,Copernicus_EEA-10_v5,Roads,B,5.88,27.1,GratedInlet,Blended,20.4,10,monitor,0.20925266903914588,2.04,Low Risk
SEG-02413,"Manila, Philippines",Ward K,14.606749,120.950813,CAT-037,14.89,Copernicus_GLO-30_v2023,Residential,B,5.54,91.69999999999999,CurbInlet,ERA5,145.5,50,extreme_rain_history,0.05976267529665589,2.91,High Risk
SEG-02414,"Rome, Italy",Zone VIII,41.911641,12.575634,CAT-064,19.29,Copernicus_GLO-30_v2023,Residential,D,5.01,89.2,GratedInlet,Blended,24.9,10,monitor,0.05554323725055432,2.4899999999999998,Low Risk
SEG-02415,"Shenzhen, China",Ward I,22.566326,114.00883,CAT-003,10.34,Copernicus_GLO-30_v2023,Commercial,B,8.36,1.9,Manhole,LocalGauge,32.4,2,monitor,2.882758620689655,16.2,Low Risk
SEG-02416,"Taipei, Taiwan",Sector 20,24.969632,121.450999,CAT-180,18.76,SRTM_3arc,Commercial,B,5.83,91.69999999999999,Manhole,ERA5,51.7,5,monitor,0.06289104638619203,10.34,Low Risk
SEG-02417,"Delhi, India",Borough South,28.699304,77.201017,CAT-053,20.67,SRTM_1arc,Green,B,6.25,364.8,OpenChannel,IMD,16.9,100,monitor,0.017085839256424276,0.16899999999999998,Low Risk
SEG-02418,"Seoul, South Korea",Zone X,37.563452,126.868098,CAT-158,43.54,Copernicus_EEA-10_v5,Green,C,4.24,205.6,CurbInlet,ERA5,25.8,2,monitor,0.020522749273959345,12.9,Low Risk
SEG-02419,"Montreal, Canada",Ward D,45.538737,-73.618238,CAT-059,63.01,Copernicus_EEA-10_v5,Residential,D,2.66,157.5,GratedInlet,LocalGauge,36.7,25,sparse_drainage|event_2024-05-25,0.016782334384858044,1.4680000000000002,Medium Risk
SEG-02420,"Brisbane, Australia",Sector 19,-27.617391,153.023557,CAT-050,72.35,Copernicus_GLO-90_v2022,Commercial,B,4.12,150.6,Manhole,ERA5,38.7,5,monitor,0.027176781002638525,7.74,Low Risk
SEG-02421,"Shenzhen, China",Borough East,22.533959,114.096474,CAT-112,28.68,SRTM_3arc,Residential,A,6.51,15.1,CurbInlet,Blended,56.7,10,monitor,0.40434782608695646,5.67,Low Risk
SEG-02422,"Cape Town, South Africa",Ward F,-33.997565,18.392941,CAT-166,49.16,Copernicus_GLO-90_v2022,Residential,D,6.25,51.5,CurbInlet,Blended,15.4,2,monitor,0.11904761904761904,7.7,Low Risk
SEG-02423,"Auckland, New Zealand",Ward J,-36.853111,174.846858,CAT-024,55.12,Copernicus_EEA-10_v5,Residential,D,6.25,12.7,CurbInlet,Blended,12.9,2,monitor,0.4562043795620438,6.45,Low Risk
SEG-02424,"Chennai, India",Ward G,13.044283,80.199049,CAT-037,15.3,Copernicus_GLO-30_v2023,Green,A,5.29,277.1,CurbInlet,Blended,78.9,25,monitor,0.019021934555915138,3.156,Low Risk
SEG-02425,"Manila, Philippines",District 1,14.822936,120.967162,CAT-064,-0.71,Copernicus_GLO-30_v2023,Residential,B,5.56,27.3,Manhole,ERA5,62.6,10,low_lying|event_2023-07-31,0.19646643109540635,6.26,Medium Risk
SEG-02426,"Karachi, Pakistan",Zone IX,24.827221,67.138961,CAT-078,25.130000000000003,Copernicus_EEA-10_v5,Commercial,B,3.81,10.2,GratedInlet,IMD,49.8,10,monitor,0.34017857142857144,4.9799999999999995,Low Risk
SEG-02427,"Rome, Italy",Borough Delta,41.81193,12.49272,CAT-012,62.61,Copernicus_EEA-10_v5,Roads,D,5.63,105.6,Manhole,ERA5,43.8,25,monitor,0.052814258911819886,1.7519999999999998,Low Risk
SEG-02428,"Kuala Lumpur, Malaysia",District 18,3.218409,101.70542,CAT-112,50.93,Copernicus_EEA-10_v5,Residential,B,3.1,61.0,Manhole,LocalGauge,118.3,5,extreme_rain_history,0.05,23.66,High Risk
SEG-02429,"Auckland, New Zealand",District 4,-36.844023,174.720016,CAT-088,-3.0,Copernicus_GLO-30_v2023,Commercial,A,10.18,66.7,Manhole,LocalGauge,33.5,2,low_lying,0.15036927621861151,16.75,Medium Risk
SEG-02430,"Delhi, India",Sector 2,28.633431,77.187809,CAT-098,139.09,SRTM_3arc,Industrial,A,6.4,114.5,GratedInlet,IMD,20.2,100,monitor,0.05541125541125541,0.20199999999999999,Low Risk
SEG-02431,"Brisbane, Australia",Ward F,-27.507652,152.908336,CAT-120,90.85,SRTM_3arc,Residential,B,7.36,12.4,GratedInlet,ERA5,51.1,2,monitor,0.5492537313432836,25.55,Low Risk
SEG-02432,"Ahmedabad, India",Sector 15,23.115824,72.634627,CAT-056,0.56,Copernicus_GLO-30_v2023,Residential,C,4.81,91.69999999999999,CurbInlet,LocalGauge,58.8,5,ponding_hotspot|low_lying,0.05188781014023733,11.76,High Risk
SEG-02433,"Colombo, Sri Lanka",Borough Harbor,6.997182,79.833708,CAT-154,7.91,SRTM_3arc,Green,A,6.25,26.2,OpenChannel,LocalGauge,29.2,25,low_lying,0.2297794117647059,1.168,Medium Risk
SEG-02434,"San Francisco, USA",Sector 29,37.838897,-122.422256,CAT-036,136.89,SRTM_1arc,Water,D,1.4,156.3,OpenChannel,ERA5,63.1,2,sparse_drainage|event_2022-11-02,0.008900190718372536,31.55,Medium Risk
SEG-02435,"Lagos, Nigeria",District 4,6.522778,3.314364,CAT-088,13.99,Copernicus_GLO-30_v2023,Industrial,A,5.49,46.4,GratedInlet,ERA5,59.1,5,monitor,0.11582278481012659,11.82,Low Risk
SEG-02436,"New York, USA",Ward J,40.522257,-74.015079,CAT-127,82.81,SRTM_1arc,Commercial,D,6.99,205.9,OpenChannel,IMD,48.9,10,monitor,0.03378443692605123,4.89,Low Risk
SEG-02437,"Istanbul, Türkiye",Sector 27,41.016583,28.943572,CAT-082,-3.0,SRTM_3arc,Commercial,B,9.67,91.69999999999999,OpenChannel,ERA5,39.3,10,low_lying,0.10431499460625675,3.9299999999999997,Medium Risk
SEG-02438,"Sydney, Australia",District 5,-33.836949,151.27067,CAT-166,6.35,SRTM_1arc,Residential,D,7.09,91.69999999999999,Manhole,ERA5,18.8,5,low_lying,0.07648327939590076,3.7600000000000002,Medium Risk
SEG-02439,"Auckland, New Zealand",Borough North,-36.811232,174.763513,CAT-070,67.63,Copernicus_GLO-30_v2023,Industrial,B,5.29,91.69999999999999,GratedInlet,ERA5,44.6,10,monitor,0.05706580366774542,4.46,Low Risk
SEG-02440,"Istanbul, Türkiye",Sector 5,40.994182,29.001332,CAT-130,87.31,SRTM_1arc,Roads,B,6.25,80.6,CurbInlet,ERA5,53.6,25,monitor,0.07659313725490197,2.144,Low Risk
SEG-02441,"Mexico City, Mexico",Sector 18,19.378011,-99.162304,CAT-141,-3.0,SRTM_1arc,Roads,C,7.33,91.69999999999999,Manhole,ERA5,41.3,2,ponding_hotspot|low_lying,0.07907227615965481,20.65,High Risk
SEG-02442,"Kolkata, India",Ward I,22.583611,88.348279,CAT-121,52.13,SRTM_3arc,Institutional,B,5.67,20.7,CurbInlet,ERA5,48.0,2,monitor,0.26129032258064516,24.0,Low Risk
SEG-02443,"Mumbai, India",Borough Central,19.122359,72.851145,CAT-089,7.75,SRTM_3arc,Residential,A,6.25,91.69999999999999,GratedInlet,ERA5,60.9,5,low_lying,0.06742179072276161,12.18,Medium Risk
SEG-02444,"Dhaka, Bangladesh",Borough West,23.787636,90.318316,CAT-009,36.13,SRTM_1arc,Green,A,4.39,186.2,CurbInlet,Blended,35.9,2,monitor,0.0234508547008547,17.95,Low Risk
SEG-02445,"Washington DC, USA",Borough Central,39.042299,-77.024956,CAT-072,-3.0,Copernicus_GLO-90_v2022,Residential,B,2.45,432.1,CurbInlet,Blended,16.8,5,low_lying|sparse_drainage,0.005656892172708382,3.3600000000000003,Medium Risk
SEG-02446,"Bogotá, Colombia",Sector 1,4.695238,-74.196858,CAT-130,44.41,SRTM_1arc,Commercial,B,6.53,91.69999999999999,OpenChannel,Blended,56.3,5,monitor,0.07044228694714133,11.26,Low Risk
SEG-02447,"Auckland, New Zealand",Sector 15,-36.774273,174.803967,CAT-169,23.44,Copernicus_EEA-10_v5,Industrial,B,7.26,267.1,OpenChannel,ERA5,73.7,5,monitor,0.027079447967176425,14.74,Low Risk
SEG-02448,"Karachi, Pakistan",Ward A,24.963957,66.985398,CAT-041,25.130000000000003,Copernicus_EEA-10_v5,Mixed,B,9.7,91.69999999999999,GratedInlet,ERA5,25.2,25,monitor,0.104638619201726,1.008,Low Risk
SEG-02449,"Manila, Philippines",District 29,14.675823,120.946278,CAT-164,15.34,SRTM_3arc,Roads,A,6.21,116.5,GratedInlet,ERA5,63.6,5,monitor,0.052851063829787236,12.72,Low Risk
SEG-02450,"Brisbane, Australia",Sector 26,-27.507544,153.069348,CAT-047,62.47,SRTM_3arc,Institutional,D,6.27,380.5,Manhole,ERA5,18.8,2,monitor,0.016435124508519004,9.4,Low Risk
SEG-02451,"Accra, Ghana",Sector 4,5.560207,-0.252295,CAT-007,-3.0,SRTM_1arc,Residential,B,4.29,74.1,GratedInlet,ERA5,66.1,25,ponding_hotspot|low_lying,0.05712383488681758,2.6439999999999997,High Risk
SEG-02452,"Paris, France",Sector 8,48.88787,2.25333,CAT-019,40.5,SRTM_1arc,Green,B,6.25,128.8,CurbInlet,ERA5,26.3,10,monitor,0.048151001540832045,2.63,Low Risk
SEG-02453,"Taipei, Taiwan",Zone VI,25.049711,121.54844,CAT-026,80.96,Copernicus_GLO-30_v2023,Commercial,D,7.21,83.9,Manhole,ERA5,54.3,5,monitor,0.08492343934040046,10.86,Low Risk
SEG-02454,"Taipei, Taiwan",District 28,25.021944,121.578472,CAT-177,72.7,Copernicus_GLO-90_v2022,Industrial,B,6.02,91.69999999999999,GratedInlet,ERA5,41.8,2,monitor,0.06494066882416397,20.9,Low Risk
SEG-02455,"Hong Kong, China",District 21,22.334683,114.229712,CAT-126,0.14,SRTM_3arc,Industrial,B,4.98,65.0,Manhole,LocalGauge,117.4,50,ponding_hotspot|extreme_rain_history|low_lying,0.07545454545454545,2.3480000000000003,High Risk
SEG-02456,"Barcelona, Spain",Zone IV,41.391097,2.191819,CAT-162,-3.0,Copernicus_GLO-90_v2022,Mixed,C,6.94,23.5,GratedInlet,ERA5,30.1,25,ponding_hotspot|low_lying,0.283265306122449,1.204,High Risk
SEG-02457,"Mexico City, Mexico",Ward E,19.457372,-99.22434,CAT-044,25.130000000000003,Copernicus_GLO-30_v2023,Residential,A,6.12,32.9,CurbInlet,ERA5,24.1,2,monitor,0.18053097345132743,12.05,Low Risk
SEG-02458,"Osaka, Japan",District 17,34.675014,135.503691,CAT-071,11.75,Copernicus_GLO-30_v2023,Mixed,D,6.25,91.69999999999999,CurbInlet,ERA5,49.2,50,monitor,0.06742179072276161,0.9840000000000001,Low Risk
SEG-02459,"Dubai, UAE",Sector 26,25.15442,55.204265,CAT-028,88.08,SRTM_1arc,Residential,A,3.21,35.6,Manhole,IMD,16.2,5,monitor,0.08770491803278688,3.2399999999999998,Low Risk
SEG-02460,"Copenhagen, Denmark",Ward F,55.729662,12.540288,CAT-127,55.18,SRTM_1arc,Residential,D,5.52,91.69999999999999,GratedInlet,ERA5,15.3,25,monitor,0.05954692556634304,0.612,Low Risk
SEG-02461,"Doha, Qatar",District 18,25.281606,51.617506,CAT-002,35.13,SRTM_1arc,Industrial,D,6.25,31.6,Manhole,Blended,8.4,10,monitor,0.19171779141104295,0.8400000000000001,Low Risk
SEG-02462,"Vancouver, Canada",District 25,49.20617,-123.112924,CAT-032,-0.96,Copernicus_GLO-30_v2023,Residential,B,7.89,114.1,CurbInlet,ERA5,20.3,25,low_lying,0.0685490877497828,0.812,Medium Risk
SEG-02463,"Hanoi, Vietnam",District 12,20.974585,105.832202,CAT-011,10.77,SRTM_1arc,Roads,B,8.68,56.1,CurbInlet,Blended,150.0,50,ponding_hotspot|extreme_rain_history|event_2023-02-27,0.1520140105078809,3.0,High Risk
SEG-02464,"Paris, France",Borough Riverside,48.889937,2.29555,CAT-168,58.5,SRTM_1arc,Roads,B,6.25,91.69999999999999,OpenChannel,Blended,34.8,5,monitor,0.06742179072276161,6.959999999999999,Low Risk
SEG-02465,"Tokyo, Japan",Ward A,35.628516,139.642413,CAT-052,35.23,SRTM_1arc,Commercial,D,5.56,32.2,CurbInlet,ERA5,19.3,25,monitor,0.16746987951807227,0.772,Low Risk
SEG-02466,"Brisbane, Australia",Zone V,-27.518255,153.034794,CAT-093,10.13,SRTM_3arc,Commercial,D,5.99,91.69999999999999,CurbInlet,ERA5,29.7,25,monitor,0.06461704422869473,1.188,Low Risk
SEG-02467,"Bengaluru, India",Borough East,13.035751,77.605745,CAT-056,45.93,Copernicus_EEA-10_v5,Industrial,D,10.5,19.4,Manhole,Blended,35.5,5,monitor,0.5147058823529412,7.1,Low Risk
SEG-02468,"Washington DC, USA",District 15,38.836712,-77.127056,CAT-172,-3.0,Copernicus_EEA-10_v5,Institutional,C,6.39,91.69999999999999,GratedInlet,IMD,16.6,25,low_lying|event_2025-03-09,0.06893203883495146,0.664,Medium Risk
SEG-02469,"Bangkok, Thailand",Ward H,13.837147,100.459041,CAT-122,17.35,Copernicus_EEA-10_v5,Residential,D,6.25,243.1,CurbInlet,LocalGauge,94.0,50,extreme_rain_history|event_2024-04-12,0.025604260548955347,1.88,High Risk
SEG-02470,"Singapore, Singapore",Sector 18,1.32176,103.810353,CAT-117,-3.0,SRTM_3arc,Residential,B,3.26,140.4,CurbInlet,LocalGauge,110.1,25,ponding_hotspot|extreme_rain_history|low_lying|event_2023-05-07,0.023055162659123052,4.404,High Risk
SEG-02471,"Chennai, India",Sector 25,12.937214,80.26766,CAT-163,5.65,SRTM_1arc,Institutional,A,4.07,105.7,GratedInlet,ERA5,56.3,50,low_lying,0.03814432989690722,1.126,Medium Risk
SEG-02472,"Chennai, India",Sector 15,13.215859,80.305791,CAT-169,9.09,Copernicus_EEA-10_v5,Roads,A,7.35,84.3,GratedInlet,Blended,59.7,25,monitor,0.08616647127784291,2.388,Low Risk
SEG-02473,"Riyadh, Saudi Arabia",Ward G,24.665584,46.706868,CAT-177,16.61,Copernicus_EEA-10_v5,Commercial,A,4.7,91.69999999999999,CurbInlet,IMD,13.8,2,monitor,0.05070118662351673,6.9,Low Risk
SEG-02474,"Hamburg, Germany",Borough Central,53.576426,9.892451,CAT-022,-3.0,SRTM_3arc,Green,B,6.34,156.2,CurbInlet,ERA5,44.1,5,low_lying,0.040330788804071246,8.82,Medium Risk
SEG-02475,"New York, USA",District 12,40.812788,-74.086715,CAT-025,43.72,Copernicus_GLO-90_v2022,Green,B,4.47,40.8,GratedInlet,Blended,40.8,50,monitor,0.1069377990430622,0.816,Low Risk
SEG-02476,"Dubai, UAE",Zone IX,25.178588,55.266147,CAT-115,89.18,Copernicus_GLO-90_v2022,Commercial,D,6.4,109.8,CurbInlet,ERA5,14.6,50,monitor,0.05776173285198556,0.292,Low Risk
SEG-02477,"Bengaluru, India",Sector 17,13.063091,77.510252,CAT-168,-3.0,Copernicus_EEA-10_v5,Residential,B,3.69,26.1,GratedInlet,IMD,58.6,25,ponding_hotspot|low_lying,0.13616236162361622,2.344,High Risk
SEG-02478,"Auckland, New Zealand",Borough East,-36.862003,174.81384,CAT-093,5.52,Copernicus_GLO-30_v2023,Mixed,C,8.39,58.8,Manhole,IMD,52.8,50,low_lying,0.14030100334448162,1.056,Medium Risk
SEG-02479,"Lagos, Nigeria",Sector 11,6.593112,3.436032,CAT-105,8.53,Copernicus_GLO-30_v2023,Residential,B,4.3,9.8,CurbInlet,Blended,79.6,25,monitor,0.3981481481481481,3.1839999999999997,Low Risk
SEG-02480,"Mexico City, Mexico",District 12,19.521967,-99.173117,CAT-094,29.3,Copernicus_GLO-30_v2023,Roads,D,7.74,83.6,Manhole,Blended,38.1,2,monitor,0.09148936170212767,19.05,Low Risk
SEG-02481,"Dubai, UAE",Borough West,25.223319,55.202678,CAT-118,84.53,Copernicus_EEA-10_v5,Industrial,B,7.66,62.7,Manhole,LocalGauge,11.1,2,monitor,0.12025117739403453,5.55,Low Risk
SEG-02482,"Lagos, Nigeria",Ward G,6.394588,3.353792,CAT-090,30.67,SRTM_3arc,Roads,B,7.31,424.1,CurbInlet,Blended,69.0,5,monitor,0.0171959538932016,13.8,Low Risk
SEG-02483,"Copenhagen, Denmark",Borough Riverside,55.693958,12.517207,CAT-165,43.53,SRTM_3arc,Industrial,D,10.13,52.9,GratedInlet,ERA5,30.5,10,monitor,0.18794063079777368,3.05,Low Risk
SEG-02484,"Copenhagen, Denmark",Sector 21,55.728828,12.508908,CAT-153,43.79,Copernicus_EEA-10_v5,Roads,B,7.12,35.0,Manhole,ERA5,31.0,5,monitor,0.19777777777777777,6.2,Low Risk
SEG-02485,"Hanoi, Vietnam",Borough Hillside,21.06725,105.884743,CAT-087,22.69,Copernicus_EEA-10_v5,Green,C,7.02,128.4,Manhole,ERA5,65.5,2,monitor,0.05425038639876352,32.75,Low Risk
SEG-02486,"Tokyo, Japan",Ward J,35.741148,139.552366,CAT-149,24.58,SRTM_1arc,Roads,D,9.25,26.6,GratedInlet,IMD,37.7,10,monitor,0.3351449275362319,3.7700000000000005,Low Risk
SEG-02487,"Miami, USA",District 25,25.755787,-80.24166,CAT-071,21.92,Copernicus_EEA-10_v5,Residential,A,4.57,102.3,CurbInlet,ERA5,74.2,5,monitor,0.04424007744433689,14.84,Low Risk
SEG-02488,"Rome, Italy",Ward B,41.80631,12.423265,CAT-122,44.51,SRTM_1arc,Commercial,B,6.29,10.6,CurbInlet,LocalGauge,27.9,5,monitor,0.5422413793103449,5.58,Low Risk
SEG-02489,"Dubai, UAE",Zone I,25.25657,55.289775,CAT-137,1.49,SRTM_3arc,Commercial,B,6.62,112.1,GratedInlet,ERA5,13.2,25,low_lying,0.05853227232537578,0.528,Medium Risk
SEG-02490,"Jakarta, Indonesia",District 18,-6.111608,106.807549,CAT-163,20.22,Copernicus_GLO-30_v2023,Commercial,C,3.63,230.6,GratedInlet,ERA5,103.6,25,extreme_rain_history,0.015673575129533678,4.144,High Risk
SEG-02491,"Colombo, Sri Lanka",District 26,6.925209,79.788901,CAT-127,-3.0,SRTM_1arc,Commercial,A,9.61,13.2,Manhole,ERA5,39.6,2,low_lying,0.6767605633802817,19.8,Medium Risk
SEG-02492,"Karachi, Pakistan",Borough Old Town,24.970388,67.105535,CAT-014,5.44,Copernicus_EEA-10_v5,Commercial,B,5.08,91.8,Manhole,ERA5,46.4,10,low_lying,0.05474137931034483,4.64,Medium Risk
SEG-02493,"Pune, India",Zone X,18.507924,73.874058,CAT-053,71.9,SRTM_3arc,Industrial,B,7.87,81.9,GratedInlet,ERA5,48.3,50,monitor,0.09493365500603136,0.966,Low Risk
SEG-02494,"Taipei, Taiwan",Zone V,25.040224,121.573341,CAT-004,52.61,Copernicus_EEA-10_v5,Residential,A,5.38,55.0,CurbInlet,ERA5,20.7,10,monitor,0.09607142857142857,2.07,Low Risk
SEG-02495,"Shenzhen, China",Zone II,22.573148,114.048364,CAT-014,-1.54,SRTM_1arc,Residential,B,4.14,313.0,OpenChannel,ERA5,29.0,2,low_lying,0.013184713375796178,14.5,Medium Risk
SEG-02496,"Jakarta, Indonesia",Sector 21,-6.24784,106.806241,CAT-144,14.21,Copernicus_GLO-90_v2022,Mixed,A,3.79,78.8,GratedInlet,Blended,86.1,10,extreme_rain_history,0.0474937343358396,8.61,High Risk
SEG-02497,"Vancouver, Canada",Zone II,49.331035,-123.069503,CAT-065,1.22,Copernicus_EEA-10_v5,Residential,C,7.7,128.5,CurbInlet,ERA5,20.2,100,low_lying,0.05945945945945946,0.20199999999999999,Medium Risk
SEG-02498,"Athens, Greece",District 1,38.077053,23.834931,CAT-036,31.66,Copernicus_GLO-30_v2023,Green,B,5.29,91.69999999999999,CurbInlet,ERA5,36.7,2,monitor,0.05706580366774542,18.35,Low Risk
SEG-02499,"Durban, South Africa",Ward B,-29.843438,30.990436,CAT-096,72.94,SRTM_3arc,Water,C,2.69,244.5,Manhole,ERA5,44.0,10,sparse_drainage,0.010957230142566192,4.4,Medium Risk
SEG-02500,"Dhaka, Bangladesh",District 28,23.822554,90.452783,CAT-142,45.31,SRTM_3arc,Residential,B,6.25,116.6,Manhole,LocalGauge,92.5,50,extreme_rain_history,0.053146258503401364,1.85,High Risk
SEG-02501,"Kuala Lumpur, Malaysia",Sector 24,3.032328,101.657289,CAT-035,56.42,SRTM_1arc,Green,C,3.1,114.1,Manhole,ERA5,81.5,5,extreme_rain_history,0.026933101650738492,16.3,High Risk
SEG-02502,"Singapore, Singapore",Ward B,1.397125,103.838353,CAT-139,17.06,SRTM_1arc,Roads,A,11.74,247.3,OpenChannel,Blended,56.3,10,monitor,0.047281514297221106,5.63,Low Risk
SEG-02503,"Barcelona, Spain",Borough Central,41.356949,2.331447,CAT-013,16.76,SRTM_3arc,Commercial,C,8.36,44.5,CurbInlet,LocalGauge,39.9,5,monitor,0.18373626373626373,7.9799999999999995,Low Risk
SEG-02504,"Copenhagen, Denmark",Ward F,55.696285,12.628094,CAT-146,15.92,SRTM_1arc,Roads,A,7.16,294.9,OpenChannel,IMD,26.8,10,monitor,0.02419736397431565,2.68,Low Risk
SEG-02505,"Hamburg, Germany",Borough North,53.597784,10.033657,CAT-092,72.68,Copernicus_GLO-30_v2023,Informal,B,8.88,236.2,Manhole,ERA5,23.6,2,monitor,0.03743676222596965,11.8,Low Risk
SEG-02506,"Washington DC, USA",Zone VIII,38.790622,-77.029956,CAT-163,7.4,SRTM_3arc,Industrial,A,10.07,91.69999999999999,CurbInlet,IMD,33.9,5,low_lying,0.1086299892125135,6.779999999999999,Medium Risk
SEG-02507,"Delhi, India",District 18,28.581175,77.222002,CAT-125,79.44,SRTM_1arc,Commercial,A,9.98,367.1,OpenChannel,Blended,30.2,5,monitor,0.02711219777234447,6.04,Low Risk
SEG-02508,"Philadelphia, USA",Ward F,39.893928,-75.105524,CAT-057,-3.0,Copernicus_EEA-10_v5,Commercial,A,7.21,38.2,GratedInlet,ERA5,41.8,25,low_lying,0.1839285714285714,1.672,Medium Risk
SEG-02509,"Karachi, Pakistan",Sector 19,24.739964,67.098925,CAT-018,25.130000000000003,SRTM_3arc,Water,B,7.83,248.4,GratedInlet,ERA5,75.0,100,monitor,0.031395348837209305,0.75,Low Risk
SEG-02510,"Lima, Peru",District 22,-12.019781,-77.194553,CAT-063,44.73,SRTM_3arc,Residential,B,8.15,98.8,CurbInlet,ERA5,44.9,5,monitor,0.08166332665330663,8.98,Low Risk
SEG-02511,"Lagos, Nigeria",Ward A,6.578388,3.347453,CAT-041,2.04,Copernicus_EEA-10_v5,Residential,D,5.41,218.9,OpenChannel,Blended,54.2,2,ponding_hotspot|low_lying|event_2024-12-02,0.024602091859936333,27.1,High Risk
SEG-02512,"Hamburg, Germany",District 1,53.400215,9.935569,CAT-111,92.56,Copernicus_GLO-30_v2023,Industrial,A,8.51,3.6,CurbInlet,LocalGauge,52.1,10,monitor,1.85,5.21,Low Risk
SEG-02513,"New York, USA",District 24,40.743956,-73.950251,CAT-112,1.67,Copernicus_GLO-30_v2023,Residential,B,8.06,258.1,CurbInlet,ERA5,18.0,2,low_lying,0.031107680432265535,9.0,Medium Risk
SEG-02514,"Jakarta, Indonesia",Sector 8,-6.178563,106.81276,CAT-091,10.26,Copernicus_GLO-30_v2023,Roads,B,7.77,267.4,CurbInlet,Blended,75.1,10,monitor,0.028949329359165426,7.51,Low Risk
SEG-02515,"Hyderabad, India",District 23,17.446934,78.484703,CAT-123,17.73,SRTM_3arc,Industrial,D,8.56,60.4,CurbInlet,ERA5,19.4,25,monitor,0.13941368078175898,0.7759999999999999,Low Risk
SEG-02516,"Guangzhou, China",Sector 9,23.088397,113.239884,CAT-005,25.130000000000003,SRTM_1arc,Roads,B,10.78,372.8,CurbInlet,IMD,91.2,50,extreme_rain_history,0.02883895131086142,1.824,High Risk
SEG-02517,"Nairobi, Kenya",Ward F,-1.345898,36.88653,CAT-165,37.98,Copernicus_GLO-30_v2023,Roads,B,6.81,52.6,Manhole,ERA5,37.0,2,monitor,0.12705223880597014,18.5,Low Risk
SEG-02518,"Dhaka, Bangladesh",District 19,23.738904,90.458215,CAT-051,52.8,Copernicus_GLO-30_v2023,Residential,B,6.27,7.7,OpenChannel,ERA5,57.7,5,monitor,0.7206896551724138,11.540000000000001,Low Risk
SEG-02519,"Delhi, India",Zone VIII,28.751962,77.291466,CAT-091,41.45,SRTM_3arc,Residential,C,5.34,86.3,Manhole,ERA5,41.1,25,monitor,0.061168384879725084,1.6440000000000001,Low Risk
SEG-02520,"Ho Chi Minh City, Vietnam",Borough East,10.817452,106.71885,CAT-076,48.15,SRTM_1arc,Residential,B,7.55,107.1,CurbInlet,LocalGauge,64.7,5,monitor,0.0698427382053654,12.940000000000001,Low Risk
SEG-02521,"Ho Chi Minh City, Vietnam",Ward I,10.653499,106.632828,CAT-104,43.3,SRTM_3arc,Residential,C,2.42,134.0,GratedInlet,ERA5,46.1,100,sparse_drainage,0.017925925925925925,0.461,Medium Risk
SEG-02522,"Istanbul, Türkiye",Borough West,40.933669,28.859613,CAT-159,51.23,Copernicus_EEA-10_v5,Roads,B,6.38,211.9,OpenChannel,ERA5,32.9,10,monitor,0.02996712071395021,3.29,Low Risk
SEG-02523,"Rio de Janeiro, Brazil",Borough Harbor,-22.885275,-43.221929,CAT-071,10.88,Copernicus_GLO-30_v2023,Informal,B,4.75,154.0,GratedInlet,ERA5,28.8,2,monitor,0.03064516129032258,14.4,Low Risk
SEG-02524,"Mumbai, India",District 17,19.181847,72.891275,CAT-160,0.41,Copernicus_GLO-30_v2023,Institutional,D,5.92,157.1,GratedInlet,ERA5,68.6,10,ponding_hotspot|low_lying|event_2025-01-02,0.037444655281467426,6.859999999999999,High Risk
SEG-02525,"Singapore, Singapore",Ward B,1.355684,103.815568,CAT-068,14.62,SRTM_1arc,Commercial,C,7.77,129.9,GratedInlet,IMD,83.6,100,extreme_rain_history,0.05935828877005347,0.836,High Risk
SEG-02526,"Bangkok, Thailand",Borough North,13.650876,100.412787,CAT-068,17.35,Copernicus_EEA-10_v5,Residential,B,5.57,116.2,CurbInlet,ERA5,53.6,25,monitor,0.047525597269624575,2.144,Low Risk
SEG-02527,"Tehran, Iran",Sector 1,35.663038,51.416521,CAT-148,63.07,SRTM_3arc,Residential,A,7.58,10.6,CurbInlet,ERA5,25.9,25,monitor,0.653448275862069,1.036,Low Risk
SEG-02528,"Manila, Philippines",Sector 2,14.700704,120.832512,CAT-159,10.04,SRTM_1arc,Industrial,D,8.28,130.2,OpenChannel,Blended,99.9,50,ponding_hotspot|extreme_rain_history,0.06310975609756098,1.9980000000000002,High Risk
SEG-02529,"Philadelphia, USA",Zone V,39.893735,-75.246275,CAT-116,32.66,SRTM_3arc,Green,B,5.05,223.3,Manhole,LocalGauge,37.5,10,monitor,0.02251448952296032,3.75,Low Risk
SEG-02530,"Amsterdam, Netherlands",District 15,52.310917,4.952228,CAT-087,25.130000000000003,Copernicus_GLO-30_v2023,Residential,A,7.94,91.69999999999999,GratedInlet,ERA5,28.6,2,monitor,0.08565264293419635,14.3,Low Risk
SEG-02531,"Houston, USA",District 22,29.750592,-95.404389,CAT-160,83.31,Copernicus_EEA-10_v5,Roads,B,5.83,23.8,Manhole,IMD,65.9,10,monitor,0.23508064516129032,6.590000000000001,Low Risk
SEG-02532,"Athens, Greece",District 30,38.000329,23.764904,CAT-177,94.05,SRTM_3arc,Green,A,4.32,32.0,CurbInlet,IMD,50.8,10,monitor,0.13090909090909092,5.08,Low Risk
SEG-02533,"Guangzhou, China",District 15,23.119836,113.24621,CAT-088,7.17,SRTM_3arc,Roads,B,9.26,139.4,OpenChannel,ERA5,80.0,25,extreme_rain_history|low_lying,0.06595441595441595,3.2,High Risk
SEG-02534,"Tokyo, Japan",Sector 11,35.833125,139.668805,CAT-146,44.73,Copernicus_GLO-30_v2023,Mixed,D,6.35,419.5,CurbInlet,ERA5,21.0,25,monitor,0.015101070154577883,0.84,Low Risk
SEG-02535,"Chennai, India",Sector 20,13.016503,80.272738,CAT-056,25.130000000000003,Copernicus_GLO-30_v2023,Residential,B,2.32,56.0,Manhole,ERA5,85.4,50,extreme_rain_history|sparse_drainage|event_2023-02-06,0.04070175438596491,1.7080000000000002,High Risk
SEG-02536,"Athens, Greece",Zone VII,37.844191,23.775213,CAT-038,35.29,SRTM_1arc,Industrial,D,9.88,54.7,Manhole,LocalGauge,33.9,50,monitor,0.17737881508078995,0.6779999999999999,Low Risk
SEG-02537,"Hyderabad, India",Ward F,17.38072,78.458124,CAT-055,14.83,Copernicus_EEA-10_v5,Commercial,B,7.91,117.1,GratedInlet,IMD,30.0,50,monitor,0.06697713801862828,0.6,Low Risk
SEG-02538,"Ahmedabad, India",Borough Delta,23.054156,72.51075,CAT-062,-3.0,Copernicus_GLO-30_v2023,Residential,B,6.87,133.8,GratedInlet,ERA5,15.2,2,low_lying,0.050964391691394655,7.6,Medium Risk
SEG-02539,"Sao Paulo, Brazil",Sector 12,-23.528036,-46.55215,CAT-080,73.22,SRTM_3arc,Industrial,D,2.91,83.8,GratedInlet,ERA5,55.8,25,sparse_drainage|event_2024-01-02,0.03431603773584906,2.2319999999999998,Medium Risk
SEG-02540,"Copenhagen, Denmark",Borough East,55.613494,12.52263,CAT-062,-3.0,Copernicus_GLO-30_v2023,Residential,B,6.17,48.6,GratedInlet,LocalGauge,28.5,2,low_lying,0.12439516129032258,14.25,Medium Risk
SEG-02541,"Kolkata, India",District 19,22.549886,88.443252,CAT-081,115.16,Copernicus_GLO-90_v2022,Mixed,C,4.16,56.7,Manhole,ERA5,34.7,25,monitor,0.07209705372616984,1.3880000000000001,Low Risk
SEG-02542,"Guangzhou, China",District 23,23.146786,113.149008,CAT-103,7.13,Copernicus_GLO-30_v2023,Residential,A,6.25,2.4,CurbInlet,ERA5,50.6,10,low_lying,1.8382352941176472,5.0600000000000005,Medium Risk
SEG-02543,"Auckland, New Zealand",District 10,-36.865768,174.820234,CAT-064,-3.0,Copernicus_GLO-30_v2023,Green,B,5.02,63.3,OpenChannel,IMD,25.8,50,low_lying,0.07807153965785381,0.516,Medium Risk
SEG-02544,"San Francisco, USA",District 15,37.757627,-122.456186,CAT-005,101.24,SRTM_3arc,Commercial,C,5.74,67.9,GratedInlet,Blended,32.2,5,monitor,0.08330914368650218,6.44,Low Risk
SEG-02545,"Shanghai, China",Zone VI,31.198221,121.374789,CAT-168,9.07,Copernicus_GLO-30_v2023,Green,B,4.41,20.5,CurbInlet,ERA5,26.5,10,monitor,0.20511627906976745,2.65,Low Risk
SEG-02546,"Singapore, Singapore",Borough Riverside,1.30593,103.844515,CAT-120,15.39,SRTM_3arc,Industrial,A,6.25,88.0,Manhole,LocalGauge,77.4,10,monitor,0.0702247191011236,7.74,Low Risk
SEG-02547,"Manila, Philippines",Sector 17,14.67274,121.037917,CAT-060,7.58,Copernicus_GLO-30_v2023,Residential,A,6.33,91.69999999999999,OpenChannel,ERA5,59.5,2,low_lying,0.06828478964401295,29.75,Medium Risk
SEG-02548,"Tehran, Iran",Ward G,35.761448,51.256191,CAT-123,38.95,SRTM_3arc,Industrial,A,5.26,65.2,Manhole,Blended,42.8,10,monitor,0.07945619335347431,4.279999999999999,Low Risk
SEG-02549,"Durban, South Africa",Sector 8,-29.794193,30.906022,CAT-077,15.66,Copernicus_GLO-90_v2022,Institutional,C,2.9,565.4,CurbInlet,LocalGauge,22.9,5,sparse_drainage,0.005120056497175141,4.58,Medium Risk
SEG-02550,"Bangkok, Thailand",Ward A,13.638863,100.510476,CAT-117,-3.0,Copernicus_GLO-90_v2022,Residential,C,3.11,223.5,OpenChannel,ERA5,43.2,10,ponding_hotspot|low_lying|event_2024-07-26,0.013853006681514476,4.32,High Risk
SEG-02551,"Lagos, Nigeria",Ward H,6.480796,3.357132,CAT-173,8.84,Copernicus_EEA-10_v5,Institutional,A,4.95,304.4,Manhole,IMD,128.8,25,extreme_rain_history|event_2022-05-08,0.01620825147347741,5.152,High Risk
SEG-02552,"Guangzhou, China",Borough Riverside,23.04878,113.282579,CAT-142,23.85,SRTM_3arc,Commercial,B,6.25,198.3,OpenChannel,Blended,85.5,25,extreme_rain_history,0.03135975915704967,3.42,High Risk
SEG-02553,"Ahmedabad, India",Zone VI,22.990506,72.489141,CAT-107,35.58,Copernicus_EEA-10_v5,Residential,C,7.28,89.9,GratedInlet,IMD,39.3,50,monitor,0.08008800880088009,0.7859999999999999,Low Risk
SEG-02554,"Dubai, UAE",District 30,25.193837,55.316052,CAT-130,2.08,Copernicus_GLO-30_v2023,Green,B,5.17,167.5,CurbInlet,ERA5,8.6,2,low_lying,0.030682492581602373,4.3,Medium Risk
SEG-02555,"San Francisco, USA",Ward G,37.770684,-122.339203,CAT-002,-3.0,SRTM_3arc,Residential,C,6.39,86.9,OpenChannel,ERA5,89.3,50,ponding_hotspot|extreme_rain_history|low_lying,0.07269624573378838,1.786,High Risk
SEG-02556,"Miami, USA",Sector 3,25.861584,-80.202591,CAT-162,17.46,Copernicus_GLO-30_v2023,Industrial,B,4.65,81.2,CurbInlet,IMD,52.1,25,monitor,0.05656934306569343,2.084,Low Risk
SEG-02557,"Shenzhen, China",Sector 6,22.571797,114.276343,CAT-037,17.08,Copernicus_EEA-10_v5,Residential,C,4.3,29.0,OpenChannel,ERA5,125.0,25,extreme_rain_history,0.14333333333333334,5.0,High Risk
SEG-02558,"Ho Chi Minh City, Vietnam",Zone VIII,10.877165,106.56428,CAT-136,95.53,Copernicus_GLO-30_v2023,Industrial,B,9.32,35.0,CurbInlet,IMD,96.5,25,extreme_rain_history,0.2588888888888889,3.86,High Risk
SEG-02559,"Rome, Italy",Borough Hillside,41.842972,12.4455,CAT-043,89.21,Copernicus_GLO-30_v2023,Green,B,7.46,110.8,CurbInlet,ERA5,38.1,5,monitor,0.0667262969588551,7.62,Low Risk
SEG-02560,"Singapore, Singapore",Zone VI,1.322321,103.694293,CAT-163,10.5,Copernicus_GLO-30_v2023,Industrial,C,8.82,58.6,CurbInlet,ERA5,29.0,50,monitor,0.14798657718120806,0.58,Low Risk
SEG-02561,"Vancouver, Canada",District 10,49.281841,-123.123581,CAT-005,18.62,Copernicus_GLO-30_v2023,Mixed,D,4.4,47.1,Manhole,ERA5,32.2,2,monitor,0.09147609147609148,16.1,Low Risk
SEG-02562,"Athens, Greece",District 30,37.946921,23.726388,CAT-175,73.75,SRTM_3arc,Industrial,D,6.25,100.3,GratedInlet,LocalGauge,29.1,10,monitor,0.061697926949654494,2.91,Low Risk
SEG-02563,"Chennai, India",Sector 29,13.071353,80.225325,CAT-061,5.44,Copernicus_EEA-10_v5,Residential,B,7.59,325.0,OpenChannel,ERA5,87.0,25,extreme_rain_history|low_lying,0.023282208588957055,3.48,High Risk
SEG-02564,"Dhaka, Bangladesh",Borough Hillside,23.922787,90.280409,CAT-113,61.29,Copernicus_GLO-30_v2023,Industrial,C,4.29,30.6,CurbInlet,LocalGauge,55.1,25,monitor,0.13575949367088608,2.204,Low Risk
SEG-02565,"Manila, Philippines",Ward F,14.580639,120.962629,CAT-034,28.8,Copernicus_GLO-90_v2022,Water,B,5.55,412.4,Manhole,ERA5,66.7,50,monitor,0.013425253991291727,1.334,Low Risk
SEG-02566,"Manila, Philippines",Ward I,14.608816,120.933539,CAT-166,2.47,Copernicus_GLO-30_v2023,Industrial,B,8.29,52.9,GratedInlet,Blended,41.2,5,low_lying,0.15380333951762523,8.24,Medium Risk
SEG-02567,"Ahmedabad, India",Ward E,22.990609,72.491048,CAT-028,59.67,SRTM_1arc,Green,C,2.78,249.7,CurbInlet,ERA5,23.7,25,sparse_drainage,0.01108895093737535,0.948,Medium Risk
SEG-02568,"Riyadh, Saudi Arabia",Ward B,24.648565,46.682534,CAT-051,77.82,Copernicus_EEA-10_v5,Roads,B,4.27,19.9,GratedInlet,ERA5,12.7,2,monitor,0.20430622009569377,6.35,Low Risk
SEG-02569,"Lima, Peru",Borough Riverside,-12.076966,-77.04633,CAT-174,121.72,Copernicus_GLO-90_v2022,Green,C,3.9,48.3,CurbInlet,LocalGauge,70.4,5,monitor,0.07910750507099391,14.080000000000002,Low Risk
SEG-02570,"Rotterdam, Netherlands",Zone V,51.912746,4.50254,CAT-137,15.22,Copernicus_GLO-30_v2023,Commercial,B,8.16,81.8,OpenChannel,Blended,17.5,10,monitor,0.09855072463768116,1.75,Low Risk
SEG-02571,"Shanghai, China",District 14,31.297324,121.566268,CAT-062,12.45,Copernicus_GLO-30_v2023,Commercial,B,8.47,36.0,CurbInlet,ERA5,37.3,2,monitor,0.22891891891891894,18.65,Low Risk
SEG-02572,"Houston, USA",Sector 27,29.826518,-95.388756,CAT-001,21.14,SRTM_1arc,Mixed,B,4.71,107.6,CurbInlet,ERA5,51.5,5,monitor,0.04337016574585636,10.3,Low Risk
SEG-02573,"Kuala Lumpur, Malaysia",District 2,3.280532,101.611167,CAT-012,43.46,Copernicus_EEA-10_v5,Roads,A,6.25,322.5,CurbInlet,IMD,77.2,10,monitor,0.019319938176197836,7.720000000000001,Low Risk
SEG-02574,"Miami, USA",District 5,25.62422,-80.19132,CAT-033,9.29,Copernicus_EEA-10_v5,Roads,D,10.18,78.1,Manhole,IMD,49.8,5,monitor,0.12869785082174462,9.959999999999999,Low Risk
SEG-02575,"Bogotá, Colombia",Sector 6,4.660869,-73.986775,CAT-157,-3.0,Copernicus_EEA-10_v5,Commercial,A,11.16,91.69999999999999,GratedInlet,ERA5,71.2,25,low_lying,0.12038834951456312,2.8480000000000003,Medium Risk
SEG-02576,"Istanbul, Türkiye",Sector 24,41.107831,29.02289,CAT-035,52.08,SRTM_1arc,Water,C,3.27,288.8,OpenChannel,ERA5,19.9,2,monitor,0.011283643892339544,9.95,Low Risk
SEG-02577,"Kuala Lumpur, Malaysia",Zone IV,3.173099,101.692072,CAT-104,46.26,Copernicus_GLO-90_v2022,Industrial,B,10.44,60.3,CurbInlet,ERA5,44.6,5,monitor,0.1703099510603589,8.92,Low Risk
SEG-02578,"Guangzhou, China",Sector 22,23.133669,113.406808,CAT-091,5.21,Copernicus_GLO-90_v2022,Water,C,4.87,470.2,OpenChannel,IMD,52.2,10,low_lying,0.010335314091680816,5.220000000000001,Medium Risk
SEG-02579,"Kuala Lumpur, Malaysia",Borough Old Town,3.155741,101.616431,CAT-036,52.42,Copernicus_EEA-10_v5,Commercial,B,6.33,113.4,GratedInlet,IMD,64.2,50,monitor,0.05533216783216783,1.284,Low Risk
SEG-02580,"Hyderabad, India",Borough South,17.26284,78.464424,CAT-158,3.7,SRTM_1arc,Residential,B,3.39,13.9,CurbInlet,ERA5,22.6,2,low_lying,0.22751677852348995,11.3,Medium Risk
SEG-02581,"Chennai, India",District 22,12.974622,80.332362,CAT-011,5.69,Copernicus_GLO-30_v2023,Commercial,D,8.31,144.4,GratedInlet,LocalGauge,57.6,50,low_lying,0.057152682255845945,1.1520000000000001,Medium Risk
SEG-02582,"Amsterdam, Netherlands",Ward I,52.395008,4.904408,CAT-145,16.22,Copernicus_GLO-30_v2023,Informal,A,5.34,293.2,Manhole,ERA5,25.2,10,monitor,0.01815091774303195,2.52,Low Risk
SEG-02583,"Shenzhen, China",Ward C,22.604524,114.012061,CAT-145,-3.0,SRTM_3arc,Roads,C,9.73,128.6,CurbInlet,ERA5,41.2,50,low_lying,0.07507716049382716,0.8240000000000001,Medium Risk
SEG-02584,"Jakarta, Indonesia",Sector 20,-6.090325,106.884313,CAT-029,1.69,SRTM_1arc,Commercial,C,7.16,100.7,GratedInlet,LocalGauge,57.9,5,low_lying,0.0704031465093412,11.58,Medium Risk
SEG-02585,"Lima, Peru",Borough Old Town,-11.985509,-77.206691,CAT-071,122.72,Copernicus_EEA-10_v5,Residential,C,6.75,224.8,OpenChannel,Blended,21.0,2,monitor,0.029893711248892823,10.5,Low Risk
SEG-02586,"Karachi, Pakistan",Sector 10,24.921004,67.019498,CAT-119,116.82,SRTM_3arc,Industrial,C,6.64,178.8,GratedInlet,ERA5,15.6,5,monitor,0.03692992213570634,3.12,Low Risk
SEG-02587,"Buenos Aires, Argentina",Ward A,-34.535689,-58.378269,CAT-039,66.46,Copernicus_EEA-10_v5,Residential,C,5.11,30.3,GratedInlet,ERA5,25.7,5,monitor,0.16325878594249202,5.14,Low Risk
SEG-02588,"Delhi, India",Sector 28,28.63469,77.200871,CAT-018,81.44,Copernicus_GLO-90_v2022,Roads,A,8.07,32.5,OpenChannel,ERA5,16.6,5,monitor,0.2408955223880597,3.3200000000000003,Low Risk
SEG-02589,"Rotterdam, Netherlands",Borough Hillside,51.958438,4.561532,CAT-008,10.99,Copernicus_EEA-10_v5,Roads,B,6.25,83.7,GratedInlet,LocalGauge,24.2,10,monitor,0.07378984651711924,2.42,Low Risk
SEG-02590,"Riyadh, Saudi Arabia",Zone VIII,24.684718,46.64258,CAT-037,25.130000000000003,Copernicus_GLO-30_v2023,Residential,B,2.27,91.69999999999999,OpenChannel,ERA5,12.3,2,sparse_drainage,0.024487594390507014,6.15,Medium Risk
SEG-02591,"Riyadh, Saudi Arabia",Zone IV,24.684982,46.696927,CAT-167,45.48,SRTM_1arc,Residential,C,4.82,387.8,OpenChannel,Blended,14.6,2,monitor,0.012397119341563786,7.3,Low Risk
SEG-02592,"Hong Kong, China",Sector 11,22.283314,114.260761,CAT-156,1.07,Copernicus_GLO-90_v2022,Roads,D,6.44,88.6,GratedInlet,Blended,37.7,5,ponding_hotspot|low_lying,0.07187500000000001,7.540000000000001,High Risk
SEG-02593,"Amsterdam, Netherlands",District 11,52.30647,4.899011,CAT-103,-3.0,Copernicus_GLO-30_v2023,Residential,B,7.82,15.2,CurbInlet,IMD,51.0,25,low_lying,0.48271604938271606,2.04,Medium Risk
SEG-02594,"Barcelona, Spain",Borough Delta,41.394521,2.16947,CAT-077,-3.0,SRTM_1arc,Roads,D,8.89,64.8,OpenChannel,ERA5,31.8,5,ponding_hotspot|low_lying|event_2024-01-02,0.1351063829787234,6.36,High Risk
SEG-02595,"Durban, South Africa",Ward I,-29.820669,30.857434,CAT-119,63.6,Copernicus_GLO-30_v2023,Residential,B,3.94,30.8,Manhole,LocalGauge,24.8,5,monitor,0.12389937106918239,4.96,Low Risk
SEG-02596,"London, UK",Sector 25,51.31296,0.021673,CAT-091,80.87,Copernicus_EEA-10_v5,Commercial,A,7.45,119.2,GratedInlet,ERA5,25.7,50,monitor,0.06198003327787022,0.514,Low Risk
SEG-02597,"Tehran, Iran",Ward A,35.693289,51.41302,CAT-131,197.13,Copernicus_EEA-10_v5,Institutional,C,4.69,160.9,Manhole,ERA5,45.4,50,monitor,0.028968499073502164,0.9079999999999999,Low Risk
SEG-02598,"Athens, Greece",Ward H,37.947578,23.700362,CAT-032,52.63,SRTM_1arc,Industrial,A,4.14,29.6,Manhole,ERA5,51.0,2,monitor,0.13529411764705881,25.5,Low Risk
SEG-02599,"Copenhagen, Denmark",Ward F,55.577564,12.617808,CAT-136,44.44,SRTM_1arc,Institutional,B,3.73,275.5,OpenChannel,ERA5,26.0,2,monitor,0.01349005424954792,13.0,Low Risk
SEG-02600,"Durban, South Africa",Sector 14,-29.883486,31.140795,CAT-021,20.7,SRTM_1arc,Commercial,C,10.75,35.5,GratedInlet,ERA5,21.0,2,monitor,0.2945205479452055,10.5,Low Risk
SEG-02601,"Buenos Aires, Argentina",District 23,-34.761502,-58.472057,CAT-139,31.44,SRTM_1arc,Green,C,4.92,50.7,Manhole,ERA5,20.6,10,monitor,0.09516441005802707,2.06,Low Risk
SEG-02602,"Amsterdam, Netherlands",Borough South,52.31245,4.942107,CAT-026,18.53,SRTM_1arc,Residential,B,6.25,16.4,Manhole,Blended,17.4,10,monitor,0.3591954022988506,1.7399999999999998,Low Risk
SEG-02603,"Amsterdam, Netherlands",Borough Central,52.394605,4.833581,CAT-056,3.42,SRTM_1arc,Roads,A,6.25,113.7,CurbInlet,IMD,32.5,5,low_lying,0.05448997384481255,6.5,Medium Risk
SEG-02604,"Brisbane, Australia",Zone VI,-27.347571,152.936834,CAT-147,30.64,SRTM_1arc,Water,C,6.25,291.4,CurbInlet,LocalGauge,72.7,25,monitor,0.02137482900136799,2.908,Low Risk
SEG-02605,"Auckland, New Zealand",Ward K,-36.917317,174.765326,CAT-128,11.49,Copernicus_GLO-30_v2023,Residential,B,6.25,12.2,CurbInlet,Blended,41.8,5,monitor,0.4734848484848485,8.36,Low Risk
SEG-02606,"Bogotá, Colombia",Ward C,4.625226,-74.163526,CAT-095,121.47,Copernicus_EEA-10_v5,Commercial,A,8.53,76.1,CurbInlet,Blended,49.5,5,monitor,0.1106355382619974,9.9,Low Risk
SEG-02607,"Mexico City, Mexico",Sector 20,19.367945,-99.056559,CAT-090,81.66,Copernicus_GLO-30_v2023,Institutional,B,4.59,372.4,CurbInlet,ERA5,26.9,10,monitor,0.012292447777182646,2.69,Low Risk
SEG-02608,"Durban, South Africa",Sector 19,-29.800973,31.009431,CAT-116,15.65,Copernicus_EEA-10_v5,Residential,D,7.47,34.2,Manhole,LocalGauge,42.0,50,monitor,0.21221590909090907,0.84,Low Risk
SEG-02609,"Bangkok, Thailand",District 5,13.727426,100.465606,CAT-123,15.9,Copernicus_GLO-30_v2023,Residential,B,4.24,71.6,GratedInlet,Blended,73.5,50,monitor,0.05840220385674932,1.47,Low Risk
SEG-02610,"San Francisco, USA",Ward E,37.835309,-122.274335,CAT-180,32.23,Copernicus_EEA-10_v5,Residential,B,3.78,152.6,CurbInlet,ERA5,42.2,5,monitor,0.024609375,8.440000000000001,Low Risk
SEG-02611,"Shenzhen, China",Ward E,22.540064,114.110958,CAT-112,13.4,SRTM_1arc,Green,B,6.23,233.5,GratedInlet,ERA5,78.4,50,monitor,0.02656716417910448,1.568,Low Risk
SEG-02612,"Lima, Peru",Borough Old Town,-12.118258,-76.909295,CAT-153,5.35,SRTM_1arc,Roads,A,10.9,379.7,OpenChannel,ERA5,25.5,10,low_lying,0.028631468347780405,2.55,Medium Risk
SEG-02613,"Dhaka, Bangladesh",Sector 4,23.735428,90.439376,CAT-104,72.68,SRTM_3arc,Green,B,6.25,342.1,OpenChannel,ERA5,102.5,50,extreme_rain_history,0.018216263480034973,2.05,High Risk
SEG-02614,"Delhi, India",Sector 6,28.449792,77.233059,CAT-035,-3.0,Copernicus_EEA-10_v5,Green,A,6.49,0.2,CurbInlet,ERA5,34.5,2,low_lying,5.408333333333334,17.25,Medium Risk
SEG-02615,"Paris, France",Ward C,48.891295,2.295446,CAT-099,39.82,SRTM_3arc,Roads,A,11.38,129.2,OpenChannel,ERA5,20.4,10,monitor,0.08740399385560678,2.04,Low Risk
SEG-02616,"Guangzhou, China",Sector 28,23.146377,113.298146,CAT-155,12.03,SRTM_3arc,Roads,C,5.21,0.7,GratedInlet,ERA5,50.3,2,monitor,3.0647058823529414,25.15,Low Risk
SEG-02617,"Istanbul, Türkiye",Borough Old Town,41.09198,28.858191,CAT-093,3.28,SRTM_3arc,Commercial,B,7.21,91.69999999999999,OpenChannel,ERA5,19.0,10,low_lying,0.07777777777777779,1.9,Medium Risk
SEG-02618,"Amsterdam, Netherlands",Sector 2,52.288419,4.855197,CAT-127,12.04,SRTM_1arc,Roads,B,9.42,190.2,CurbInlet,ERA5,22.3,5,monitor,0.04926778242677825,4.46,Low Risk
SEG-02619,"Shenzhen, China",District 10,22.412053,114.128927,CAT-150,8.77,Copernicus_GLO-30_v2023,Roads,B,11.13,113.2,Manhole,ERA5,128.9,50,extreme_rain_history|event_2024-12-25,0.09746059544658495,2.5780000000000003,High Risk
SEG-02620,"Singapore, Singapore",District 10,1.43764,103.676573,CAT-014,9.87,SRTM_1arc,Residential,B,8.91,46.0,CurbInlet,IMD,33.0,10,monitor,0.1895744680851064,3.3,Low Risk
SEG-02621,"Hamburg, Germany",Zone I,53.691831,9.908086,CAT-177,128.84,Copernicus_GLO-90_v2022,Water,C,4.12,91.69999999999999,OpenChannel,Blended,29.2,5,monitor,0.04444444444444445,5.84,Low Risk
SEG-02622,"Taipei, Taiwan",Zone IX,25.143248,121.514926,CAT-138,30.49,Copernicus_GLO-30_v2023,Roads,C,6.25,34.5,Manhole,ERA5,15.2,2,monitor,0.176056338028169,7.6,Low Risk
SEG-02623,"Shenzhen, China",Sector 24,22.511057,114.075417,CAT-159,5.92,SRTM_3arc,Industrial,B,8.38,84.6,OpenChannel,IMD,46.0,2,low_lying,0.09789719626168226,23.0,Medium Risk
SEG-02624,"Doha, Qatar",Ward A,25.295852,51.608392,CAT-009,101.37,SRTM_1arc,Residential,C,5.5,3.4,OpenChannel,ERA5,6.0,10,monitor,1.25,0.6,Low Risk
SEG-02625,"Rome, Italy",Sector 30,41.952932,12.430834,CAT-084,86.12,SRTM_1arc,Residential,A,6.25,36.0,CurbInlet,ERA5,23.1,10,monitor,0.16891891891891891,2.31,Low Risk
SEG-02626,"Buenos Aires, Argentina",District 20,-34.63483,-58.257342,CAT-047,13.87,Copernicus_GLO-30_v2023,Roads,C,6.03,61.8,Manhole,IMD,33.6,5,monitor,0.09601910828025478,6.720000000000001,Low Risk
SEG-02627,"Istanbul, Türkiye",Sector 21,41.014815,28.879246,CAT-154,100.96,SRTM_1arc,Commercial,A,6.16,45.6,Manhole,ERA5,68.9,10,monitor,0.13218884120171673,6.890000000000001,Low Risk
SEG-02628,"Bengaluru, India",District 26,12.821584,77.658558,CAT-138,26.42,Copernicus_EEA-10_v5,Residential,C,6.35,165.2,OpenChannel,Blended,43.2,25,monitor,0.038206979542719614,1.7280000000000002,Low Risk
SEG-02629,"Brisbane, Australia",Zone IV,-27.492507,152.960777,CAT-026,52.73,Copernicus_EEA-10_v5,Green,C,2.93,91.3,CurbInlet,ERA5,41.9,5,sparse_drainage|event_2023-01-26,0.03174431202600217,8.379999999999999,Medium Risk
SEG-02630,"Shanghai, China",District 30,31.235145,121.444393,CAT-089,12.0,Copernicus_GLO-30_v2023,Residential,C,8.32,91.69999999999999,CurbInlet,Blended,43.7,2,monitor,0.08975188781014025,21.85,Low Risk
SEG-02631,"Colombo, Sri Lanka",District 26,7.006232,79.899184,CAT-063,-2.21,Copernicus_GLO-30_v2023,Green,A,7.45,106.2,CurbInlet,ERA5,40.8,10,low_lying,0.06949626865671642,4.08,Medium Risk
SEG-02632,"Kolkata, India",Borough Delta,22.599995,88.379854,CAT-003,109.25,Copernicus_EEA-10_v5,Industrial,D,5.61,83.0,Manhole,ERA5,41.9,10,monitor,0.0667857142857143,4.1899999999999995,Low Risk
SEG-02633,"Rotterdam, Netherlands",Borough Riverside,51.88751,4.499353,CAT-033,25.130000000000003,SRTM_1arc,Industrial,C,5.75,91.69999999999999,GratedInlet,ERA5,25.1,5,monitor,0.06202804746494068,5.0200000000000005,Low Risk
SEG-02634,"Cape Town, South Africa",Borough Harbor,-33.857148,18.30334,CAT-052,144.86,Copernicus_EEA-10_v5,Institutional,B,6.06,275.5,GratedInlet,LocalGauge,32.9,2,monitor,0.021916817359855335,16.45,Low Risk
SEG-02635,"Washington DC, USA",Borough Old Town,38.957521,-77.085592,CAT-176,36.85,SRTM_3arc,Green,B,4.23,161.2,Manhole,ERA5,55.6,5,monitor,0.02607891491985204,11.120000000000001,Low Risk
SEG-02636,"Rome, Italy",Ward G,41.782952,12.41866,CAT-017,11.53,SRTM_3arc,Roads,A,4.71,96.6,Manhole,IMD,32.5,25,monitor,0.04825819672131148,1.3,Low Risk
SEG-02637,"Accra, Ghana",Borough Old Town,5.657619,-0.143676,CAT-056,18.12,Copernicus_GLO-90_v2022,Residential,C,6.56,41.0,CurbInlet,ERA5,45.3,5,monitor,0.15619047619047619,9.059999999999999,Low Risk
SEG-02638,"Cape Town, South Africa",Zone VII,-34.007348,18.471165,CAT-152,4.43,Copernicus_GLO-30_v2023,Commercial,C,7.74,105.2,OpenChannel,ERA5,31.3,10,low_lying,0.07288135593220339,3.13,Medium Risk
SEG-02639,"Shenzhen, China",District 3,22.583007,114.082181,CAT-153,18.3,SRTM_1arc,Residential,C,5.66,5.9,Manhole,Blended,89.5,10,extreme_rain_history,0.8202898550724638,8.95,High Risk
SEG-02640,"Chennai, India",Borough Old Town,13.070055,80.25717,CAT-055,25.130000000000003,SRTM_3arc,Roads,D,6.25,232.7,Manhole,ERA5,49.0,5,monitor,0.026743688489516474,9.8,Low Risk
SEG-02641,"Miami, USA",Borough Delta,25.86395,-80.226215,CAT-141,-2.17,Copernicus_GLO-30_v2023,Green,C,2.53,238.6,Manhole,Blended,47.3,25,ponding_hotspot|low_lying|sparse_drainage,0.010559265442404006,1.892,High Risk
SEG-02642,"Lagos, Nigeria",Borough Central,6.484093,3.40679,CAT-046,6.27,Copernicus_EEA-10_v5,Industrial,B,6.25,14.7,Manhole,ERA5,41.2,5,low_lying,0.3980891719745223,8.24,Medium Risk
SEG-02643,"Barcelona, Spain",District 26,41.304475,2.080163,CAT-113,3.06,SRTM_1arc,Residential,D,5.0,53.8,GratedInlet,Blended,13.1,2,low_lying|event_2022-10-14,0.09124087591240876,6.55,Medium Risk
SEG-02644,"Rotterdam, Netherlands",Sector 14,51.972476,4.515549,CAT-021,29.84,Copernicus_GLO-30_v2023,Roads,B,7.51,44.3,CurbInlet,ERA5,59.0,10,monitor,0.16578366445916115,5.9,Low Risk
SEG-02645,"Vancouver, Canada",Sector 27,49.344737,-123.154961,CAT-113,0.02,SRTM_1arc,Residential,C,5.05,6.7,CurbInlet,ERA5,20.6,2,low_lying,0.6558441558441558,10.3,Medium Risk
SEG-02646,"Montreal, Canada",Borough Central,45.516611,-73.511508,CAT-137,62.54,Copernicus_EEA-10_v5,Water,C,3.06,171.9,CurbInlet,ERA5,25.5,2,monitor,0.017698091382301908,12.75,Low Risk
SEG-02647,"Miami, USA",District 21,25.913739,-80.167059,CAT-121,29.98,SRTM_1arc,Residential,C,6.59,34.2,GratedInlet,Blended,42.2,2,monitor,0.18721590909090907,21.1,Low Risk
SEG-02648,"Mexico City, Mexico",District 28,19.460307,-99.055728,CAT-162,18.88,Copernicus_GLO-90_v2022,Roads,D,7.83,116.7,CurbInlet,ERA5,41.2,25,monitor,0.0665250637213254,1.6480000000000001,Low Risk
SEG-02649,"Bangkok, Thailand",Ward D,13.767741,100.511072,CAT-012,21.13,SRTM_3arc,Residential,D,5.84,483.5,CurbInlet,LocalGauge,39.0,5,monitor,0.012053663570691434,7.8,Low Risk
SEG-02650,"San Francisco, USA",Ward I,37.840868,-122.301488,CAT-002,108.91,SRTM_3arc,Commercial,D,6.78,143.4,OpenChannel,LocalGauge,38.3,10,monitor,0.04695290858725762,3.8299999999999996,Low Risk
SEG-02651,"Lagos, Nigeria",Zone IV,6.495519,3.420541,CAT-087,7.15,Copernicus_GLO-30_v2023,Residential,B,2.59,98.4,Manhole,ERA5,61.5,10,low_lying|sparse_drainage,0.02605633802816901,6.15,Medium Risk
SEG-02652,"Seoul, South Korea",Ward A,37.488973,126.980101,CAT-070,29.57,SRTM_1arc,Institutional,A,3.53,139.0,Manhole,LocalGauge,55.8,10,monitor,0.025214285714285713,5.58,Low Risk
SEG-02653,"Auckland, New Zealand",Sector 28,-36.999038,174.733442,CAT-041,53.89,Copernicus_GLO-30_v2023,Roads,C,4.47,20.8,GratedInlet,Blended,22.2,25,monitor,0.205045871559633,0.888,Low Risk
SEG-02654,"Colombo, Sri Lanka",Borough Hillside,7.025741,79.839333,CAT-136,10.38,Copernicus_GLO-30_v2023,Residential,C,6.49,290.5,OpenChannel,ERA5,56.1,10,monitor,0.022264150943396226,5.61,Low Risk
SEG-02655,"Amsterdam, Netherlands",Borough Riverside,52.425484,4.99957,CAT-059,7.07,Copernicus_GLO-30_v2023,Residential,B,6.98,27.9,CurbInlet,ERA5,44.7,25,low_lying,0.241522491349481,1.788,Medium Risk
SEG-02656,"Bangkok, Thailand",Sector 8,13.626737,100.457518,CAT-104,7.9,Copernicus_GLO-90_v2022,Commercial,C,9.79,364.2,OpenChannel,LocalGauge,79.9,25,low_lying,0.02680722891566265,3.196,Medium Risk
SEG-02657,"Bengaluru, India",Zone VI,13.055874,77.554444,CAT-173,49.62,SRTM_3arc,Residential,B,2.47,9.5,OpenChannel,IMD,34.8,2,sparse_drainage,0.23523809523809525,17.4,Medium Risk
SEG-02658,"Barcelona, Spain",Zone VI,41.364021,2.26098,CAT-044,26.4,SRTM_3arc,Roads,B,7.14,178.3,CurbInlet,Blended,22.3,2,monitor,0.039821528165086446,11.15,Low Risk
SEG-02659,"Hong Kong, China",Sector 12,22.26686,113.996481,CAT-038,6.91,SRTM_1arc,Institutional,B,2.36,226.4,Manhole,ERA5,87.6,100,extreme_rain_history|low_lying|sparse_drainage|event_2022-09-19,0.010378188214599824,0.8759999999999999,High Risk
SEG-02660,"Doha, Qatar",Borough Riverside,25.320744,51.465709,CAT-176,-3.0,Copernicus_GLO-30_v2023,Roads,B,6.13,177.6,OpenChannel,IMD,15.7,10,low_lying,0.034322508398656214,1.5699999999999998,Medium Risk
SEG-02661,"Pune, India",Sector 29,18.518178,73.881578,CAT-148,27.82,Copernicus_GLO-30_v2023,Roads,B,9.99,41.6,Manhole,ERA5,40.4,10,monitor,0.23450704225352112,4.04,Low Risk
SEG-02662,"Manila, Philippines",District 22,14.638254,120.953149,CAT-061,-3.0,SRTM_1arc,Roads,D,4.47,4.7,OpenChannel,Blended,73.9,25,ponding_hotspot|low_lying|event_2025-01-13,0.7842105263157894,2.9560000000000004,High Risk
SEG-02663,"Pune, India",Sector 19,18.647156,73.958068,CAT-047,-3.0,Copernicus_EEA-10_v5,Residential,A,8.59,83.1,GratedInlet,ERA5,20.8,5,low_lying,0.10214030915576695,4.16,Medium Risk
SEG-02664,"Auckland, New Zealand",Borough Central,-36.771473,174.810434,CAT-040,27.11,SRTM_1arc,Roads,D,4.58,37.7,CurbInlet,Blended,65.0,25,monitor,0.11834625322997415,2.6,Low Risk
SEG-02665,"Riyadh, Saudi Arabia",Sector 2,24.730213,46.653331,CAT-095,25.130000000000003,SRTM_3arc,Commercial,B,8.74,45.4,CurbInlet,IMD,20.8,2,monitor,0.18836206896551724,10.4,Low Risk
SEG-02666,"Philadelphia, USA",District 6,39.958243,-75.300662,CAT-152,25.130000000000003,SRTM_3arc,Water,B,1.71,141.6,CurbInlet,ERA5,94.4,2,extreme_rain_history|sparse_drainage,0.011991584852734924,47.2,High Risk
SEG-02667,"Montreal, Canada",Sector 26,45.489699,-73.612189,CAT-074,25.130000000000003,Copernicus_GLO-30_v2023,Roads,D,6.25,66.5,CurbInlet,ERA5,16.9,2,monitor,0.09259259259259259,8.45,Low Risk
SEG-02668,"Bengaluru, India",Borough Delta,12.993341,77.487358,CAT-019,34.1,Copernicus_GLO-30_v2023,Residential,C,4.94,244.8,OpenChannel,ERA5,26.0,10,monitor,0.020097640358014646,2.6,Low Risk
SEG-02669,"Cape Town, South Africa",Zone IV,-33.990174,18.403514,CAT-157,150.04,SRTM_1arc,Institutional,B,2.92,109.7,GratedInlet,ERA5,26.8,10,sparse_drainage,0.026377597109304426,2.68,Medium Risk
SEG-02670,"Kolkata, India",Ward E,22.507044,88.48174,CAT-042,71.61,SRTM_1arc,Green,C,5.12,39.5,OpenChannel,ERA5,41.3,2,monitor,0.12641975308641976,20.65,Low Risk
SEG-02671,"Jakarta, Indonesia",Ward K,-6.264756,106.763907,CAT-059,19.29,SRTM_3arc,Commercial,C,9.32,50.0,Manhole,LocalGauge,60.9,5,monitor,0.18274509803921568,12.18,Low Risk
SEG-02672,"Osaka, Japan",Zone II,34.799928,135.490743,CAT-038,-3.0,Copernicus_GLO-30_v2023,Commercial,B,9.9,171.8,CurbInlet,ERA5,35.6,2,low_lying,0.057291666666666664,17.8,Medium Risk
SEG-02673,"Osaka, Japan",Zone VI,34.649943,135.523736,CAT-121,77.44,Copernicus_GLO-30_v2023,Residential,B,6.23,110.2,GratedInlet,ERA5,41.7,10,monitor,0.05602517985611511,4.17,Low Risk
SEG-02674,"Ahmedabad, India",Borough South,23.111183,72.678808,CAT-033,36.77,Copernicus_GLO-30_v2023,Residential,C,3.49,162.7,CurbInlet,ERA5,86.6,25,extreme_rain_history,0.021319486866218696,3.464,High Risk
SEG-02675,"Doha, Qatar",Borough Old Town,25.299325,51.421001,CAT-016,30.23,Copernicus_GLO-30_v2023,Residential,D,7.45,156.9,OpenChannel,ERA5,15.5,5,monitor,0.04718176060797973,3.1,Low Risk
SEG-02676,"Durban, South Africa",Zone I,-29.91297,30.905271,CAT-039,27.63,Copernicus_EEA-10_v5,Water,D,2.61,211.4,GratedInlet,IMD,20.3,5,sparse_drainage,0.012288135593220338,4.0600000000000005,Medium Risk
SEG-02677,"Osaka, Japan",Sector 3,34.653574,135.499013,CAT-001,38.52,Copernicus_GLO-30_v2023,Residential,B,7.47,153.1,CurbInlet,ERA5,34.0,10,monitor,0.048475016223231665,3.4,Low Risk
SEG-02678,"London, UK",Ward C,51.456889,-0.048433,CAT-059,74.91,SRTM_3arc,Industrial,C,6.63,144.7,OpenChannel,ERA5,25.4,2,monitor,0.04550446122168841,12.7,Low Risk
SEG-02679,"Chennai, India",Zone VI,13.119467,80.17096,CAT-011,10.06,Copernicus_GLO-90_v2022,Residential,B,5.73,91.69999999999999,OpenChannel,ERA5,41.2,10,monitor,0.06181229773462785,4.12,Low Risk
SEG-02680,"Miami, USA",Sector 8,25.775503,-80.182001,CAT-167,-3.0,Copernicus_GLO-30_v2023,Green,D,3.85,132.2,GratedInlet,Blended,59.9,10,ponding_hotspot|low_lying,0.028903903903903908,5.99,High Risk
SEG-02681,"Brisbane, Australia",Ward A,-27.439677,153.04085,CAT-014,82.94,Copernicus_GLO-30_v2023,Residential,C,3.65,55.7,Manhole,ERA5,18.7,2,monitor,0.06437389770723104,9.35,Low Risk
SEG-02682,"Taipei, Taiwan",Sector 6,25.032768,121.597906,CAT-177,95.42,Copernicus_GLO-30_v2023,Commercial,A,8.45,68.4,Manhole,ERA5,85.8,10,extreme_rain_history,0.1217579250720461,8.58,High Risk
SEG-02683,"Mumbai, India",Zone I,19.022912,72.815062,CAT-025,-1.53,Copernicus_GLO-30_v2023,Green,D,5.33,111.7,GratedInlet,LocalGauge,92.7,25,ponding_hotspot|extreme_rain_history|low_lying|event_2022-06-10,0.04729370008873114,3.708,High Risk
SEG-02684,"Athens, Greece",Zone VII,38.135831,23.705049,CAT-002,42.23,Copernicus_GLO-30_v2023,Commercial,D,7.49,114.1,CurbInlet,ERA5,53.8,5,monitor,0.06507384882710687,10.76,Low Risk
SEG-02685,"Copenhagen, Denmark",Borough East,55.59184,12.492286,CAT-068,7.26,Copernicus_EEA-10_v5,Commercial,D,10.84,166.0,GratedInlet,ERA5,41.8,100,low_lying,0.06491017964071856,0.418,Medium Risk
SEG-02686,"Osaka, Japan",Zone V,34.816857,135.494918,CAT-151,33.37,SRTM_3arc,Residential,C,4.6,91.69999999999999,OpenChannel,ERA5,28.8,2,monitor,0.04962243797195254,14.4,Low Risk
SEG-02687,"Guangzhou, China",Sector 14,23.03044,113.258364,CAT-090,12.51,Copernicus_GLO-30_v2023,Commercial,C,4.32,82.7,CurbInlet,IMD,62.2,50,monitor,0.05161290322580645,1.244,Low Risk
SEG-02688,"Karachi, Pakistan",Zone X,24.818948,66.893397,CAT-040,33.37,SRTM_3arc,Roads,C,8.69,91.69999999999999,OpenChannel,ERA5,19.8,25,monitor,0.09374325782092773,0.792,Low Risk
SEG-02689,"Tokyo, Japan",Zone III,35.650066,139.653337,CAT-012,116.88,SRTM_1arc,Residential,B,5.43,0.9,CurbInlet,Blended,23.4,10,monitor,2.857894736842105,2.34,Low Risk
SEG-02690,"Buenos Aires, Argentina",District 23,-34.67211,-58.323738,CAT-163,-3.0,Copernicus_GLO-30_v2023,Informal,B,4.41,85.8,Manhole,ERA5,14.4,5,low_lying,0.05080645161290323,2.88,Medium Risk
SEG-02691,"Dhaka, Bangladesh",Zone VII,23.918204,90.541913,CAT-001,31.39,SRTM_1arc,Institutional,B,3.5,98.7,GratedInlet,ERA5,77.7,100,monitor,0.03510531594784353,0.777,Low Risk
SEG-02692,"Buenos Aires, Argentina",Borough East,-34.670257,-58.518195,CAT-092,51.13,Copernicus_GLO-30_v2023,Industrial,A,10.4,130.6,OpenChannel,LocalGauge,52.6,10,monitor,0.07902735562310031,5.26,Low Risk
SEG-02693,"Sydney, Australia",Borough West,-33.719456,151.278723,CAT-150,9.92,SRTM_3arc,Institutional,B,3.92,188.3,Manhole,Blended,30.7,10,monitor,0.020707871104067615,3.07,Low Risk
SEG-02694,"Rio de Janeiro, Brazil",Zone III,-22.863284,-43.226064,CAT-031,11.04,SRTM_1arc,Industrial,B,7.11,18.7,CurbInlet,Blended,45.4,25,monitor,0.36091370558375635,1.8159999999999998,Low Risk
SEG-02695,"Paris, France",Borough Harbor,48.852955,2.417307,CAT-131,118.26,Copernicus_EEA-10_v5,Institutional,C,6.19,256.7,Manhole,IMD,34.8,2,monitor,0.024020178502134268,17.4,Low Risk
SEG-02696,"Delhi, India",District 9,28.568189,77.292327,CAT-123,66.95,SRTM_1arc,Residential,B,6.01,100.0,Manhole,LocalGauge,21.9,10,monitor,0.0595049504950495,2.19,Low Risk
SEG-02697,"Mexico City, Mexico",Zone VI,19.394322,-99.158494,CAT-150,50.09,Copernicus_GLO-30_v2023,Green,D,4.25,211.1,Manhole,ERA5,54.9,25,monitor,0.020037718057520037,2.1959999999999997,Low Risk
SEG-02698,"Copenhagen, Denmark",Borough Central,55.725958,12.631151,CAT-043,78.6,Copernicus_GLO-30_v2023,Water,B,2.66,91.69999999999999,Manhole,ERA5,44.4,10,sparse_drainage,0.02869471413160734,4.4399999999999995,Medium Risk
SEG-02699,"Osaka, Japan",Borough Riverside,34.737155,135.482309,CAT-160,25.130000000000003,Copernicus_GLO-90_v2022,Commercial,C,5.55,113.0,CurbInlet,ERA5,16.8,50,monitor,0.04868421052631579,0.336,Low Risk
SEG-02700,"Kuala Lumpur, Malaysia",Ward C,2.999628,101.6485,CAT-055,31.37,SRTM_1arc,Commercial,D,6.18,91.69999999999999,CurbInlet,Blended,80.1,25,extreme_rain_history,0.06666666666666667,3.2039999999999997,High Risk
SEG-02701,"Copenhagen, Denmark",Ward B,55.613245,12.569616,CAT-099,45.39,Copernicus_GLO-30_v2023,Mixed,B,6.25,67.7,Manhole,IMD,10.3,2,monitor,0.09097525473071325,5.15,Low Risk
SEG-02702,"Tokyo, Japan",Ward F,35.720696,139.649669,CAT-177,63.68,SRTM_1arc,Roads,C,8.92,8.4,GratedInlet,ERA5,34.1,10,monitor,0.9489361702127659,3.41,Low Risk
SEG-02703,"Ho Chi Minh City, Vietnam",District 15,10.931769,106.519908,CAT-153,28.59,Copernicus_GLO-30_v2023,Residential,B,7.04,3.7,GratedInlet,ERA5,26.3,100,monitor,1.4978723404255319,0.263,Low Risk
SEG-02704,"Colombo, Sri Lanka",Zone IX,7.054557,79.830878,CAT-079,11.95,SRTM_3arc,Industrial,C,10.35,493.3,OpenChannel,IMD,39.0,5,monitor,0.02093870119360712,7.8,Low Risk
SEG-02705,"Buenos Aires, Argentina",Zone V,-34.626247,-58.399964,CAT-006,-3.0,SRTM_3arc,Residential,D,5.4,51.0,CurbInlet,Blended,24.4,10,ponding_hotspot|low_lying,0.10384615384615385,2.44,High Risk
SEG-02706,"Ahmedabad, India",Zone I,23.127854,72.576656,CAT-161,25.130000000000003,Copernicus_GLO-30_v2023,Green,C,6.84,299.1,CurbInlet,ERA5,21.4,100,monitor,0.022792402532489167,0.214,Low Risk
SEG-02707,"Durban, South Africa",Borough Delta,-29.924032,31.014291,CAT-145,57.71,Copernicus_GLO-30_v2023,Residential,B,2.62,90.2,Manhole,ERA5,15.9,2,sparse_drainage,0.028728070175438596,7.95,Medium Risk
SEG-02708,"Hamburg, Germany",Sector 28,53.592178,9.957154,CAT-022,38.11,SRTM_3arc,Green,C,1.57,297.9,Manhole,ERA5,26.1,5,sparse_drainage,0.005252592840414855,5.220000000000001,Medium Risk
SEG-02709,"Manila, Philippines",Zone VI,14.690519,120.901384,CAT-100,-3.0,Copernicus_GLO-90_v2022,Residential,D,4.63,106.8,CurbInlet,ERA5,59.4,5,ponding_hotspot|low_lying,0.042949907235621525,11.879999999999999,High Risk
SEG-02710,"Sydney, Australia",Sector 17,-33.806806,151.172858,CAT-061,26.38,Copernicus_GLO-30_v2023,Institutional,C,6.61,195.2,CurbInlet,ERA5,39.2,2,monitor,0.03369011213047911,19.6,Low Risk
SEG-02711,"Cape Town, South Africa",Zone II,-33.872106,18.3264,CAT-135,5.18,SRTM_3arc,Residential,C,2.84,42.2,CurbInlet,Blended,45.0,10,low_lying|sparse_drainage,0.06574074074074074,4.5,Medium Risk
SEG-02712,"Rio de Janeiro, Brazil",Ward D,-22.951122,-43.260847,CAT-035,11.34,SRTM_1arc,Mixed,B,6.11,96.3,CurbInlet,ERA5,55.9,10,monitor,0.06279547790339157,5.59,Low Risk
SEG-02713,"Bangkok, Thailand",Borough North,13.692472,100.572227,CAT-069,10.36,SRTM_3arc,Industrial,B,8.83,102.7,Manhole,LocalGauge,46.4,10,monitor,0.08514946962391513,4.64,Low Risk
SEG-02714,"Sydney, Australia",Zone IX,-33.827183,151.067937,CAT-157,12.7,Copernicus_GLO-30_v2023,Commercial,C,6.12,105.2,GratedInlet,LocalGauge,30.5,5,monitor,0.0576271186440678,6.1,Low Risk
SEG-02715,"Athens, Greece",Ward A,37.916644,23.724819,CAT-160,58.01,Copernicus_GLO-90_v2022,Commercial,B,8.31,159.3,GratedInlet,ERA5,57.1,10,monitor,0.051840299438552714,5.71,Low Risk
SEG-02716,"Ho Chi Minh City, Vietnam",Ward G,10.780936,106.629429,CAT-023,83.74,Copernicus_EEA-10_v5,Commercial,D,6.25,31.3,GratedInlet,Blended,27.8,25,monitor,0.19349845201238391,1.112,Low Risk
SEG-02717,"Sydney, Australia",Borough Harbor,-33.79575,151.198359,CAT-136,25.130000000000003,SRTM_1arc,Residential,A,3.9,23.3,Manhole,LocalGauge,31.9,2,monitor,0.16049382716049382,15.95,Low Risk
SEG-02718,"Accra, Ghana",Ward C,5.587829,-0.091954,CAT-084,-3.0,SRTM_1arc,Residential,B,7.81,155.9,OpenChannel,LocalGauge,52.5,5,low_lying,0.04977692797960484,10.5,Medium Risk
SEG-02719,"Montreal, Canada",District 15,45.494786,-73.601424,CAT-119,72.63,SRTM_1arc,Green,A,4.56,79.0,GratedInlet,ERA5,15.0,2,monitor,0.056999999999999995,7.5,Low Risk
SEG-02720,"Delhi, India",Zone IX,28.699424,77.108384,CAT-179,28.98,Copernicus_GLO-30_v2023,Informal,B,7.15,259.9,Manhole,ERA5,37.4,5,monitor,0.0274051360674588,7.4799999999999995,Low Risk
SEG-02721,"San Francisco, USA",Sector 4,37.745697,-122.382412,CAT-040,-3.0,Copernicus_GLO-30_v2023,Green,C,6.09,123.7,Manhole,ERA5,37.5,2,ponding_hotspot|low_lying,0.04883720930232558,18.75,High Risk
SEG-02722,"Hanoi, Vietnam",District 16,21.013838,105.787986,CAT-150,27.73,Copernicus_GLO-30_v2023,Roads,D,3.32,401.3,OpenChannel,LocalGauge,55.6,100,monitor,0.008252547849863285,0.556,Low Risk
SEG-02723,"Buenos Aires, Argentina",District 30,-34.640374,-58.35115,CAT-056,23.92,SRTM_1arc,Roads,A,8.33,1.3,OpenChannel,ERA5,27.8,10,monitor,3.621739130434783,2.7800000000000002,Low Risk
SEG-02724,"Houston, USA",Zone II,29.757997,-95.415891,CAT-174,57.09,SRTM_1arc,Green,C,7.96,193.4,Manhole,LocalGauge,26.9,2,monitor,0.04094650205761317,13.45,Low Risk
SEG-02725,"Lagos, Nigeria",Sector 13,6.52908,3.338762,CAT-029,4.45,Copernicus_GLO-30_v2023,Residential,D,5.13,378.8,CurbInlet,ERA5,38.0,2,low_lying,0.013507109004739335,19.0,Medium Risk
SEG-02726,"Sydney, Australia",District 14,-33.829791,151.249205,CAT-041,-3.0,Copernicus_GLO-30_v2023,Roads,B,6.3,85.6,GratedInlet,ERA5,73.6,10,ponding_hotspot|low_lying|event_2025-05-10,0.07274826789838337,7.359999999999999,High Risk
SEG-02727,"Amsterdam, Netherlands",Zone V,52.384417,5.016081,CAT-065,10.06,Copernicus_EEA-10_v5,Residential,B,4.99,26.5,CurbInlet,ERA5,28.0,2,monitor,0.18145454545454545,14.0,Low Risk
SEG-02728,"Cape Town, South Africa",Sector 9,-34.047768,18.470014,CAT-077,153.69,Copernicus_GLO-30_v2023,Green,C,2.29,115.0,OpenChannel,ERA5,23.7,2,sparse_drainage|event_2024-07-24,0.01974137931034483,11.85,Medium Risk
SEG-02729,"Washington DC, USA",District 7,38.848084,-77.006142,CAT-035,48.37,Copernicus_GLO-90_v2022,Industrial,A,3.33,106.1,CurbInlet,LocalGauge,34.7,100,monitor,0.03109243697478992,0.34700000000000003,Low Risk
SEG-02730,"Cape Town, South Africa",Borough West,-33.834706,18.386804,CAT-045,6.47,Copernicus_EEA-10_v5,Industrial,D,6.62,43.6,CurbInlet,IMD,46.9,10,low_lying,0.1484304932735426,4.6899999999999995,Medium Risk
SEG-02731,"Shenzhen, China",District 19,22.614555,114.119776,CAT-131,13.61,Copernicus_GLO-30_v2023,Roads,B,8.16,215.9,OpenChannel,Blended,78.8,50,monitor,0.037621023513139694,1.5759999999999998,Low Risk
SEG-02732,"Washington DC, USA",Ward D,38.813354,-77.080088,CAT-132,6.64,Copernicus_GLO-90_v2022,Roads,B,6.25,91.69999999999999,CurbInlet,ERA5,33.1,5,low_lying,0.06742179072276161,6.62,Medium Risk
SEG-02733,"Taipei, Taiwan",Ward G,25.070012,121.516686,CAT-010,74.22,SRTM_3arc,Residential,A,4.46,101.6,GratedInlet,ERA5,37.0,5,monitor,0.043469785575048735,7.4,Low Risk
SEG-02734,"Karachi, Pakistan",Sector 5,24.836508,66.943636,CAT-118,108.23,SRTM_3arc,Residential,B,3.71,23.2,GratedInlet,ERA5,73.3,50,monitor,0.15330578512396695,1.466,Low Risk
SEG-02735,"Buenos Aires, Argentina",Zone III,-34.672596,-58.445738,CAT-099,19.87,Copernicus_EEA-10_v5,Commercial,B,5.17,67.1,Manhole,IMD,22.3,5,monitor,0.07591776798825257,4.46,Low Risk
SEG-02736,"Kuala Lumpur, Malaysia",Zone IV,3.214714,101.674473,CAT-178,50.89,SRTM_1arc,Residential,B,4.85,40.4,CurbInlet,ERA5,94.2,25,extreme_rain_history,0.11714975845410627,3.7680000000000002,High Risk
SEG-02737,"Singapore, Singapore",Sector 5,1.36216,103.771226,CAT-144,12.29,SRTM_3arc,Water,B,2.45,157.0,Manhole,ERA5,67.1,50,sparse_drainage,0.015506329113924052,1.3419999999999999,Medium Risk
SEG-02738,"Houston, USA",Borough Old Town,29.701419,-95.26556,CAT-032,12.35,SRTM_1arc,Residential,D,6.39,100.9,CurbInlet,ERA5,64.1,100,monitor,0.06270853778213935,0.6409999999999999,Low Risk
SEG-02739,"Singapore, Singapore",Zone III,1.431328,103.866152,CAT-006,7.53,Copernicus_GLO-30_v2023,Green,B,3.65,352.3,Manhole,ERA5,50.4,2,low_lying,0.010331163317294084,25.2,Medium Risk
SEG-02740,"Sydney, Australia",Zone I,-33.850269,151.201521,CAT-089,-1.61,SRTM_1arc,Residential,C,3.09,84.9,CurbInlet,ERA5,25.2,2,ponding_hotspot|low_lying,0.035972060535506396,12.6,High Risk
SEG-02741,"Mexico City, Mexico",Sector 8,19.404352,-99.113316,CAT-141,25.130000000000003,Copernicus_GLO-30_v2023,Commercial,A,4.81,330.8,OpenChannel,Blended,28.8,5,monitor,0.014496684749849305,5.76,Low Risk
SEG-02742,"Rome, Italy",District 24,41.944682,12.62506,CAT-067,94.76,Copernicus_GLO-30_v2023,Institutional,C,6.98,141.8,OpenChannel,ERA5,67.6,2,monitor,0.04887955182072829,33.8,Low Risk
SEG-02743,"New Orleans, USA",Ward B,29.891411,-90.052957,CAT-115,5.99,Copernicus_GLO-90_v2022,Roads,B,8.9,125.2,Manhole,Blended,49.0,2,low_lying,0.07052297939778131,24.5,Medium Risk
SEG-02744,"Accra, Ghana",Zone I,5.546579,-0.124282,CAT-049,-0.98,SRTM_3arc,Residential,B,4.33,66.7,CurbInlet,ERA5,39.2,50,low_lying,0.06395864106351551,0.784,Medium Risk
SEG-02745,"Shanghai, China",Sector 21,31.21804,121.568636,CAT-101,18.03,Copernicus_GLO-90_v2022,Residential,D,5.64,0.8,CurbInlet,IMD,37.2,5,monitor,3.133333333333333,7.44,Low Risk
SEG-02746,"Seoul, South Korea",Zone I,37.778385,127.016769,CAT-179,25.130000000000003,SRTM_3arc,Commercial,C,5.84,640.1,CurbInlet,IMD,29.5,25,monitor,0.009109343316175323,1.18,Low Risk
SEG-02747,"Miami, USA",Zone II,25.843906,-80.29028,CAT-100,6.6,Copernicus_GLO-30_v2023,Commercial,C,7.62,91.69999999999999,OpenChannel,ERA5,114.4,10,ponding_hotspot|extreme_rain_history|low_lying|event_2025-04-08,0.08220064724919095,11.440000000000001,High Risk
SEG-02748,"Karachi, Pakistan",Zone I,24.827549,67.086008,CAT-010,54.89,Copernicus_GLO-30_v2023,Residential,C,5.84,6.2,OpenChannel,ERA5,51.1,5,monitor,0.8111111111111111,10.22,Low Risk
SEG-02749,"Shanghai, China",Borough East,31.275649,121.540097,CAT-161,0.27,Copernicus_GLO-30_v2023,Residential,C,6.25,146.3,OpenChannel,Blended,30.6,100,low_lying|event_2023-01-15,0.042430414120841815,0.306,Medium Risk
SEG-02750,"Chennai, India",Borough Harbor,13.155329,80.300037,CAT-045,3.09,Copernicus_GLO-30_v2023,Green,B,3.28,95.3,CurbInlet,IMD,73.1,2,ponding_hotspot|low_lying,0.03406022845275181,36.55,High Risk
SEG-02751,"Accra, Ghana",Borough Old Town,5.703659,-0.240675,CAT-059,8.44,SRTM_1arc,Roads,B,10.43,410.8,OpenChannel,ERA5,50.5,2,monitor,0.025327829043224864,25.25,Low Risk
SEG-02752,"Vancouver, Canada",Zone II,49.265706,-123.162702,CAT-050,-3.0,SRTM_3arc,Commercial,C,8.91,57.6,CurbInlet,Blended,45.0,2,ponding_hotspot|low_lying,0.15204778156996587,22.5,High Risk
SEG-02753,"Hamburg, Germany",District 21,53.720825,10.0605,CAT-011,61.6,SRTM_3arc,Industrial,B,7.22,91.69999999999999,CurbInlet,IMD,21.6,5,monitor,0.0778856526429342,4.32,Low Risk
SEG-02754,"Doha, Qatar",Ward I,25.226724,51.514155,CAT-139,17.4,SRTM_1arc,Industrial,D,8.07,121.9,Manhole,Blended,27.1,25,monitor,0.06566314076484947,1.084,Low Risk
SEG-02755,"Manila, Philippines",Sector 3,14.594251,120.884438,CAT-034,2.62,SRTM_1arc,Residential,B,5.37,231.9,GratedInlet,Blended,82.5,10,extreme_rain_history|low_lying,0.02305710605410047,8.25,High Risk
SEG-02756,"Brisbane, Australia",Ward B,-27.407839,153.070136,CAT-070,44.14,Copernicus_GLO-30_v2023,Commercial,C,8.47,23.9,CurbInlet,ERA5,39.0,2,monitor,0.34016064257028117,19.5,Low Risk
SEG-02757,"Brisbane, Australia",Borough Old Town,-27.443145,153.096118,CAT-173,88.08,Copernicus_EEA-10_v5,Roads,A,6.86,83.1,CurbInlet,IMD,27.1,2,monitor,0.08156956004756244,13.55,Low Risk
SEG-02758,"Jakarta, Indonesia",Zone VII,-6.213531,106.79718,CAT-039,6.55,Copernicus_GLO-30_v2023,Roads,A,9.09,260.5,CurbInlet,ERA5,49.0,2,low_lying,0.03476099426386233,24.5,Medium Risk
SEG-02759,"Ho Chi Minh City, Vietnam",Sector 29,10.845321,106.506172,CAT-128,-3.0,SRTM_1arc,Residential,B,4.82,66.8,Manhole,IMD,62.6,5,ponding_hotspot|low_lying,0.07109144542772862,12.52,High Risk
SEG-02760,"Mumbai, India",District 28,19.15739,72.8669,CAT-008,5.53,SRTM_1arc,Residential,A,5.73,56.0,OpenChannel,ERA5,122.4,50,ponding_hotspot|extreme_rain_history|low_lying|event_2024-12-20,0.10052631578947369,2.448,High Risk
SEG-02761,"New Orleans, USA",Ward C,29.994064,-89.925057,CAT-135,7.02,SRTM_1arc,Residential,D,6.25,13.2,CurbInlet,ERA5,44.7,5,low_lying,0.44014084507042256,8.940000000000001,Medium Risk
SEG-02762,"Lima, Peru",District 22,-12.053974,-77.036816,CAT-115,64.29,Copernicus_GLO-30_v2023,Industrial,D,6.03,131.9,Manhole,ERA5,24.5,5,monitor,0.045372460496613996,4.9,Low Risk
SEG-02763,"San Francisco, USA",Sector 15,37.755462,-122.538357,CAT-144,74.63,Copernicus_GLO-30_v2023,Roads,C,8.28,91.69999999999999,CurbInlet,ERA5,78.8,50,monitor,0.08932038834951457,1.5759999999999998,Low Risk
SEG-02764,"Tehran, Iran",Sector 10,35.63636,51.409971,CAT-051,46.88,Copernicus_GLO-90_v2022,Commercial,A,5.67,147.5,CurbInlet,Blended,17.1,5,monitor,0.03818181818181818,3.4200000000000004,Low Risk
SEG-02765,"Tehran, Iran",Ward H,35.726909,51.400112,CAT-135,54.87,Copernicus_GLO-30_v2023,Commercial,B,9.88,98.4,Manhole,ERA5,50.3,5,monitor,0.09939637826961771,10.059999999999999,Low Risk
SEG-02766,"Bengaluru, India",Ward E,12.950089,77.616299,CAT-178,17.13,Copernicus_EEA-10_v5,Green,B,3.19,91.69999999999999,Manhole,IMD,15.8,2,monitor,0.03441208198489752,7.9,Low Risk
SEG-02767,"Sao Paulo, Brazil",District 21,-23.547826,-46.675882,CAT-080,32.9,Copernicus_GLO-30_v2023,Roads,A,8.5,75.6,Manhole,ERA5,61.6,5,monitor,0.11096605744125328,12.32,Low Risk
SEG-02768,"Bogotá, Colombia",Zone III,4.701989,-74.117255,CAT-054,135.92,Copernicus_GLO-30_v2023,Roads,C,3.65,17.8,GratedInlet,LocalGauge,40.1,50,monitor,0.19414893617021275,0.802,Low Risk
SEG-02769,"Delhi, India",Ward I,28.646746,77.233784,CAT-070,85.92,Copernicus_GLO-30_v2023,Residential,B,6.73,3.6,CurbInlet,Blended,32.7,25,monitor,1.4630434782608697,1.308,Low Risk
SEG-02770,"Hamburg, Germany",District 1,53.550435,9.920243,CAT-021,80.73,SRTM_3arc,Green,C,6.27,43.4,CurbInlet,Blended,24.0,2,monitor,0.14121621621621622,12.0,Low Risk
SEG-02771,"Vancouver, Canada",Borough Hillside,49.270085,-123.145004,CAT-112,27.03,Copernicus_GLO-90_v2022,Residential,A,5.23,259.1,OpenChannel,ERA5,33.9,10,monitor,0.020107650903498656,3.3899999999999997,Low Risk
SEG-02772,"Paris, France",Zone I,48.851636,2.263565,CAT-021,68.84,Copernicus_GLO-30_v2023,Residential,C,5.94,83.0,CurbInlet,ERA5,41.8,10,monitor,0.07071428571428572,4.18,Low Risk
SEG-02773,"Osaka, Japan",Borough Delta,34.779272,135.462668,CAT-010,111.75,SRTM_1arc,Industrial,B,4.47,352.8,OpenChannel,IMD,14.8,10,monitor,0.012634256642170718,1.48,Low Risk
SEG-02774,"Athens, Greece",District 14,37.978103,23.822463,CAT-143,96.37,SRTM_3arc,Residential,B,6.25,91.69999999999999,GratedInlet,Blended,33.8,5,monitor,0.06742179072276161,6.76,Low Risk
SEG-02775,"Montreal, Canada",Borough Old Town,45.490815,-73.63797,CAT-091,45.77,Copernicus_GLO-90_v2022,Commercial,B,6.25,80.3,CurbInlet,Blended,22.5,25,monitor,0.07687576875768758,0.9,Low Risk
SEG-02776,"Singapore, Singapore",Ward D,1.176167,103.803514,CAT-007,11.1,Copernicus_GLO-30_v2023,Residential,B,6.34,64.9,CurbInlet,IMD,95.7,5,extreme_rain_history,0.09620637329286798,19.14,High Risk
SEG-02777,"Delhi, India",District 4,28.609078,77.184699,CAT-150,73.97,Copernicus_GLO-30_v2023,Residential,D,6.25,87.6,CurbInlet,IMD,25.2,5,monitor,0.07054176072234764,5.04,Low Risk
SEG-02778,"Montreal, Canada",Ward D,45.507582,-73.503243,CAT-088,-0.01,Copernicus_GLO-30_v2023,Roads,B,5.28,33.9,CurbInlet,ERA5,58.8,10,ponding_hotspot|low_lying,0.15128939828080232,5.88,High Risk
SEG-02779,"Manila, Philippines",Borough North,14.483235,120.886102,CAT-178,12.69,Copernicus_GLO-90_v2022,Green,B,1.39,65.2,Manhole,IMD,53.3,10,sparse_drainage|event_2024-03-18,0.020996978851963746,5.33,Medium Risk
SEG-02780,"Durban, South Africa",Sector 4,-29.876827,31.100775,CAT-026,56.29,SRTM_1arc,Institutional,B,7.41,153.8,CurbInlet,LocalGauge,34.8,10,monitor,0.047868217054263563,3.4799999999999995,Low Risk
SEG-02781,"Mumbai, India",Ward H,19.076808,72.903393,CAT-063,19.91,SRTM_1arc,Residential,B,4.49,11.1,Manhole,Blended,75.3,25,monitor,0.37107438016528926,3.012,Low Risk
SEG-02782,"Bengaluru, India",Sector 7,13.073132,77.645517,CAT-139,18.52,Copernicus_GLO-30_v2023,Residential,C,5.63,91.69999999999999,CurbInlet,ERA5,24.2,50,monitor,0.06073354908306365,0.484,Low Risk
SEG-02783,"Dhaka, Bangladesh",Ward B,23.728247,90.423786,CAT-095,0.03,Copernicus_GLO-30_v2023,Industrial,A,4.98,21.4,GratedInlet,Blended,74.4,25,low_lying,0.22232142857142861,2.9760000000000004,Medium Risk
SEG-02784,"Ho Chi Minh City, Vietnam",District 30,10.820995,106.595871,CAT-033,45.52,SRTM_3arc,Residential,B,2.86,286.2,OpenChannel,Blended,34.7,5,sparse_drainage,0.009958217270194986,6.94,Medium Risk
SEG-02785,"Istanbul, Türkiye",Borough Old Town,41.052661,29.016774,CAT-122,32.1,SRTM_3arc,Residential,C,7.64,42.4,Manhole,Blended,30.4,10,monitor,0.17603686635944701,3.04,Low Risk
SEG-02786,"Cape Town, South Africa",Zone VII,-33.893375,18.367801,CAT-162,19.74,SRTM_1arc,Residential,B,5.4,68.7,GratedInlet,ERA5,24.1,10,monitor,0.07747489239598279,2.41,Low Risk
SEG-02787,"Seoul, South Korea",Zone II,37.484222,126.90918,CAT-048,1.98,Copernicus_GLO-90_v2022,Commercial,C,8.64,152.5,CurbInlet,Blended,26.3,10,low_lying,0.056286644951140066,2.63,Medium Risk
SEG-02788,"Dubai, UAE",Ward I,25.143843,55.218311,CAT-022,86.96,Copernicus_GLO-30_v2023,Residential,A,6.0,18.8,GratedInlet,ERA5,10.8,2,monitor,0.30303030303030304,5.4,Low Risk
SEG-02789,"Seoul, South Korea",Ward C,37.486727,127.119178,CAT-152,36.75,Copernicus_EEA-10_v5,Roads,A,4.68,105.3,CurbInlet,ERA5,39.5,5,monitor,0.044026340545625584,7.9,Low Risk
SEG-02790,"Singapore, Singapore",Sector 3,1.441409,103.78833,CAT-092,-0.94,SRTM_1arc,Roads,C,3.65,9.4,OpenChannel,Blended,73.0,5,ponding_hotspot|low_lying,0.35096153846153844,14.6,High Risk
SEG-02791,"Hyderabad, India",Ward A,17.410482,78.465957,CAT-131,70.47,SRTM_1arc,Green,C,4.79,225.3,Manhole,ERA5,20.2,2,monitor,0.021166593018117543,10.1,Low Risk
SEG-02792,"Paris, France",Sector 10,48.915213,2.366951,CAT-112,25.91,SRTM_3arc,Residential,B,4.76,178.0,OpenChannel,ERA5,15.0,10,monitor,0.02659217877094972,1.5,Low Risk
SEG-02793,"Hong Kong, China",Zone V,22.389554,114.209162,CAT-159,10.78,Copernicus_GLO-30_v2023,Institutional,C,6.69,110.6,Manhole,ERA5,53.9,25,monitor,0.05994623655913979,2.156,Low Risk
SEG-02794,"New York, USA",Zone IV,40.768175,-74.000628,CAT-054,37.41,SRTM_1arc,Industrial,B,8.91,26.5,GratedInlet,LocalGauge,36.7,50,monitor,0.324,0.7340000000000001,Low Risk
SEG-02795,"New York, USA",Sector 10,40.662185,-74.056807,CAT-022,21.09,Copernicus_EEA-10_v5,Roads,B,6.97,2.0,CurbInlet,IMD,22.2,50,monitor,2.3233333333333333,0.444,Low Risk
SEG-02796,"Dubai, UAE",Zone II,25.306849,55.297296,CAT-051,65.46,SRTM_1arc,Commercial,B,8.57,231.1,OpenChannel,ERA5,14.9,2,monitor,0.036923739767341666,7.45,Low Risk
SEG-02797,"Seoul, South Korea",Ward I,37.560969,127.063213,CAT-116,96.07,Copernicus_GLO-30_v2023,Institutional,C,5.7,41.4,CurbInlet,ERA5,43.3,10,monitor,0.13443396226415094,4.33,Low Risk
SEG-02798,"Tehran, Iran",Sector 7,35.759233,51.441429,CAT-030,1.86,SRTM_1arc,Green,B,6.25,195.2,OpenChannel,ERA5,23.7,2,low_lying,0.03185524974515801,11.85,Medium Risk
SEG-02799,"Riyadh, Saudi Arabia",District 1,24.662296,46.544268,CAT-095,93.23,SRTM_3arc,Institutional,D,4.83,51.5,CurbInlet,IMD,14.6,2,monitor,0.092,7.3,Low Risk
SEG-02800,"Cape Town, South Africa",Borough Old Town,-33.922298,18.527665,CAT-164,116.15,Copernicus_GLO-30_v2023,Residential,B,7.03,45.8,GratedInlet,LocalGauge,43.1,5,monitor,0.15021367521367524,8.620000000000001,Low Risk
SEG-02801,"Miami, USA",Sector 27,25.754888,-80.144672,CAT-148,11.33,Copernicus_EEA-10_v5,Commercial,C,6.71,32.3,Manhole,LocalGauge,54.6,10,monitor,0.2015015015015015,5.46,Low Risk
SEG-02802,"Miami, USA",District 20,25.78618,-80.088194,CAT-088,10.69,Copernicus_GLO-30_v2023,Roads,D,8.7,86.2,GratedInlet,Blended,77.7,100,monitor,0.09977064220183485,0.777,Low Risk
SEG-02803,"Rotterdam, Netherlands",Zone IX,51.928137,4.484874,CAT-076,12.53,Copernicus_EEA-10_v5,Mixed,B,6.32,335.4,OpenChannel,LocalGauge,21.8,2,monitor,0.0187871581450654,10.9,Low Risk
SEG-02804,"Seoul, South Korea",Zone I,37.526164,126.977116,CAT-050,18.63,Copernicus_GLO-30_v2023,Commercial,B,8.07,19.4,Manhole,ERA5,53.5,2,monitor,0.3955882352941177,26.75,Low Risk
SEG-02805,"Chennai, India",District 29,13.034016,80.229686,CAT-008,15.46,Copernicus_EEA-10_v5,Commercial,A,6.25,40.0,GratedInlet,ERA5,44.9,50,monitor,0.1524390243902439,0.898,Low Risk
SEG-02806,"Ho Chi Minh City, Vietnam",District 15,10.762099,106.597214,CAT-028,43.73,Copernicus_GLO-30_v2023,Residential,C,7.01,100.4,CurbInlet,ERA5,54.3,2,monitor,0.06913214990138067,27.15,Low Risk
SEG-02807,"Washington DC, USA",Borough Harbor,38.863164,-76.867894,CAT-143,66.66,Copernicus_EEA-10_v5,Residential,C,6.53,28.8,GratedInlet,ERA5,11.4,50,monitor,0.2191275167785235,0.228,Low Risk
SEG-02808,"Philadelphia, USA",Zone VI,39.930562,-75.065204,CAT-106,13.7,Copernicus_GLO-30_v2023,Green,D,3.56,91.69999999999999,CurbInlet,ERA5,32.7,50,monitor,0.03840345199568501,0.654,Low Risk
SEG-02809,"Kolkata, India",Zone V,22.629714,88.357913,CAT-046,25.130000000000003,Copernicus_GLO-30_v2023,Residential,D,3.87,26.5,Manhole,LocalGauge,57.4,50,monitor,0.14072727272727273,1.148,Low Risk
SEG-02810,"Paris, France",District 18,48.976621,2.280111,CAT-160,53.37,SRTM_3arc,Water,D,2.23,279.4,Manhole,ERA5,53.9,25,sparse_drainage|event_2023-02-08,0.007952924393723254,2.156,Medium Risk
SEG-02811,"Hong Kong, China",Ward F,22.501791,114.315287,CAT-031,8.87,SRTM_1arc,Commercial,C,8.25,179.9,GratedInlet,ERA5,63.5,25,monitor,0.04560530679933665,2.54,Low Risk
SEG-02812,"Durban, South Africa",Zone IV,-29.854879,31.077289,CAT-109,89.14,Copernicus_GLO-30_v2023,Commercial,D,6.56,108.7,CurbInlet,LocalGauge,24.2,2,monitor,0.05979945305378304,12.1,Low Risk
SEG-02813,"Riyadh, Saudi Arabia",Ward I,24.721389,46.653552,CAT-020,26.13,Copernicus_GLO-30_v2023,Residential,B,5.04,30.6,GratedInlet,IMD,51.0,100,monitor,0.15949367088607594,0.51,Low Risk
SEG-02814,"Kolkata, India",Ward B,22.532568,88.353014,CAT-032,-3.0,SRTM_1arc,Roads,D,4.33,46.9,Manhole,ERA5,15.0,2,ponding_hotspot|low_lying|event_2023-03-17,0.09039665970772442,7.5,High Risk
SEG-02815,"Singapore, Singapore",Sector 1,1.42136,103.799418,CAT-052,8.11,SRTM_3arc,Commercial,B,9.07,84.4,GratedInlet,LocalGauge,75.1,25,monitor,0.10620608899297423,3.0039999999999996,Low Risk
SEG-02816,"Paris, France",District 2,48.748143,2.409918,CAT-154,65.58,Copernicus_EEA-10_v5,Industrial,D,8.79,113.5,Manhole,Blended,32.6,5,monitor,0.07676855895196506,6.5200000000000005,Low Risk
SEG-02817,"Shanghai, China",Borough West,31.226053,121.538879,CAT-029,1.84,Copernicus_GLO-90_v2022,Industrial,D,6.91,97.8,Manhole,Blended,36.8,2,ponding_hotspot|low_lying,0.06993927125506073,18.4,High Risk
SEG-02818,"Sydney, Australia",Ward A,-33.972494,151.193279,CAT-165,21.38,SRTM_3arc,Informal,B,6.43,75.8,Manhole,Blended,24.4,100,monitor,0.08372395833333333,0.244,Low Risk
SEG-02819,"Vancouver, Canada",Borough Harbor,49.316981,-123.137074,CAT-080,-0.93,Copernicus_GLO-30_v2023,Residential,D,7.33,55.1,GratedInlet,ERA5,49.7,50,ponding_hotspot|low_lying,0.13065953654188947,0.9940000000000001,High Risk
SEG-02820,"Bangkok, Thailand",Borough Central,13.802464,100.668429,CAT-161,17.52,SRTM_1arc,Roads,C,5.91,58.8,CurbInlet,LocalGauge,81.3,50,extreme_rain_history,0.0988294314381271,1.626,High Risk
SEG-02821,"Hyderabad, India",Zone I,17.577729,78.431846,CAT-013,68.9,Copernicus_GLO-30_v2023,Green,B,6.12,311.6,CurbInlet,ERA5,33.8,2,monitor,0.019577735124760076,16.9,Low Risk
SEG-02822,"Kolkata, India",Borough Riverside,22.680852,88.393461,CAT-076,87.43,SRTM_1arc,Residential,B,8.18,43.2,GratedInlet,ERA5,55.2,25,monitor,0.1850678733031674,2.208,Low Risk
SEG-02823,"Sao Paulo, Brazil",Ward A,-23.561817,-46.664354,CAT-178,81.94,SRTM_1arc,Commercial,B,4.74,20.2,GratedInlet,ERA5,88.0,50,extreme_rain_history,0.22358490566037736,1.76,High Risk
SEG-02824,"Hong Kong, China",Ward G,22.237279,114.156947,CAT-101,3.85,SRTM_1arc,Residential,A,6.8,77.7,Manhole,ERA5,39.3,25,low_lying,0.08640406607369758,1.5719999999999998,Medium Risk
SEG-02825,"Kolkata, India",District 3,22.4996,88.359547,CAT-172,66.16,Copernicus_GLO-90_v2022,Commercial,B,6.95,48.2,GratedInlet,ERA5,27.1,5,monitor,0.14126016260162602,5.42,Low Risk
SEG-02826,"Bogotá, Colombia",Borough Old Town,4.60435,-74.02567,CAT-025,212.73,Copernicus_GLO-30_v2023,Residential,A,4.24,158.8,CurbInlet,Blended,30.1,5,monitor,0.02653316645807259,6.0200000000000005,Low Risk
SEG-02827,"Kuala Lumpur, Malaysia",Zone X,3.141961,101.814395,CAT-023,71.52,Copernicus_GLO-30_v2023,Residential,C,6.97,15.8,Manhole,IMD,73.9,10,monitor,0.41488095238095235,7.390000000000001,Low Risk
SEG-02828,"Seoul, South Korea",Borough South,37.509635,127.173719,CAT-084,70.57,Copernicus_GLO-30_v2023,Commercial,C,9.64,128.0,Manhole,Blended,47.8,10,monitor,0.07472868217054264,4.779999999999999,Low Risk
SEG-02829,"Dubai, UAE",Ward H,25.189682,55.328704,CAT-017,63.69,SRTM_3arc,Industrial,B,6.66,108.9,OpenChannel,IMD,19.0,10,monitor,0.06060054595086442,1.9,Low Risk
SEG-02830,"Tehran, Iran",Borough Delta,35.652886,51.252686,CAT-097,91.54,Copernicus_GLO-30_v2023,Commercial,C,8.04,194.5,OpenChannel,Blended,17.1,25,monitor,0.041125319693094624,0.684,Low Risk
SEG-02831,"Philadelphia, USA",Zone VI,39.858013,-75.118309,CAT-099,25.130000000000003,Copernicus_EEA-10_v5,Green,A,5.02,175.3,OpenChannel,IMD,27.5,5,monitor,0.02847419171866137,5.5,Low Risk
SEG-02832,"Dhaka, Bangladesh",Borough Harbor,23.83145,90.425708,CAT-037,45.63,SRTM_1arc,Green,C,1.8,166.7,CurbInlet,IMD,57.4,10,sparse_drainage,0.010733452593917711,5.74,Medium Risk
SEG-02833,"Singapore, Singapore",Borough Riverside,1.370251,103.761762,CAT-076,7.79,Copernicus_GLO-90_v2022,Green,B,6.81,379.3,Manhole,ERA5,36.5,5,low_lying,0.01790691559295293,7.3,Medium Risk
SEG-02834,"Montreal, Canada",Sector 22,45.425643,-73.518123,CAT-126,75.87,SRTM_3arc,Roads,D,8.01,50.6,GratedInlet,IMD,28.8,2,monitor,0.15523255813953488,14.4,Low Risk
SEG-02835,"Rio de Janeiro, Brazil",Sector 30,-22.948421,-43.130225,CAT-101,14.34,SRTM_1arc,Residential,B,8.39,41.0,Manhole,LocalGauge,122.9,50,extreme_rain_history,0.19976190476190478,2.458,High Risk
SEG-02836,"Dhaka, Bangladesh",Zone VIII,23.77433,90.463371,CAT-074,78.53,Copernicus_GLO-30_v2023,Roads,B,10.19,88.2,Manhole,ERA5,150.0,25,extreme_rain_history,0.11423766816143496,6.0,High Risk
SEG-02837,"Athens, Greece",District 15,37.944089,23.626826,CAT-091,61.86,SRTM_1arc,Roads,C,9.31,91.69999999999999,Manhole,IMD,25.1,2,monitor,0.1004314994606257,12.55,Low Risk
SEG-02838,"New York, USA",Borough West,40.716122,-73.895498,CAT-034,39.88,SRTM_1arc,Roads,D,7.52,140.0,OpenChannel,LocalGauge,23.1,2,monitor,0.05333333333333333,11.55,Low Risk
SEG-02839,"Riyadh, Saudi Arabia",Zone IV,24.73283,46.769581,CAT-006,37.0,Copernicus_GLO-30_v2023,Roads,A,6.25,182.2,OpenChannel,ERA5,22.1,50,monitor,0.03411572052401747,0.442,Low Risk
SEG-02840,"Ahmedabad, India",Ward B,23.077306,72.546733,CAT-117,25.130000000000003,Copernicus_EEA-10_v5,Commercial,A,5.92,68.3,CurbInlet,Blended,31.8,5,monitor,0.08542568542568543,6.36,Low Risk
SEG-02841,"Osaka, Japan",Zone VII,34.808254,135.399325,CAT-089,75.0,Copernicus_GLO-30_v2023,Green,A,3.84,91.69999999999999,Manhole,Blended,17.2,5,monitor,0.041423948220064725,3.44,Low Risk
SEG-02842,"Istanbul, Türkiye",Sector 30,40.90806,28.955118,CAT-049,40.95,SRTM_3arc,Commercial,C,8.66,20.1,GratedInlet,ERA5,20.6,25,monitor,0.41042654028436015,0.8240000000000001,Low Risk
SEG-02843,"Shanghai, China",Borough South,31.188263,121.577484,CAT-124,25.130000000000003,SRTM_1arc,Commercial,B,8.12,45.8,Manhole,Blended,51.1,2,monitor,0.1735042735042735,25.55,Low Risk
SEG-02844,"Shenzhen, China",Zone VIII,22.6338,113.957179,CAT-122,19.82,Copernicus_GLO-30_v2023,Commercial,A,6.25,282.2,OpenChannel,LocalGauge,74.3,5,monitor,0.022069209039548024,14.86,Low Risk
SEG-02845,"Houston, USA",Ward K,29.816993,-95.483314,CAT-001,7.7,Copernicus_GLO-30_v2023,Commercial,D,9.71,34.9,Manhole,IMD,39.9,5,low_lying,0.27047353760445686,7.9799999999999995,Medium Risk
SEG-02846,"Doha, Qatar",Ward A,25.296841,51.419735,CAT-063,25.130000000000003,SRTM_1arc,Green,B,3.72,173.6,CurbInlet,Blended,9.3,2,monitor,0.021305841924398626,4.65,Low Risk
SEG-02847,"Shenzhen, China",Zone VIII,22.666964,114.099563,CAT-120,10.28,SRTM_1arc,Residential,B,6.14,173.4,OpenChannel,ERA5,92.4,10,extreme_rain_history,0.03520642201834862,9.24,High Risk
SEG-02848,"Taipei, Taiwan",Ward B,25.073592,121.459319,CAT-017,56.33,SRTM_3arc,Roads,C,4.97,16.7,OpenChannel,LocalGauge,30.5,50,monitor,0.2807909604519774,0.61,Low Risk
SEG-02849,"New York, USA",Borough North,40.60163,-74.01895,CAT-033,35.67,SRTM_1arc,Residential,B,5.66,11.3,CurbInlet,Blended,22.5,2,monitor,0.46016260162601624,11.25,Low Risk
SEG-02850,"San Francisco, USA",District 27,37.811049,-122.48714,CAT-057,-3.0,Copernicus_GLO-30_v2023,Residential,D,8.23,388.5,OpenChannel,ERA5,47.8,10,ponding_hotspot|low_lying|event_2024-06-25,0.021129653401797177,4.779999999999999,High Risk
SEG-02851,"Hyderabad, India",Sector 26,17.368676,78.469696,CAT-177,15.12,SRTM_1arc,Commercial,B,5.55,72.3,Manhole,ERA5,22.4,10,monitor,0.07571623465211459,2.2399999999999998,Low Risk
SEG-02852,"Sydney, Australia",Borough South,-33.905455,151.202563,CAT-067,13.67,Copernicus_GLO-30_v2023,Industrial,A,6.25,91.69999999999999,OpenChannel,LocalGauge,53.8,5,monitor,0.06742179072276161,10.76,Low Risk
SEG-02853,"Osaka, Japan",Ward I,34.610145,135.613167,CAT-103,12.39,SRTM_1arc,Roads,B,5.77,91.69999999999999,CurbInlet,Blended,20.5,2,monitor,0.06224379719525351,10.25,Low Risk
SEG-02854,"Bengaluru, India",Sector 25,12.89027,77.492583,CAT-159,30.94,Copernicus_GLO-30_v2023,Residential,A,7.55,84.9,Manhole,ERA5,29.5,10,monitor,0.0878928987194412,2.95,Low Risk
SEG-02855,"Miami, USA",District 29,25.806785,-80.22264,CAT-177,-3.0,SRTM_1arc,Commercial,D,5.78,65.1,Manhole,LocalGauge,65.4,2,ponding_hotspot|low_lying,0.08744326777609683,32.7,High Risk
SEG-02856,"Guangzhou, China",Ward G,23.039816,113.427175,CAT-107,21.93,Copernicus_GLO-30_v2023,Residential,B,6.02,91.69999999999999,Manhole,ERA5,104.6,10,extreme_rain_history,0.06494066882416397,10.459999999999999,High Risk
SEG-02857,"Auckland, New Zealand",District 29,-36.939798,174.795726,CAT-035,25.130000000000003,Copernicus_GLO-90_v2022,Mixed,B,10.86,249.4,OpenChannel,ERA5,28.2,50,monitor,0.04337060702875399,0.564,Low Risk
SEG-02858,"Istanbul, Türkiye",Sector 9,40.962407,28.929278,CAT-098,28.58,SRTM_3arc,Roads,A,8.72,82.1,Manhole,ERA5,18.0,50,monitor,0.10493381468110712,0.36,Low Risk
SEG-02859,"Cape Town, South Africa",Zone X,-33.914459,18.497859,CAT-163,99.22,SRTM_1arc,Commercial,A,6.25,77.6,Manhole,ERA5,90.8,50,extreme_rain_history,0.07951653944020357,1.8159999999999998,High Risk
SEG-02860,"Washington DC, USA",District 17,38.909188,-77.043153,CAT-169,54.54,SRTM_3arc,Residential,C,4.79,170.3,CurbInlet,LocalGauge,19.4,25,monitor,0.027962638645650902,0.7759999999999999,Low Risk
SEG-02861,"Karachi, Pakistan",Sector 27,24.84062,67.055302,CAT-064,179.89,Copernicus_GLO-30_v2023,Roads,B,5.18,91.69999999999999,GratedInlet,LocalGauge,37.8,2,monitor,0.05587918015102482,18.9,Low Risk
SEG-02862,"Brisbane, Australia",Ward C,-27.489132,152.993169,CAT-163,138.78,SRTM_3arc,Green,B,7.43,91.9,CurbInlet,LocalGauge,42.9,50,monitor,0.07997847147470398,0.858,Low Risk
SEG-02863,"Rome, Italy",Zone VIII,41.894295,12.59791,CAT-064,65.5,Copernicus_GLO-30_v2023,Commercial,A,6.49,72.6,OpenChannel,ERA5,55.8,50,monitor,0.08817934782608697,1.1159999999999999,Low Risk
SEG-02864,"Barcelona, Spain",Ward G,41.317925,2.28512,CAT-023,4.99,Copernicus_GLO-90_v2022,Commercial,B,8.16,99.0,GratedInlet,Blended,30.3,2,low_lying,0.0816,15.15,Medium Risk
SEG-02865,"Kuala Lumpur, Malaysia",Zone III,3.108174,101.679408,CAT-079,25.130000000000003,Copernicus_EEA-10_v5,Green,A,2.37,95.8,CurbInlet,ERA5,43.5,10,sparse_drainage,0.02448347107438017,4.35,Medium Risk
SEG-02866,"Doha, Qatar",Sector 30,25.232692,51.587294,CAT-168,66.57,Copernicus_EEA-10_v5,Commercial,B,6.63,355.9,OpenChannel,ERA5,20.1,2,monitor,0.01857663210983469,10.05,Low Risk
SEG-02867,"San Francisco, USA",Ward A,37.829177,-122.288314,CAT-030,62.15,Copernicus_GLO-90_v2022,Roads,D,10.16,29.4,GratedInlet,ERA5,84.5,50,extreme_rain_history,0.3342105263157895,1.69,High Risk
SEG-02868,"Lima, Peru",District 12,-12.034653,-77.222973,CAT-031,72.22,SRTM_1arc,Residential,B,3.72,268.7,OpenChannel,ERA5,26.8,50,monitor,0.013793103448275864,0.536,Low Risk
SEG-02869,"Cape Town, South Africa",Sector 4,-33.90397,18.531643,CAT-023,183.75,Copernicus_GLO-30_v2023,Mixed,B,5.74,62.5,Manhole,ERA5,20.1,50,monitor,0.09039370078740158,0.402,Low Risk
SEG-02870,"Accra, Ghana",District 4,5.561875,-0.143218,CAT-056,15.46,Copernicus_GLO-30_v2023,Roads,C,4.29,88.5,CurbInlet,Blended,86.6,50,extreme_rain_history,0.04793296089385475,1.732,High Risk
SEG-02871,"Kuala Lumpur, Malaysia",Sector 16,2.936132,101.674927,CAT-025,90.35,SRTM_1arc,Water,D,6.72,139.9,CurbInlet,ERA5,70.4,5,monitor,0.04769339957416607,14.080000000000002,Low Risk
SEG-02872,"Brisbane, Australia",Borough Harbor,-27.505798,153.098832,CAT-072,99.93,SRTM_1arc,Green,B,3.68,91.69999999999999,OpenChannel,LocalGauge,21.9,2,monitor,0.03969795037756203,10.95,Low Risk
SEG-02873,"Lagos, Nigeria",District 17,6.467888,3.412665,CAT-110,3.65,Copernicus_GLO-30_v2023,Commercial,B,3.79,91.69999999999999,Manhole,ERA5,64.3,25,low_lying,0.040884573894282634,2.572,Medium Risk
SEG-02874,"New Orleans, USA",Zone VI,29.895365,-90.02866,CAT-052,-1.31,SRTM_3arc,Green,B,6.53,141.2,CurbInlet,ERA5,43.4,5,low_lying,0.0459212376933896,8.68,Medium Risk
SEG-02875,"Jakarta, Indonesia",District 2,-6.258846,106.771621,CAT-160,7.56,Copernicus_GLO-30_v2023,Green,D,5.48,91.69999999999999,GratedInlet,IMD,95.6,100,ponding_hotspot|extreme_rain_history|low_lying|event_2025-04-08,0.05911542610571738,0.956,High Risk
SEG-02876,"Hyderabad, India",Borough East,17.318797,78.497032,CAT-085,41.65,Copernicus_GLO-30_v2023,Green,B,7.6,144.7,GratedInlet,IMD,40.4,5,monitor,0.05216197666437886,8.08,Low Risk
SEG-02877,"Guangzhou, China",District 20,23.071024,113.371293,CAT-071,6.61,Copernicus_GLO-30_v2023,Roads,A,10.24,62.7,CurbInlet,ERA5,67.2,10,low_lying,0.16075353218210361,6.720000000000001,Medium Risk
SEG-02878,"Hanoi, Vietnam",Borough Riverside,21.011634,105.814595,CAT-160,48.05,SRTM_1arc,Institutional,C,3.43,228.0,CurbInlet,LocalGauge,101.8,50,extreme_rain_history,0.01497816593886463,2.036,High Risk
SEG-02879,"Rome, Italy",Ward B,41.87157,12.481181,CAT-053,94.24,SRTM_1arc,Residential,A,2.38,79.4,OpenChannel,ERA5,41.7,2,sparse_drainage,0.02960199004975124,20.85,Medium Risk
SEG-02880,"Auckland, New Zealand",Ward F,-36.966301,174.712946,CAT-019,46.25,SRTM_1arc,Industrial,A,7.19,91.69999999999999,CurbInlet,ERA5,52.3,10,monitor,0.07756202804746495,5.2299999999999995,Low Risk
SEG-02881,"Durban, South Africa",Ward D,-29.884201,31.055121,CAT-063,56.76,SRTM_3arc,Residential,B,4.13,155.2,OpenChannel,ERA5,19.0,5,monitor,0.026440460947503203,3.8,Low Risk
SEG-02882,"Tokyo, Japan",District 24,35.56115,139.591482,CAT-036,46.9,Copernicus_EEA-10_v5,Industrial,C,9.63,72.0,GratedInlet,Blended,25.1,5,monitor,0.1319178082191781,5.0200000000000005,Low Risk
SEG-02883,"Barcelona, Spain",Zone I,41.404864,2.194451,CAT-094,6.9,SRTM_3arc,Green,B,6.28,180.1,CurbInlet,IMD,15.5,10,low_lying,0.034676974047487576,1.55,Medium Risk
SEG-02884,"Seoul, South Korea",Sector 22,37.589993,127.040964,CAT-133,14.95,Copernicus_EEA-10_v5,Residential,D,3.05,122.1,CurbInlet,ERA5,45.7,10,monitor,0.024776604386677496,4.57,Low Risk
SEG-02885,"Athens, Greece",Borough West,37.772098,23.641188,CAT-054,-3.0,SRTM_3arc,Roads,C,10.3,511.6,OpenChannel,ERA5,51.9,5,low_lying|event_2022-07-30,0.020093640265314086,10.379999999999999,Medium Risk
SEG-02886,"Sao Paulo, Brazil",Zone VIII,-23.581959,-46.695681,CAT-011,63.41,Copernicus_EEA-10_v5,Residential,D,7.61,25.0,CurbInlet,Blended,150.0,5,ponding_hotspot|extreme_rain_history,0.2926923076923077,30.0,High Risk
SEG-02887,"Athens, Greece",Ward F,37.956735,23.651223,CAT-082,49.63,SRTM_3arc,Commercial,B,4.87,70.9,GratedInlet,LocalGauge,54.0,5,monitor,0.06773296244784423,10.8,Low Risk
SEG-02888,"Jakarta, Indonesia",Sector 25,-6.113062,106.856855,CAT-170,4.2,SRTM_1arc,Commercial,A,7.94,37.0,CurbInlet,ERA5,76.6,25,low_lying,0.20894736842105263,3.0639999999999996,Medium Risk
SEG-02889,"Montreal, Canada",District 9,45.678659,-73.539228,CAT-027,-3.0,Copernicus_GLO-90_v2022,Institutional,A,6.25,181.1,GratedInlet,ERA5,29.0,100,low_lying,0.0343218012081274,0.29,Medium Risk
SEG-02890,"Hanoi, Vietnam",District 9,20.971154,105.815383,CAT-043,79.94,SRTM_3arc,Commercial,C,5.49,118.1,CurbInlet,ERA5,69.7,25,monitor,0.046095717884130985,2.7880000000000003,Low Risk
SEG-02891,"Hamburg, Germany",Zone I,53.587267,10.064033,CAT-097,51.8,SRTM_3arc,Residential,D,6.51,12.0,Manhole,ERA5,70.7,10,monitor,0.5007692307692307,7.07,Low Risk
SEG-02892,"Ho Chi Minh City, Vietnam",Zone II,10.803961,106.709404,CAT-140,39.17,Copernicus_EEA-10_v5,Institutional,D,7.32,91.69999999999999,GratedInlet,ERA5,111.0,25,extreme_rain_history,0.0789644012944984,4.44,High Risk
SEG-02893,"Hyderabad, India",Borough West,17.431337,78.482361,CAT-113,50.9,SRTM_3arc,Roads,B,7.47,93.1,CurbInlet,IMD,29.4,25,monitor,0.0793836344314559,1.176,Low Risk
SEG-02894,"Copenhagen, Denmark",Sector 18,55.568589,12.555565,CAT-149,64.66,Copernicus_GLO-90_v2022,Roads,D,6.25,195.5,OpenChannel,ERA5,33.3,2,monitor,0.031806615776081425,16.65,Low Risk
SEG-02895,"San Francisco, USA",Ward H,37.707094,-122.55294,CAT-084,128.62,SRTM_1arc,Roads,C,6.25,67.6,CurbInlet,ERA5,42.6,50,monitor,0.09110787172011663,0.852,Low Risk
SEG-02896,"New Orleans, USA",Zone IX,29.925943,-90.229583,CAT-145,16.29,SRTM_1arc,Residential,B,7.38,154.7,CurbInlet,IMD,34.6,5,monitor,0.04739884393063584,6.92,Low Risk
SEG-02897,"Chennai, India",Sector 20,13.104309,80.26785,CAT-017,8.8,Copernicus_EEA-10_v5,Green,D,4.97,309.2,GratedInlet,LocalGauge,150.0,50,ponding_hotspot|extreme_rain_history|event_2023-11-12,0.016021921341070278,3.0,High Risk
SEG-02898,"Bengaluru, India",Zone VII,13.017994,77.595406,CAT-174,-3.0,SRTM_1arc,Residential,A,6.06,107.3,Manhole,ERA5,37.4,5,low_lying,0.05595567867036011,7.4799999999999995,Medium Risk
SEG-02899,"Rotterdam, Netherlands",Ward I,51.95351,4.43569,CAT-180,25.130000000000003,SRTM_1arc,Industrial,B,7.01,23.9,GratedInlet,ERA5,49.5,25,monitor,0.2815261044176707,1.98,Low Risk
SEG-02900,"Guangzhou, China",District 18,23.248502,113.100297,CAT-167,31.23,SRTM_3arc,Roads,B,6.01,47.5,Manhole,Blended,64.5,2,monitor,0.12391752577319587,32.25,Low Risk
SEG-02901,"Mexico City, Mexico",Zone III,19.410303,-99.065479,CAT-049,23.58,SRTM_3arc,Mixed,B,7.82,2.5,CurbInlet,ERA5,36.3,50,monitor,2.2342857142857144,0.726,Low Risk
SEG-02902,"Nairobi, Kenya",District 18,-1.18951,36.645351,CAT-143,-3.0,SRTM_3arc,Green,A,3.49,101.9,CurbInlet,ERA5,27.0,2,low_lying,0.03391642371234208,13.5,Medium Risk
SEG-02903,"Nairobi, Kenya",Zone VIII,-1.351142,36.729326,CAT-094,20.55,SRTM_1arc,Commercial,B,7.79,11.8,GratedInlet,ERA5,24.9,5,monitor,0.6085937499999999,4.9799999999999995,Low Risk
SEG-02904,"Washington DC, USA",Sector 25,38.95727,-77.028545,CAT-049,27.81,Copernicus_GLO-30_v2023,Roads,D,3.94,166.4,CurbInlet,LocalGauge,30.9,5,monitor,0.023536439665471923,6.18,Low Risk
SEG-02905,"Houston, USA",Ward B,29.745037,-95.426991,CAT-104,67.81,SRTM_3arc,Residential,C,3.54,1.4,GratedInlet,LocalGauge,28.6,50,monitor,1.475,0.5720000000000001,Low Risk
SEG-02906,"Seoul, South Korea",Ward D,37.589517,126.978738,CAT-072,15.71,Copernicus_GLO-30_v2023,Roads,B,5.43,114.7,GratedInlet,ERA5,31.6,5,monitor,0.046931719965427825,6.32,Low Risk
SEG-02907,"Philadelphia, USA",Sector 12,39.796212,-75.086139,CAT-084,126.85,Copernicus_GLO-30_v2023,Roads,D,3.8,99.7,GratedInlet,ERA5,13.8,50,monitor,0.03773584905660377,0.276,Low Risk
SEG-02908,"Vancouver, Canada",Zone VI,49.244319,-123.164117,CAT-006,33.39,SRTM_1arc,Residential,C,5.57,65.8,CurbInlet,Blended,10.4,10,monitor,0.08338323353293414,1.04,Low Risk
SEG-02909,"Brisbane, Australia",Borough Central,-27.4875,152.928456,CAT-078,39.85,Copernicus_GLO-30_v2023,Mixed,B,5.51,20.7,CurbInlet,ERA5,24.8,2,monitor,0.25391705069124426,12.4,Low Risk
SEG-02910,"San Francisco, USA",Ward I,37.863263,-122.496667,CAT-127,85.42,Copernicus_GLO-30_v2023,Residential,D,4.71,47.0,CurbInlet,ERA5,21.5,5,monitor,0.098125,4.3,Low Risk
SEG-02911,"Riyadh, Saudi Arabia",Borough Old Town,24.618834,46.715941,CAT-146,16.9,Copernicus_EEA-10_v5,Roads,C,8.1,112.5,Manhole,LocalGauge,19.8,2,monitor,0.07136563876651981,9.9,Low Risk
SEG-02912,"Nairobi, Kenya",Sector 27,-1.222731,36.834578,CAT-011,30.97,SRTM_1arc,Roads,B,6.93,112.7,CurbInlet,ERA5,16.9,2,monitor,0.06094986807387862,8.45,Low Risk
SEG-02913,"Rio de Janeiro, Brazil",Borough Old Town,-22.801091,-43.109419,CAT-005,15.05,Copernicus_GLO-30_v2023,Roads,D,4.53,134.1,Manhole,ERA5,44.8,5,monitor,0.03353071798667654,8.959999999999999,Low Risk
SEG-02914,"Lima, Peru",Borough South,-12.107165,-77.247293,CAT-082,-3.0,SRTM_1arc,Residential,B,2.89,55.3,Manhole,Blended,30.8,2,low_lying|sparse_drainage,0.051332149200710483,15.4,Medium Risk
SEG-02915,"New York, USA",Borough East,40.673152,-74.102453,CAT-163,66.62,Copernicus_GLO-30_v2023,Roads,C,7.23,51.9,CurbInlet,ERA5,18.0,5,monitor,0.13667296786389416,3.6,Low Risk
SEG-02916,"Hanoi, Vietnam",District 26,21.055166,105.850275,CAT-038,45.91,Copernicus_GLO-30_v2023,Residential,B,6.57,99.9,OpenChannel,ERA5,67.5,5,monitor,0.06511397423191279,13.5,Low Risk
SEG-02917,"New Orleans, USA",Zone VI,30.028632,-90.207608,CAT-030,8.61,Copernicus_GLO-90_v2022,Green,A,3.65,256.2,CurbInlet,ERA5,33.5,10,monitor,0.014191290824261276,3.35,Low Risk
SEG-02918,"Montreal, Canada",Ward I,45.562983,-73.595338,CAT-042,6.88,SRTM_1arc,Industrial,A,4.29,74.2,GratedInlet,ERA5,26.0,25,low_lying,0.05704787234042553,1.04,Medium Risk
SEG-02919,"Buenos Aires, Argentina",Sector 20,-34.570408,-58.444002,CAT-107,115.96,Copernicus_GLO-30_v2023,Residential,B,2.67,211.0,OpenChannel,IMD,76.7,5,sparse_drainage,0.012594339622641509,15.34,Medium Risk
SEG-02920,"Lima, Peru",Ward B,-12.174376,-76.884458,CAT-011,14.42,SRTM_3arc,Green,A,8.65,169.3,CurbInlet,ERA5,26.2,5,monitor,0.050792718731650026,5.24,Low Risk
SEG-02921,"Hyderabad, India",Borough Delta,17.49296,78.525816,CAT-142,52.24,SRTM_1arc,Roads,B,7.49,113.1,GratedInlet,ERA5,50.7,10,monitor,0.06564417177914111,5.07,Low Risk
SEG-02922,"Sao Paulo, Brazil",Ward J,-23.587028,-46.657887,CAT-009,53.56,Copernicus_GLO-30_v2023,Roads,D,6.25,91.4,CurbInlet,ERA5,50.6,10,monitor,0.06764069264069264,5.0600000000000005,Low Risk
SEG-02923,"Bogotá, Colombia",Sector 11,4.690474,-73.953728,CAT-141,140.86,Copernicus_EEA-10_v5,Residential,B,4.37,13.9,Manhole,Blended,10.6,100,monitor,0.29328859060402684,0.106,Low Risk
SEG-02924,"Manila, Philippines",Zone II,14.518679,121.009838,CAT-127,0.04,SRTM_3arc,Industrial,B,10.44,41.7,Manhole,ERA5,51.7,25,low_lying,0.24449648711943792,2.068,Medium Risk
SEG-02925,"Dhaka, Bangladesh",Ward H,23.76983,90.548649,CAT-049,50.32,SRTM_1arc,Institutional,A,8.37,203.2,CurbInlet,ERA5,57.9,10,monitor,0.04098922624877571,5.79,Low Risk
SEG-02926,"Vancouver, Canada",Ward H,49.338744,-123.153135,CAT-136,6.47,Copernicus_GLO-30_v2023,Institutional,D,3.18,91.69999999999999,OpenChannel,Blended,52.0,5,low_lying|event_2025-05-06,0.03430420711974111,10.4,Medium Risk
SEG-02927,"Istanbul, Türkiye",District 12,40.975756,29.001839,CAT-156,44.07,SRTM_3arc,Residential,B,6.48,56.1,CurbInlet,LocalGauge,26.1,5,monitor,0.11348511383537653,5.220000000000001,Low Risk
SEG-02928,"Chennai, India",Borough Central,13.050553,80.211486,CAT-007,27.0,Copernicus_EEA-10_v5,Roads,D,5.45,125.5,GratedInlet,ERA5,44.9,5,monitor,0.04308300395256917,8.98,Low Risk
SEG-02929,"Bengaluru, India",Ward E,12.934398,77.653962,CAT-027,44.67,SRTM_1arc,Commercial,D,9.05,23.1,Manhole,ERA5,72.8,10,monitor,0.3755186721991701,7.279999999999999,Low Risk
SEG-02930,"Shenzhen, China",Zone VI,22.55299,114.051833,CAT-148,6.78,Copernicus_GLO-30_v2023,Mixed,C,5.16,77.6,Manhole,ERA5,146.6,10,ponding_hotspot|extreme_rain_history|low_lying|event_2025-06-09,0.06564885496183206,14.66,High Risk
SEG-02931,"Seoul, South Korea",District 6,37.513033,126.99682,CAT-093,74.25,Copernicus_GLO-90_v2022,Roads,A,6.68,60.8,CurbInlet,LocalGauge,25.3,100,monitor,0.1080906148867314,0.253,Low Risk
SEG-02932,"Jakarta, Indonesia",District 16,-6.182398,106.882676,CAT-082,25.130000000000003,SRTM_3arc,Institutional,D,3.48,207.8,CurbInlet,LocalGauge,111.2,100,ponding_hotspot|extreme_rain_history|event_2023-07-03,0.016666666666666666,1.112,High Risk
SEG-02933,"Bengaluru, India",District 19,12.902046,77.606774,CAT-163,69.16,SRTM_3arc,Roads,D,8.45,80.2,CurbInlet,ERA5,45.3,25,monitor,0.10406403940886698,1.8119999999999998,Low Risk
SEG-02934,"Cape Town, South Africa",Sector 17,-34.092015,18.50636,CAT-119,26.65,SRTM_1arc,Roads,D,6.25,86.0,Manhole,ERA5,27.4,2,monitor,0.07183908045977011,13.7,Low Risk
SEG-02935,"New York, USA",Sector 18,40.738236,-73.934978,CAT-001,47.69,Copernicus_EEA-10_v5,Roads,A,6.25,119.3,CurbInlet,Blended,69.4,2,monitor,0.051953449709060684,34.7,Low Risk
SEG-02936,"Nairobi, Kenya",Ward A,-1.21473,36.86039,CAT-147,48.0,Copernicus_EEA-10_v5,Residential,C,7.38,63.2,OpenChannel,LocalGauge,21.9,25,monitor,0.11495327102803737,0.8759999999999999,Low Risk
SEG-02937,"Riyadh, Saudi Arabia",Ward B,24.743991,46.586826,CAT-116,75.38,Copernicus_GLO-30_v2023,Green,C,5.73,177.5,OpenChannel,Blended,5.4,5,monitor,0.03210084033613446,1.08,Low Risk
SEG-02938,"Philadelphia, USA",Sector 26,39.997879,-75.088599,CAT-049,-3.0,Copernicus_GLO-30_v2023,Green,B,4.5,336.9,CurbInlet,LocalGauge,31.2,5,low_lying,0.013317549570878958,6.24,Medium Risk
SEG-02939,"Vancouver, Canada",Borough Old Town,49.208577,-123.18206,CAT-038,6.39,SRTM_1arc,Residential,D,6.32,340.9,CurbInlet,ERA5,45.3,5,low_lying,0.018484937116115825,9.059999999999999,Medium Risk
SEG-02940,"Mumbai, India",Ward C,19.236164,72.851375,CAT-118,10.14,Copernicus_EEA-10_v5,Roads,B,7.89,116.5,OpenChannel,ERA5,70.5,50,monitor,0.06714893617021277,1.41,Low Risk
SEG-02941,"Vancouver, Canada",District 5,49.296348,-123.08316,CAT-135,6.48,Copernicus_GLO-30_v2023,Institutional,B,6.57,263.5,GratedInlet,ERA5,38.9,2,low_lying,0.024839319470699433,19.45,Medium Risk
SEG-02942,"Montreal, Canada",Ward B,45.406916,-73.510582,CAT-061,60.63,SRTM_3arc,Commercial,A,9.56,15.3,CurbInlet,Blended,17.7,100,monitor,0.5865030674846626,0.177,Low Risk
SEG-02943,"Osaka, Japan",District 27,34.614831,135.450671,CAT-126,-3.0,SRTM_1arc,Residential,B,6.25,77.7,Manhole,ERA5,28.2,10,low_lying,0.07941550190597205,2.82,Medium Risk
SEG-02944,"Bangkok, Thailand",Sector 10,13.773632,100.53604,CAT-103,4.6,SRTM_3arc,Roads,B,8.15,120.4,CurbInlet,LocalGauge,87.8,50,extreme_rain_history|low_lying|event_2023-11-07,0.0671334431630972,1.756,High Risk
SEG-02945,"Brisbane, Australia",Borough Delta,-27.567714,153.069754,CAT-027,66.63,SRTM_1arc,Industrial,C,9.83,91.69999999999999,Manhole,ERA5,55.4,5,monitor,0.10604099244875945,11.08,Low Risk
SEG-02946,"Rome, Italy",District 15,41.905959,12.611534,CAT-172,91.07,Copernicus_GLO-30_v2023,Water,D,6.25,204.7,Manhole,ERA5,56.7,5,monitor,0.030384054448225572,11.34,Low Risk
SEG-02947,"Sydney, Australia",Sector 2,-33.831552,151.392343,CAT-061,13.52,Copernicus_GLO-90_v2022,Roads,B,8.92,85.9,Manhole,ERA5,34.1,5,monitor,0.10264672036823935,6.82,Low Risk
SEG-02948,"Taipei, Taiwan",Borough Central,25.088306,121.57139,CAT-033,51.99,SRTM_1arc,Industrial,B,7.15,91.69999999999999,GratedInlet,LocalGauge,42.5,10,monitor,0.07713052858683928,4.25,Low Risk
SEG-02949,"Copenhagen, Denmark",Ward C,55.737189,12.484694,CAT-114,38.63,Copernicus_GLO-30_v2023,Commercial,C,8.58,69.4,CurbInlet,ERA5,15.4,25,monitor,0.121875,0.616,Low Risk
SEG-02950,"Barcelona, Spain",Ward F,41.394187,2.189351,CAT-080,21.75,SRTM_1arc,Industrial,B,6.2,221.4,Manhole,ERA5,28.0,5,monitor,0.02787769784172662,5.6,Low Risk
SEG-02951,"Taipei, Taiwan",District 21,24.940207,121.450321,CAT-115,52.85,SRTM_3arc,Industrial,B,8.83,101.4,CurbInlet,ERA5,51.9,25,monitor,0.08623046875,2.076,Low Risk
SEG-02952,"Seoul, South Korea",Ward G,37.486424,126.99497,CAT-043,40.07,SRTM_1arc,Residential,A,6.36,7.7,CurbInlet,ERA5,32.3,10,monitor,0.7310344827586208,3.2299999999999995,Low Risk
SEG-02953,"Buenos Aires, Argentina",Zone III,-34.54193,-58.414024,CAT-178,40.1,SRTM_1arc,Mixed,B,9.54,88.7,Manhole,Blended,17.9,2,monitor,0.10635451505016721,8.95,Low Risk
SEG-02954,"Accra, Ghana",Ward A,5.791248,-0.158563,CAT-129,24.37,Copernicus_EEA-10_v5,Commercial,B,6.25,290.6,OpenChannel,Blended,29.7,50,monitor,0.02143347050754458,0.594,Low Risk
SEG-02955,"San Francisco, USA",Zone II,37.838977,-122.472038,CAT-177,138.84,SRTM_3arc,Commercial,D,7.23,10.9,GratedInlet,ERA5,39.2,5,monitor,0.6075630252100841,7.840000000000001,Low Risk
SEG-02956,"Miami, USA",Zone IX,25.865298,-80.213451,CAT-051,25.130000000000003,SRTM_3arc,Residential,B,6.25,169.8,OpenChannel,Blended,39.8,10,monitor,0.036592505854800936,3.9799999999999995,Low Risk
SEG-02957,"Lima, Peru",Borough Hillside,-12.045004,-77.111282,CAT-135,30.18,Copernicus_GLO-30_v2023,Commercial,B,6.25,155.1,CurbInlet,IMD,23.0,5,monitor,0.04003843689942345,4.6,Low Risk
SEG-02958,"Hong Kong, China",District 28,22.295402,114.081666,CAT-017,-3.0,Copernicus_GLO-30_v2023,Residential,B,8.57,334.8,CurbInlet,ERA5,58.5,5,low_lying,0.025521143537820132,11.7,Medium Risk
SEG-02959,"Paris, France",Ward B,48.87287,2.24625,CAT-036,30.46,Copernicus_GLO-30_v2023,Residential,C,6.25,78.8,GratedInlet,ERA5,46.5,10,monitor,0.07832080200501254,4.65,Low Risk
SEG-02960,"Shanghai, China",Sector 17,31.195529,121.43554,CAT-050,-3.0,SRTM_3arc,Industrial,C,5.54,4.9,OpenChannel,LocalGauge,70.6,5,ponding_hotspot|low_lying|event_2024-07-26,0.9389830508474576,14.12,High Risk
SEG-02961,"Vancouver, Canada",Sector 12,49.162783,-123.037084,CAT-052,14.16,Copernicus_GLO-90_v2022,Green,B,6.25,236.1,GratedInlet,ERA5,27.7,2,monitor,0.026360185575706453,13.85,Low Risk
SEG-02962,"Lagos, Nigeria",Zone V,6.50457,3.388571,CAT-092,7.0,Copernicus_GLO-30_v2023,Industrial,B,8.74,294.8,OpenChannel,ERA5,131.6,100,extreme_rain_history|low_lying,0.029546991210277214,1.3159999999999998,High Risk
SEG-02963,"Osaka, Japan",Zone IV,34.740562,135.469263,CAT-169,56.0,SRTM_3arc,Commercial,C,4.44,80.8,OpenChannel,ERA5,43.1,2,monitor,0.05427872860635698,21.55,Low Risk
