city_name,latitude,longitude,elevation_m,land_use,soil_group,drainage_density_km_per_km2,storm_drain_proximity_m,storm_drain_type,historical_rainfall_intensity_mm_hr,return_period_years,drainage_efficiency,rainfall_per_return_period,simplified_risks
"Colombo, Sri Lanka",6.920633,79.9126,25.130000000000003,Institutional,B,4.27,160.5,CurbInlet,39.4,50,0.026439628482972134,0.7879999999999999,Low Risk
"Chennai, India",13.076487,80.281774,-2.19,Residential,D,7.54,91.69999999999999,OpenChannel,56.8,25,0.0813376483279396,2.272,High Risk
"Ahmedabad, India",23.019473,72.638578,30.88,Industrial,B,11.0,152.5,OpenChannel,16.3,5,0.07166123778501629,3.2600000000000002,Low Risk
"Hong Kong, China",22.302602,114.078673,24.28,Residential,B,7.32,37.0,Manhole,77.0,10,0.19263157894736843,7.7,Low Risk
"Durban, South Africa",-29.887602,30.911008,35.7,Industrial,C,4.5,292.4,OpenChannel,20.8,5,0.015337423312883437,4.16,Low Risk
"Bangkok, Thailand",13.730254,100.441634,15.36,Roads,C,8.97,30.0,Manhole,120.5,50,0.28935483870967743,2.41,High Risk
"Nairobi, Kenya",-1.374024,36.730491,15.8,Residential,A,8.25,43.0,Manhole,39.3,10,0.1875,3.9299999999999997,Low Risk
"Bangkok, Thailand",13.746372,100.484051,20.08,Residential,C,5.88,31.1,CurbInlet,74.5,10,0.18317757009345792,7.45,Low Risk
"Washington DC, USA",38.870843,-76.900953,0.19,Commercial,B,7.79,153.3,CurbInlet,58.2,10,0.050486066104990276,5.82,Medium Risk
"Vancouver, Canada",49.3949,-123.199393,19.05,Commercial,D,6.25,49.7,GratedInlet,20.1,5,0.12327416173570019,4.0200000000000005,Low Risk
"Delhi, India",28.544386,77.235841,12.22,Roads,B,9.46,41.2,OpenChannel,26.5,2,0.2241706161137441,13.25,Low Risk
"Athens, Greece",37.915493,23.657021,114.17,Residential,B,3.14,187.7,Manhole,43.6,25,0.016640169581346054,1.744,Low Risk
"Sydney, Australia",-33.930529,151.140718,-3.0,Commercial,B,10.62,70.9,CurbInlet,18.5,5,0.1477051460361613,3.7,Medium Risk
"Athens, Greece",38.054642,23.718257,18.54,Commercial,B,9.08,248.0,OpenChannel,29.1,10,0.036465863453815264,2.91,Low Risk
"Nairobi, Kenya",-1.263708,36.869893,88.57,Commercial,B,4.86,105.1,CurbInlet,32.1,50,0.04580584354382659,0.642,Low Risk
"Miami, USA",25.727376,-80.21539,13.43,Green,A,3.45,53.3,OpenChannel,52.6,25,0.06353591160220995,2.104,Low Risk
"Lima, Peru",-12.041346,-77.085898,8.99,Commercial,B,9.23,128.4,CurbInlet,41.3,5,0.07132921174652242,8.26,Low Risk
"Miami, USA",25.76789,-80.255953,3.29,Residential,D,7.63,153.6,CurbInlet,95.3,10,0.049353169469598966,9.53,High Risk
"Hong Kong, China",22.216858,114.128052,15.75,Roads,B,8.77,145.3,CurbInlet,82.8,25,0.05994531784005468,3.312,High Risk
"Kuala Lumpur, Malaysia",3.140932,101.706156,67.05,Industrial,A,9.23,118.7,OpenChannel,63.6,25,0.077109440267335,2.544,Low Risk
"Singapore, Singapore",1.387557,103.790327,25.130000000000003,Roads,D,5.23,39.1,Manhole,63.6,25,0.13042394014962594,2.544,Low Risk
"Rome, Italy",41.945883,12.423044,31.58,Green,C,4.72,58.2,OpenChannel,30.0,2,0.07972972972972972,15.0,Low Risk
"Chennai, India",13.171312,80.196503,25.130000000000003,Green,C,4.39,159.7,GratedInlet,53.6,10,0.02731798382078407,5.36,Low Risk
"Brisbane, Australia",-27.476021,153.101193,33.74,Roads,C,7.6,91.2,GratedInlet,26.2,25,0.08242950108459869,1.048,Low Risk
"Montreal, Canada",45.433867,-73.57936,4.25,Residential,D,3.27,11.2,GratedInlet,31.1,2,0.2680327868852459,15.55,High Risk
"Hanoi, Vietnam",20.951943,105.796832,40.28,Residential,B,4.89,124.4,CurbInlet,36.8,10,0.03899521531100478,3.6799999999999997,Low Risk
"Vancouver, Canada",49.378623,-123.142702,15.0,Residential,D,5.17,44.6,CurbInlet,30.9,25,0.11337719298245613,1.236,Low Risk
"Seoul, South Korea",37.548966,126.860714,109.32,Water,A,6.25,83.0,Manhole,52.2,100,0.0744047619047619,0.522,Low Risk
"Lima, Peru",-12.039791,-77.085746,90.74,Industrial,A,6.57,24.6,GratedInlet,64.0,10,0.256640625,6.4,Low Risk
"San Francisco, USA",37.770337,-122.398163,93.76,Industrial,D,12.07,54.0,Manhole,39.8,25,0.21945454545454546,1.5919999999999999,Low Risk
"Rotterdam, Netherlands",51.905471,4.551063,9.16,Industrial,C,6.25,91.69999999999999,OpenChannel,15.1,5,0.06742179072276161,3.02,Low Risk
"Bengaluru, India",12.980622,77.636965,28.34,Water,C,3.71,22.6,CurbInlet,41.9,10,0.15720338983050847,4.1899999999999995,Low Risk
"New Orleans, USA",29.976976,-90.21051,10.34,Industrial,B,5.36,6.0,Manhole,20.9,10,0.7657142857142858,2.09,Low Risk
"Nairobi, Kenya",-1.3106,36.827329,-3.0,Roads,B,9.25,64.4,CurbInlet,15.6,2,0.1414373088685015,7.8,Medium Risk
"Dhaka, Bangladesh",23.697673,90.424359,38.61,Roads,C,7.44,193.1,OpenChannel,28.2,2,0.03833075734157651,14.1,Low Risk
"Pune, India",18.58017,73.955841,13.78,Commercial,B,4.67,127.2,CurbInlet,21.6,2,0.03642745709828393,10.8,Low Risk
"Washington DC, USA",38.938489,-76.993755,-1.61,Mixed,B,6.64,11.2,Manhole,42.6,2,0.5442622950819672,21.3,Medium Risk
"Shanghai, China",31.162448,121.443756,15.68,Residential,A,5.76,80.7,CurbInlet,29.9,5,0.07050183598531211,5.9799999999999995,Low Risk
"Karachi, Pakistan",24.898906,67.042908,194.75,Commercial,A,9.58,18.6,CurbInlet,22.0,25,0.4887755102040816,0.88,Low Risk
"Colombo, Sri Lanka",6.946996,79.866172,9.86,Green,C,6.25,10.2,GratedInlet,72.2,50,0.5580357142857143,1.444,Low Risk
"Amsterdam, Netherlands",52.259884,4.915955,23.52,Green,A,4.14,91.69999999999999,GratedInlet,35.3,50,0.044660194174757285,0.706,Low Risk
"Bogotá, Colombia",4.700349,-74.167433,110.63,Mixed,A,5.32,50.8,CurbInlet,25.0,10,0.10270270270270271,2.5,Low Risk
"Lima, Peru",-12.010978,-76.999135,70.23,Roads,B,4.72,156.1,OpenChannel,40.3,5,0.030044557606619986,8.059999999999999,Low Risk
"Montreal, Canada",45.550481,-73.562016,62.3,Institutional,A,7.2,116.3,Manhole,24.0,25,0.061381074168797956,0.96,Low Risk
"Ahmedabad, India",23.103579,72.614063,125.01,Mixed,B,9.7,80.0,CurbInlet,48.1,25,0.11975308641975307,1.9240000000000002,Low Risk
"Paris, France",48.854264,2.375006,77.71,Residential,B,3.43,69.8,GratedInlet,38.8,25,0.04844632768361582,1.5519999999999998,Low Risk
"Vancouver, Canada",49.398904,-123.124709,12.38,Roads,D,6.62,38.2,GratedInlet,29.0,2,0.16887755102040816,14.5,Low Risk
"Ahmedabad, India",22.945161,72.586269,17.34,Water,D,4.14,20.3,CurbInlet,28.8,100,0.19436619718309858,0.28800000000000003,Low Risk
"Dhaka, Bangladesh",23.712662,90.542488,44.27,Residential,B,6.25,70.9,CurbInlet,68.8,100,0.08692628650904033,0.688,Low Risk
"Shenzhen, China",22.497561,114.026625,25.130000000000003,Roads,B,9.69,115.7,Manhole,79.8,25,0.08303341902313624,3.1919999999999997,Low Risk
"Washington DC, USA",38.943781,-76.999643,19.19,Industrial,B,9.99,22.4,CurbInlet,25.9,5,0.42692307692307696,5.18,Low Risk
"Hong Kong, China",22.355356,114.241956,24.27,Commercial,C,6.4,112.6,CurbInlet,62.3,50,0.05633802816901409,1.246,Low Risk
"Mexico City, Mexico",19.415445,-99.196033,54.96,Commercial,B,5.23,69.6,CurbInlet,39.3,50,0.07407932011331446,0.7859999999999999,Low Risk
"Kuala Lumpur, Malaysia",3.09333,101.739592,33.84,Roads,B,8.17,101.4,Manhole,77.6,50,0.07978515624999999,1.5519999999999998,Low Risk
"Amsterdam, Netherlands",52.338707,4.873985,18.79,Green,B,6.25,91.69999999999999,CurbInlet,36.5,25,0.06742179072276161,1.46,Low Risk
"Mexico City, Mexico",19.454178,-99.104387,121.11,Residential,B,8.39,66.5,OpenChannel,36.9,100,0.12429629629629631,0.369,Low Risk
"Singapore, Singapore",1.390561,103.837383,25.130000000000003,Roads,B,8.34,73.8,CurbInlet,150.0,50,0.11149732620320855,3.0,High Risk
"Tehran, Iran",35.692218,51.489906,4.07,Commercial,C,7.63,42.2,GratedInlet,15.0,25,0.17662037037037034,0.6,Medium Risk
"Bogotá, Colombia",4.675203,-73.978098,3.59,Informal,A,6.25,167.0,CurbInlet,14.0,10,0.03720238095238095,1.4,Medium Risk
"Taipei, Taiwan",24.916909,121.592372,50.4,Roads,B,7.95,15.0,CurbInlet,40.8,5,0.496875,8.16,Low Risk
"San Francisco, USA",37.690835,-122.45266,66.57,Roads,C,8.8,86.6,Manhole,80.4,5,0.10045662100456622,16.080000000000002,High Risk
"Mexico City, Mexico",19.512895,-99.05693,14.73,Roads,A,7.81,120.5,Manhole,47.3,5,0.0642798353909465,9.459999999999999,Low Risk
"Jakarta, Indonesia",-6.269827,106.847064,6.38,Green,B,2.73,133.7,Manhole,53.7,2,0.02026726057906459,26.85,Medium Risk
"Kuala Lumpur, Malaysia",3.188477,101.738006,68.26,Industrial,D,9.7,30.1,CurbInlet,45.0,50,0.3118971061093247,0.9,Low Risk
"Barcelona, Spain",41.494167,2.061047,9.32,Roads,B,7.79,106.7,CurbInlet,31.1,25,0.072330547818013,1.244,Low Risk
"Manila, Philippines",14.645109,120.944,25.12,Roads,B,6.25,44.6,OpenChannel,77.8,25,0.1370614035087719,3.112,Low Risk
"Karachi, Pakistan",24.894516,66.99248,105.73,Residential,A,6.39,103.5,Manhole,13.0,5,0.061148325358851674,2.6,Low Risk
"Chennai, India",13.07693,80.268495,0.17,Roads,C,6.25,91.69999999999999,GratedInlet,49.3,25,0.06742179072276161,1.972,High Risk
"Lagos, Nigeria",6.504458,3.368462,6.76,Roads,D,7.46,11.5,GratedInlet,85.8,25,0.5968,3.432,High Risk
"Accra, Ghana",5.667662,-0.214601,-3.0,Mixed,B,8.63,128.8,GratedInlet,62.6,5,0.06648690292758089,12.52,Medium Risk
"Durban, South Africa",-29.807949,30.926977,29.63,Commercial,B,6.61,27.8,CurbInlet,31.5,100,0.2295138888888889,0.315,Low Risk
"Seoul, South Korea",37.629794,126.97571,9.2,Residential,B,3.61,124.6,Manhole,23.4,25,0.02874203821656051,0.9359999999999999,Low Risk
"Barcelona, Spain",41.391372,2.063055,17.29,Residential,C,3.08,279.5,CurbInlet,41.7,5,0.010980392156862745,8.34,Low Risk
"Kuala Lumpur, Malaysia",3.182771,101.805347,111.02,Roads,B,7.47,259.6,OpenChannel,109.1,50,0.028664620107444357,2.182,High Risk
"Shanghai, China",31.171222,121.392772,17.09,Commercial,B,6.25,89.7,GratedInlet,48.6,50,0.06890848952590958,0.972,Low Risk
"Auckland, New Zealand",-36.914207,174.717566,73.7,Residential,C,6.25,98.8,Manhole,35.7,10,0.06262525050100201,3.5700000000000003,Low Risk
"Tokyo, Japan",35.617194,139.668548,77.35,Commercial,C,6.25,242.5,OpenChannel,64.0,25,0.02566735112936345,2.56,Low Risk
"Tehran, Iran",35.709705,51.366584,64.16,Commercial,D,10.58,52.8,CurbInlet,23.5,5,0.19665427509293681,4.7,Low Risk
"Brisbane, Australia",-27.300398,153.054727,25.130000000000003,Mixed,C,6.67,161.5,CurbInlet,32.3,100,0.04104615384615384,0.32299999999999995,Low Risk
"Dhaka, Bangladesh",23.760802,90.417449,37.1,Industrial,B,10.58,198.0,GratedInlet,82.7,100,0.05316582914572864,0.8270000000000001,High Risk
"Buenos Aires, Argentina",-34.718054,-58.379462,85.45,Residential,C,8.64,67.7,GratedInlet,19.5,2,0.125764192139738,9.75,Low Risk
"Colombo, Sri Lanka",6.843577,79.842526,17.18,Green,C,2.93,154.8,GratedInlet,51.4,10,0.018806161745827984,5.14,Medium Risk
"Accra, Ghana",5.62251,-0.22747,-1.2,Roads,A,8.66,91.69999999999999,OpenChannel,38.7,5,0.09341963322545849,7.74,Medium Risk
"Paris, France",48.808427,2.279906,103.83,Commercial,B,3.81,4.2,Manhole,19.6,50,0.7326923076923076,0.392,Low Risk
"Doha, Qatar",25.200856,51.667687,46.88,Roads,A,4.51,120.1,OpenChannel,25.9,10,0.03724194880264244,2.59,Low Risk
"Istanbul, Türkiye",40.940379,28.973808,97.56,Residential,C,3.02,10.2,GratedInlet,29.5,10,0.2696428571428572,2.95,Low Risk
"San Francisco, USA",37.699621,-122.366738,29.5,Commercial,D,7.5,12.8,GratedInlet,33.4,2,0.5434782608695652,16.7,Low Risk
"Singapore, Singapore",1.30347,103.820979,2.95,Commercial,A,9.32,104.2,Manhole,52.8,25,0.08859315589353613,2.112,Medium Risk
"Houston, USA",29.738211,-95.43419,46.98,Green,A,2.0,74.8,OpenChannel,31.9,2,0.026385224274406333,15.95,Medium Risk
"Cape Town, South Africa",-33.993151,18.480013,91.93,Residential,C,4.15,118.5,GratedInlet,21.4,5,0.03472803347280335,4.279999999999999,Low Risk
"Amsterdam, Netherlands",52.446797,4.866846,25.130000000000003,Residential,B,5.16,76.2,GratedInlet,44.6,100,0.06683937823834196,0.446,Low Risk
"Hamburg, Germany",53.629559,9.992491,75.56,Industrial,D,6.25,91.69999999999999,CurbInlet,40.9,10,0.06742179072276161,4.09,Low Risk
"New Orleans, USA",29.958394,-90.21213,25.130000000000003,Water,B,6.03,179.8,Manhole,22.6,5,0.033351769911504424,4.5200000000000005,Low Risk
"Rome, Italy",41.899658,12.477563,44.38,Commercial,B,6.25,41.3,GratedInlet,24.8,50,0.14775413711583926,0.496,Low Risk
"Singapore, Singapore",1.250584,103.964467,27.64,Residential,D,6.56,45.1,Manhole,69.3,10,0.1422993492407809,6.93,Low Risk
"Shanghai, China",31.227445,121.422029,9.11,Water,B,5.44,75.8,CurbInlet,24.5,25,0.07083333333333335,0.98,Low Risk
"Hong Kong, China",22.228144,114.256566,9.36,Residential,D,7.15,199.4,OpenChannel,31.5,2,0.03567864271457086,15.75,Low Risk
"Hong Kong, China",22.312751,114.103122,16.76,Commercial,D,4.83,91.69999999999999,CurbInlet,68.1,2,0.05210355987055017,34.05,Low Risk
"Taipei, Taiwan",25.005631,121.506985,131.12,Industrial,B,8.8,91.69999999999999,CurbInlet,40.4,2,0.09492988133764835,20.2,Low Risk
"Shanghai, China",31.190875,121.479518,11.38,Industrial,D,8.27,65.0,CurbInlet,49.7,5,0.1253030303030303,9.940000000000001,Low Risk
"Athens, Greece",37.961044,23.563666,20.72,Roads,A,6.87,50.9,GratedInlet,26.2,10,0.1323699421965318,2.62,Low Risk
"Riyadh, Saudi Arabia",24.64336,46.686333,47.45,Green,A,6.25,165.1,CurbInlet,23.0,10,0.03762793497892836,2.3,Low Risk
"Paris, France",48.893045,2.260981,21.87,Residential,B,8.19,44.3,Manhole,18.4,25,0.18079470198675496,0.736,Low Risk
"Hamburg, Germany",53.611978,10.108059,65.35,Industrial,C,10.74,6.2,GratedInlet,24.4,25,1.4916666666666667,0.976,Low Risk
"Amsterdam, Netherlands",52.342532,4.859696,7.72,Commercial,A,9.35,91.69999999999999,Manhole,27.1,10,0.10086299892125136,2.71,Medium Risk
"Durban, South Africa",-29.853424,31.032758,38.05,Institutional,B,2.56,91.69999999999999,CurbInlet,32.3,10,0.027615965480043154,3.2299999999999995,Medium Risk
"Washington DC, USA",38.999216,-77.039618,-3.0,Green,B,6.25,203.1,GratedInlet,33.9,10,0.03062224399804018,3.3899999999999997,Medium Risk
"Buenos Aires, Argentina",-34.693569,-58.313554,63.9,Commercial,D,6.25,41.7,OpenChannel,47.7,25,0.14637002341920374,1.9080000000000001,Low Risk
"Riyadh, Saudi Arabia",24.714514,46.722161,54.72,Residential,B,7.38,0.6,GratedInlet,11.4,5,4.6125,2.2800000000000002,Low Risk
"Ahmedabad, India",23.069753,72.619834,95.87,Industrial,A,6.25,49.4,GratedInlet,27.2,2,0.12400793650793651,13.6,Low Risk
"Doha, Qatar",25.213652,51.455758,64.2,Residential,C,5.17,180.2,OpenChannel,12.6,50,0.028532008830022076,0.252,Low Risk
"Nairobi, Kenya",-1.430486,36.81412,41.46,Residential,D,3.49,115.2,GratedInlet,15.5,5,0.030034423407917385,3.1,Low Risk
"Bangkok, Thailand",13.831079,100.405684,39.34,Residential,B,3.69,32.1,Manhole,61.7,10,0.11148036253776435,6.17,Low Risk
"New Orleans, USA",29.885492,-90.129196,18.2,Residential,B,7.24,302.1,CurbInlet,25.0,10,0.02388650610359617,2.5,Low Risk
"Mumbai, India",18.958103,72.945249,12.78,Green,D,6.25,234.9,CurbInlet,60.4,100,0.026494277236116998,0.604,Low Risk
"San Francisco, USA",37.817249,-122.539137,137.68,Commercial,B,4.5,206.7,OpenChannel,22.0,5,0.021665864227250843,4.4,Low Risk
"Bogotá, Colombia",4.615015,-74.103586,86.21,Commercial,D,5.68,229.7,OpenChannel,26.3,2,0.024620719549198092,13.15,Low Risk
"Delhi, India",28.578707,77.129648,52.0,Residential,A,5.05,52.1,Manhole,57.2,50,0.0951035781544256,1.1440000000000001,Low Risk
"Paris, France",49.00432,2.384769,80.1,Roads,B,11.5,91.69999999999999,OpenChannel,26.2,50,0.12405609492988136,0.524,Low Risk
"Athens, Greece",38.085449,23.694449,89.01,Residential,B,4.69,251.2,OpenChannel,33.3,100,0.018596352101506744,0.33299999999999996,Low Risk
"Barcelona, Spain",41.397426,2.130915,7.75,Industrial,A,8.81,13.6,OpenChannel,59.5,5,0.6034246575342467,11.9,Medium Risk
"Copenhagen, Denmark",55.752965,12.543794,33.28,Industrial,B,9.34,192.4,OpenChannel,39.7,10,0.04829369183040331,3.97,Low Risk
"San Francisco, USA",37.667235,-122.385164,157.71,Roads,B,7.72,58.6,CurbInlet,32.7,5,0.12953020134228188,6.540000000000001,Low Risk
"London, UK",51.538351,-0.044745,19.38,Residential,B,6.81,217.2,CurbInlet,25.5,5,0.031209899175068744,5.1,Low Risk
"Hong Kong, China",22.363853,114.231517,-3.0,Green,D,6.46,196.4,Manhole,80.0,50,0.03272543059777102,1.6,High Risk
"Houston, USA",29.76286,-95.326222,-3.0,Residential,B,3.25,257.9,OpenChannel,14.1,10,0.012553109308613366,1.41,Medium Risk
"Miami, USA",25.683689,-80.143126,20.23,Commercial,A,7.96,80.1,CurbInlet,64.0,100,0.09815043156596795,0.64,Low Risk
"New Orleans, USA",29.917917,-90.133784,10.49,Residential,D,8.41,85.6,Manhole,34.8,2,0.09711316397228638,17.4,Low Risk
"Manila, Philippines",14.626959,121.034607,5.55,Residential,D,2.59,206.9,OpenChannel,43.3,25,0.012457912457912456,1.732,Medium Risk
"Athens, Greece",37.93318,23.867411,101.45,Commercial,A,8.64,107.2,CurbInlet,50.0,25,0.07985212569316082,2.0,Low Risk
"Singapore, Singapore",1.381917,103.765085,9.63,Commercial,A,9.38,250.4,OpenChannel,47.4,25,0.037311058074781224,1.896,Low Risk
"San Francisco, USA",37.826832,-122.317446,25.130000000000003,Industrial,B,5.84,51.2,GratedInlet,39.1,50,0.11187739463601531,0.782,Low Risk
"Tokyo, Japan",35.619716,139.666566,85.07,Roads,A,7.14,22.0,OpenChannel,13.1,5,0.3104347826086956,2.62,Low Risk
"New Orleans, USA",30.013738,-89.898774,7.31,Roads,C,9.29,62.7,OpenChannel,88.1,5,0.14583987441130297,17.619999999999997,High Risk
"Karachi, Pakistan",24.79732,66.950893,39.82,Commercial,D,5.92,26.1,CurbInlet,29.7,5,0.218450184501845,5.9399999999999995,Low Risk
"Karachi, Pakistan",24.92432,67.113589,-3.0,Residential,D,5.59,22.5,Manhole,26.8,2,0.2378723404255319,13.4,High Risk
"Jakarta, Indonesia",-6.291373,106.866273,23.46,Residential,B,4.57,19.6,CurbInlet,99.9,10,0.22184466019417476,9.99,High Risk
"Nairobi, Kenya",-1.189306,36.702201,33.15,Residential,B,3.78,87.1,Manhole,28.6,25,0.04290578887627696,1.1440000000000001,Low Risk
"Nairobi, Kenya",-1.294683,36.690698,0.43,Residential,B,5.92,15.7,OpenChannel,19.6,2,0.35449101796407184,9.8,Medium Risk
"Chennai, India",13.094673,80.136531,1.55,Residential,B,6.25,175.8,CurbInlet,78.8,50,0.035350678733031674,1.5759999999999998,Medium Risk
"Mumbai, India",19.119209,72.974745,-1.52,Industrial,B,5.29,80.9,Manhole,60.4,25,0.06459096459096458,2.416,High Risk
"Karachi, Pakistan",24.873609,67.004016,168.72,Commercial,B,5.13,126.1,Manhole,53.8,5,0.04036191974822974,10.76,Low Risk
"Shenzhen, China",22.601394,114.076103,11.56,Roads,B,7.98,92.1,CurbInlet,129.1,100,0.08571428571428573,1.291,High Risk
"Rome, Italy",41.918194,12.655554,25.130000000000003,Green,B,6.25,224.5,GratedInlet,37.3,5,0.02771618625277162,7.459999999999999,Low Risk
"Lima, Peru",-12.092222,-77.063148,25.130000000000003,Residential,A,3.38,74.1,GratedInlet,85.6,5,0.04500665778961385,17.119999999999997,High Risk
"Osaka, Japan",34.572652,135.500546,-3.0,Residential,C,6.25,86.9,GratedInlet,33.4,2,0.07110352673492605,16.7,High Risk
"Jakarta, Indonesia",-6.355887,106.72977,8.53,Residential,A,6.13,99.6,Manhole,65.8,10,0.06093439363817098,6.58,Low Risk
"Lima, Peru",-11.99651,-77.205472,76.66,Residential,B,4.03,91.69999999999999,OpenChannel,56.9,10,0.043473570658036684,5.6899999999999995,Low Risk
"Cape Town, South Africa",-33.916867,18.403212,25.130000000000003,Residential,D,3.9,6.0,CurbInlet,72.5,50,0.5571428571428572,1.45,Low Risk
"Kuala Lumpur, Malaysia",3.132832,101.668637,7.92,Residential,D,5.14,78.6,GratedInlet,72.2,100,0.06457286432160804,0.722,High Risk
"Amsterdam, Netherlands",52.34962,4.931453,35.31,Informal,A,7.09,91.69999999999999,Manhole,27.3,100,0.07648327939590076,0.273,Low Risk
"London, UK",51.522421,-0.041596,30.56,Institutional,D,5.68,165.4,CurbInlet,51.7,25,0.03413461538461538,2.068,Low Risk
"Kuala Lumpur, Malaysia",3.182016,101.620147,85.22,Commercial,A,10.16,122.1,GratedInlet,72.1,100,0.08253452477660439,0.721,Low Risk
"Miami, USA",25.786716,-80.317555,7.27,Institutional,D,2.87,263.6,OpenChannel,41.2,10,0.010846560846560846,4.12,Medium Risk
"Miami, USA",25.78801,-80.325151,9.35,Commercial,B,3.97,157.1,CurbInlet,50.9,5,0.02511068943706515,10.18,Low Risk
"New Orleans, USA",29.993055,-90.129588,13.63,Roads,A,6.04,75.8,CurbInlet,46.0,50,0.07864583333333333,0.92,Low Risk
"Sydney, Australia",-33.793664,151.092246,1.95,Roads,C,9.25,110.7,CurbInlet,51.9,5,0.0828111011638317,10.379999999999999,Medium Risk
"Seoul, South Korea",37.539976,127.097577,50.72,Commercial,B,8.27,121.5,CurbInlet,39.7,10,0.06751020408163265,3.97,Low Risk
"Hyderabad, India",17.331108,78.483171,64.42,Green,C,6.37,185.3,CurbInlet,41.2,25,0.034192163177670425,1.6480000000000001,Low Risk
"Rio de Janeiro, Brazil",-22.863116,-43.254828,17.32,Industrial,C,10.0,168.4,OpenChannel,60.7,100,0.05903187721369539,0.607,Low Risk
"Doha, Qatar",25.29081,51.644414,25.130000000000003,Commercial,B,6.19,4.8,GratedInlet,23.2,2,1.067241379310345,11.6,Low Risk
"Sydney, Australia",-33.785876,151.266765,5.76,Green,D,8.36,131.9,Manhole,19.3,2,0.06290443942814146,9.65,Medium Risk
"Brisbane, Australia",-27.447855,153.020973,81.74,Green,A,6.22,118.6,GratedInlet,51.6,5,0.0520066889632107,10.32,Low Risk
"Sydney, Australia",-33.937933,151.32663,-1.47,Industrial,C,5.36,49.6,CurbInlet,29.3,10,0.10592885375494071,2.93,Medium Risk
"Taipei, Taiwan",24.990263,121.476219,62.46,Roads,C,3.63,129.8,OpenChannel,21.8,5,0.02775229357798165,4.36,Low Risk
"Lima, Peru",-12.042736,-77.1659,42.61,Roads,B,6.24,56.6,CurbInlet,24.1,2,0.10833333333333334,12.05,Low Risk
"Montreal, Canada",45.463651,-73.619883,45.99,Roads,D,9.58,91.69999999999999,Manhole,16.1,10,0.10334412081984899,1.61,Low Risk
"Rotterdam, Netherlands",51.927443,4.541447,26.82,Industrial,C,6.3,28.2,OpenChannel,23.8,10,0.21575342465753425,2.38,Low Risk
"Amsterdam, Netherlands",52.474882,4.858746,7.81,Industrial,C,5.29,14.2,Manhole,37.9,25,0.3480263157894737,1.516,Medium Risk
"Singapore, Singapore",1.452783,103.876058,25.130000000000003,Industrial,D,10.89,53.0,GratedInlet,48.1,5,0.2016666666666667,9.620000000000001,Low Risk
"Vancouver, Canada",49.383375,-123.251292,-3.0,Mixed,B,5.25,61.2,CurbInlet,57.8,25,0.08440514469453375,2.312,High Risk
"Ho Chi Minh City, Vietnam",10.84268,106.748436,21.62,Water,C,7.59,200.3,Manhole,54.0,2,0.03770491803278688,27.0,Low Risk
"Sao Paulo, Brazil",-23.507038,-46.615278,-3.0,Roads,B,6.45,43.5,Manhole,45.1,10,0.1449438202247191,4.51,Medium Risk
"Vancouver, Canada",49.314033,-123.119837,9.94,Industrial,B,9.75,12.9,GratedInlet,16.9,2,0.7014388489208633,8.45,Low Risk
"Athens, Greece",37.888212,23.817331,-3.0,Commercial,B,5.62,91.69999999999999,CurbInlet,31.8,5,0.06062567421790724,6.36,Medium Risk
"Manila, Philippines",14.562976,121.036665,25.130000000000003,Industrial,C,10.2,20.0,CurbInlet,53.3,10,0.48571428571428565,5.33,Low Risk
"Taipei, Taiwan",24.974956,121.547199,84.02,Residential,C,6.83,23.3,GratedInlet,15.2,50,0.2810699588477366,0.304,Low Risk
"Riyadh, Saudi Arabia",24.551771,46.712203,-3.0,Mixed,A,6.03,74.6,Manhole,21.8,2,0.07976190476190477,10.9,Medium Risk
"Houston, USA",29.735935,-95.236374,57.71,Residential,D,7.9,91.69999999999999,CurbInlet,23.5,5,0.08522114347357067,4.7,Low Risk
"Accra, Ghana",5.701548,-0.269862,9.88,Residential,C,3.81,60.2,Manhole,79.2,50,0.062254901960784315,1.584,Low Risk
"Sydney, Australia",-33.851686,151.135394,-3.0,Industrial,C,6.25,275.3,OpenChannel,17.0,5,0.022620340209916757,3.4,Medium Risk
"Riyadh, Saudi Arabia",24.712484,46.758972,10.03,Roads,D,9.36,17.1,CurbInlet,15.7,10,0.5171270718232044,1.5699999999999998,Low Risk
"Lima, Peru",-12.052395,-77.084216,79.0,Residential,B,3.62,112.3,OpenChannel,23.1,2,0.031950573698146516,11.55,Low Risk
"Karachi, Pakistan",24.821874,67.022477,207.57,Residential,A,6.57,91.69999999999999,GratedInlet,48.0,25,0.07087378640776701,1.92,Low Risk
"Chennai, India",13.158386,80.376051,27.64,Industrial,C,7.0,159.1,GratedInlet,56.9,5,0.04372267332916927,11.379999999999999,Low Risk
"Istanbul, Türkiye",41.106308,28.918704,42.19,Residential,C,4.66,1.4,Manhole,13.7,10,1.9416666666666669,1.3699999999999999,Low Risk
"Pune, India",18.649573,73.829042,33.71,Residential,D,6.31,242.2,OpenChannel,23.2,2,0.025945723684210525,11.6,Low Risk
"Philadelphia, USA",39.861922,-75.125416,-3.0,Residential,B,5.59,333.1,CurbInlet,34.7,10,0.016731517509727626,3.47,Medium Risk
"Brisbane, Australia",-27.595665,152.99241,25.02,Green,B,6.71,112.1,CurbInlet,43.6,100,0.05932802829354554,0.436,Low Risk
"Rio de Janeiro, Brazil",-22.926207,-43.157763,26.66,Residential,C,6.25,36.9,GratedInlet,44.8,10,0.16490765171503957,4.4799999999999995,Low Risk
"Auckland, New Zealand",-36.7016,174.72417,91.62,Residential,C,3.97,39.9,Manhole,46.7,5,0.09706601466992666,9.34,Low Risk
"Rotterdam, Netherlands",51.920377,4.480419,-2.84,Roads,A,8.02,132.5,GratedInlet,64.1,10,0.06007490636704119,6.409999999999999,Medium Risk
"Washington DC, USA",38.879099,-77.041732,71.47,Commercial,A,5.55,108.7,CurbInlet,27.3,10,0.050592525068368276,2.73,Low Risk
"Vancouver, Canada",49.165174,-123.104249,16.03,Residential,B,2.93,112.3,GratedInlet,37.5,2,0.025860547219770522,18.75,Medium Risk
"Dhaka, Bangladesh",23.799724,90.459875,57.42,Green,A,4.85,291.8,Manhole,101.3,100,0.01656420765027322,1.013,High Risk
"New York, USA",40.700856,-74.01971,55.66,Green,A,3.11,67.7,GratedInlet,23.2,5,0.04526928675400291,4.64,Low Risk
"Lima, Peru",-12.054308,-76.941589,-3.0,Roads,D,5.35,59.6,GratedInlet,17.3,2,0.08828382838283827,8.65,High Risk
"Barcelona, Spain",41.433134,2.159418,17.58,Commercial,B,6.28,71.8,Manhole,30.8,10,0.08626373626373628,3.08,Low Risk
"Pune, India",18.41893,73.898579,38.52,Mixed,B,2.92,76.2,CurbInlet,24.5,2,0.03782383419689119,12.25,Medium Risk
"Hanoi, Vietnam",21.041383,105.809341,94.45,Residential,D,6.25,102.0,CurbInlet,109.7,50,0.06067961165048544,2.194,High Risk
"London, UK",51.450147,0.029632,7.46,Green,C,4.62,137.6,CurbInlet,41.9,50,0.03333333333333333,0.838,Medium Risk
"Philadelphia, USA",39.977663,-75.138597,2.92,Industrial,A,6.25,3.6,GratedInlet,31.9,5,1.358695652173913,6.38,Medium Risk
"Riyadh, Saudi Arabia",24.602366,46.653616,87.83,Roads,C,7.63,86.0,CurbInlet,6.7,25,0.08770114942528735,0.268,Low Risk
"Shanghai, China",31.244103,121.425075,2.04,Roads,C,10.24,88.3,GratedInlet,42.9,25,0.11466965285554312,1.716,Medium Risk
"Tehran, Iran",35.668336,51.363575,25.130000000000003,Roads,B,9.15,56.1,CurbInlet,23.0,5,0.16024518388791595,4.6,Low Risk
"Sydney, Australia",-33.843459,151.225685,24.72,Commercial,D,7.31,1.1,GratedInlet,20.3,10,3.4809523809523806,2.0300000000000002,Low Risk
"San Francisco, USA",37.743407,-122.421342,25.130000000000003,Residential,B,8.16,30.1,Manhole,32.8,50,0.2623794212218649,0.6559999999999999,Low Risk
"Bengaluru, India",12.930679,77.660193,47.08,Commercial,C,8.83,120.3,CurbInlet,16.2,5,0.07279472382522671,3.2399999999999998,Low Risk
"Mumbai, India",19.040309,72.889891,2.8,Commercial,C,5.74,64.1,CurbInlet,34.1,10,0.0881720430107527,3.41,Medium Risk
"Buenos Aires, Argentina",-34.584343,-58.347751,-3.0,Roads,C,7.81,108.6,GratedInlet,43.5,50,0.07125912408759125,0.87,High Risk
"Ahmedabad, India",22.952621,72.653047,63.54,Residential,D,5.23,80.1,Manhole,33.6,2,0.06448828606658448,16.8,Low Risk
"Washington DC, USA",38.914072,-77.02681,40.53,Commercial,B,6.81,94.7,CurbInlet,20.4,25,0.07115987460815046,0.816,Low Risk
"Washington DC, USA",38.817143,-76.999981,62.9,Green,B,1.99,219.5,Manhole,61.9,50,0.009024943310657596,1.238,Medium Risk
"Seoul, South Korea",37.637419,126.971739,27.64,Commercial,D,6.5,131.6,OpenChannel,39.5,2,0.049019607843137254,19.75,Low Risk
"Washington DC, USA",38.902993,-77.015935,-3.0,Residential,B,6.21,202.2,OpenChannel,41.3,2,0.030561023622047247,20.65,Medium Risk
"Auckland, New Zealand",-36.858992,174.728861,15.34,Residential,B,5.12,161.9,GratedInlet,29.9,2,0.03143032535297729,14.95,Low Risk
"Istanbul, Türkiye",41.057945,29.026179,0.78,Roads,A,5.77,91.69999999999999,CurbInlet,26.0,10,0.06224379719525351,2.6,Medium Risk
"Hamburg, Germany",53.445347,9.975697,111.08,Commercial,D,9.83,28.6,GratedInlet,27.5,5,0.33209459459459456,5.5,Low Risk
"Rome, Italy",41.805683,12.509814,77.91,Green,B,3.81,257.1,Manhole,36.9,100,0.014761720263463772,0.369,Low Risk
"Bengaluru, India",13.08247,77.596147,73.87,Water,C,8.08,9.0,CurbInlet,54.4,2,0.808,27.2,Low Risk
"Buenos Aires, Argentina",-34.53603,-58.514436,32.62,Industrial,A,6.25,95.0,CurbInlet,42.0,2,0.06510416666666667,21.0,Low Risk
"Seoul, South Korea",37.497128,126.989437,62.64,Roads,C,9.44,91.69999999999999,CurbInlet,78.2,10,0.10183387270765912,7.82,Low Risk
"Washington DC, USA",38.885243,-77.087806,25.130000000000003,Green,A,3.71,123.7,OpenChannel,45.2,10,0.0297514033680834,4.5200000000000005,Low Risk
"Taipei, Taiwan",24.980003,121.560695,-0.11,Green,C,4.18,22.6,Manhole,18.3,5,0.1771186440677966,3.66,Medium Risk
"Lagos, Nigeria",6.454282,3.340342,14.03,Residential,B,2.91,73.3,CurbInlet,33.1,2,0.039165545087483176,16.55,Medium Risk
"Brisbane, Australia",-27.320437,152.90173,-3.0,Roads,D,6.25,108.1,GratedInlet,49.6,10,0.05728689275893676,4.96,High Risk
"Nairobi, Kenya",-1.302091,36.792789,71.88,Commercial,D,6.25,267.1,OpenChannel,44.0,2,0.02331219694143976,22.0,Low Risk
"Karachi, Pakistan",24.922791,67.046273,118.81,Residential,A,3.09,91.69999999999999,CurbInlet,48.6,25,0.03333333333333333,1.944,Low Risk
"Durban, South Africa",-29.835599,31.112207,25.54,Mixed,D,4.61,123.7,OpenChannel,23.1,5,0.03696872493985565,4.62,Low Risk
"Manila, Philippines",14.565542,120.892138,-3.0,Residential,D,6.16,240.9,OpenChannel,52.6,25,0.025465068210004133,2.104,High Risk
"Philadelphia, USA",40.061779,-75.132898,32.51,Industrial,A,10.62,38.9,Manhole,36.5,5,0.26616541353383455,7.3,Low Risk
"Tehran, Iran",35.805944,51.429591,16.94,Mixed,C,7.55,170.8,OpenChannel,33.4,10,0.0439464493597206,3.34,Low Risk
"Tokyo, Japan",35.780564,139.724406,48.46,Residential,D,5.71,27.2,Manhole,27.2,25,0.20248226950354611,1.088,Low Risk
"Guangzhou, China",23.253732,113.231547,16.05,Green,A,5.68,463.2,OpenChannel,118.5,50,0.012236105127100388,2.37,High Risk
"Montreal, Canada",45.622928,-73.570061,94.59,Residential,D,7.83,112.3,CurbInlet,57.9,10,0.06910856134157105,5.79,Low Risk
"Mexico City, Mexico",19.382919,-99.093299,0.77,Commercial,C,9.12,266.6,OpenChannel,31.8,25,0.034080717488789235,1.272,Medium Risk
"Pune, India",18.441224,73.898098,93.71,Roads,A,8.54,49.8,Manhole,81.6,2,0.16811023622047244,40.8,High Risk
"Mumbai, India",19.181069,72.951292,11.73,Industrial,C,10.6,62.5,CurbInlet,47.0,5,0.16692913385826771,9.4,Low Risk
"Shanghai, China",31.179101,121.535345,-0.93,Roads,B,9.77,100.0,CurbInlet,13.7,5,0.09673267326732674,2.7399999999999998,Medium Risk
"Nairobi, Kenya",-1.31365,36.782376,94.65,Roads,B,4.67,44.7,CurbInlet,41.9,5,0.10218818380743981,8.379999999999999,Low Risk
"Doha, Qatar",25.171765,51.583772,63.71,Roads,D,6.39,91.69999999999999,GratedInlet,7.6,10,0.06893203883495146,0.76,Low Risk
"Mexico City, Mexico",19.565856,-99.11757,81.46,Residential,A,5.33,26.4,GratedInlet,42.3,10,0.1945255474452555,4.2299999999999995,Low Risk
"Montreal, Canada",45.368058,-73.484158,25.55,Commercial,B,3.33,86.1,CurbInlet,31.2,2,0.03823191733639495,15.6,Low Risk
"Lima, Peru",-12.039891,-77.090972,36.82,Roads,B,9.32,4.5,CurbInlet,62.0,5,1.6945454545454546,12.4,Low Risk
"Durban, South Africa",-29.865091,30.973531,29.75,Commercial,C,9.13,20.4,CurbInlet,57.3,50,0.42663551401869165,1.146,Low Risk
"Pune, India",18.444489,73.901304,42.25,Industrial,C,7.77,188.4,GratedInlet,23.7,2,0.04102428722280887,11.85,Low Risk
"Montreal, Canada",45.398908,-73.649442,24.86,Roads,C,6.2,193.6,OpenChannel,33.1,5,0.03186022610483042,6.62,Low Risk
"Delhi, India",28.550103,77.292346,33.38,Institutional,D,6.25,239.9,CurbInlet,67.4,25,0.025944375259443753,2.696,Low Risk
"Washington DC, USA",38.905521,-77.010384,25.130000000000003,Roads,C,4.45,91.69999999999999,CurbInlet,91.3,10,0.048004314994606265,9.129999999999999,High Risk
"Pune, India",18.595732,73.828706,76.46,Roads,B,7.13,6.8,Manhole,20.1,5,0.9141025641025641,4.0200000000000005,Low Risk
"Bengaluru, India",13.11177,77.548232,30.77,Industrial,C,7.81,17.1,GratedInlet,20.5,2,0.4314917127071823,10.25,Low Risk
"Ahmedabad, India",23.12439,72.639583,25.130000000000003,Residential,C,6.25,91.69999999999999,CurbInlet,57.3,2,0.06742179072276161,28.65,Low Risk
"Lagos, Nigeria",6.545532,3.527997,22.38,Residential,A,7.11,19.7,CurbInlet,122.4,50,0.34347826086956523,2.448,High Risk
"Seoul, South Korea",37.544612,126.921125,36.52,Residential,B,4.31,11.8,Manhole,13.2,2,0.33671874999999996,6.6,Low Risk
"Paris, France",48.748073,2.447986,42.08,Roads,B,10.43,308.4,OpenChannel,42.2,100,0.033710407239819,0.42200000000000004,Low Risk
"Cape Town, South Africa",-33.94121,18.398241,9.66,Industrial,B,5.21,86.0,GratedInlet,29.6,25,0.059885057471264366,1.1840000000000002,Low Risk
"Sao Paulo, Brazil",-23.604242,-46.749131,71.87,Green,A,6.66,223.1,GratedInlet,25.1,10,0.029718875502008035,2.5100000000000002,Low Risk
"Lagos, Nigeria",6.499218,3.37778,14.56,Commercial,A,6.07,56.4,CurbInlet,54.3,10,0.10574912891986063,5.43,Low Risk
"Cape Town, South Africa",-33.975397,18.381482,217.92,Residential,D,7.75,80.7,CurbInlet,18.7,5,0.09485924112607098,3.7399999999999998,Low Risk
"Osaka, Japan",34.781139,135.702971,75.84,Green,B,4.55,316.4,CurbInlet,36.1,5,0.014335223692501576,7.220000000000001,Low Risk
"Bengaluru, India",12.967102,77.489353,-3.0,Roads,B,3.28,91.69999999999999,OpenChannel,32.5,2,0.03538295577130529,16.25,Medium Risk
"Singapore, Singapore",1.327545,103.794893,18.22,Residential,B,6.75,18.9,GratedInlet,33.7,50,0.3391959798994975,0.674,Low Risk
"Ahmedabad, India",22.995238,72.572519,18.03,Green,A,5.94,583.4,CurbInlet,61.2,10,0.010164271047227927,6.12,Low Risk
"Dhaka, Bangladesh",23.877002,90.544941,85.99,Institutional,C,3.37,375.4,GratedInlet,135.8,50,0.008953241232731137,2.716,High Risk
"Doha, Qatar",25.278182,51.401339,54.52,Commercial,A,6.13,1.2,CurbInlet,12.0,2,2.786363636363636,6.0,Low Risk
"Copenhagen, Denmark",55.65663,12.541055,2.38,Roads,A,7.92,330.0,OpenChannel,30.0,5,0.023927492447129908,6.0,Medium Risk
"Singapore, Singapore",1.298644,103.760688,18.52,Roads,A,9.02,91.69999999999999,CurbInlet,83.7,100,0.09730312837108954,0.8370000000000001,High Risk
"Ahmedabad, India",23.025113,72.576207,30.91,Residential,C,7.66,175.0,GratedInlet,46.7,10,0.043522727272727275,4.67,Low Risk
"Washington DC, USA",38.90712,-77.071526,25.130000000000003,Commercial,C,6.23,94.4,Manhole,18.8,5,0.06530398322851153,3.7600000000000002,Low Risk
"New York, USA",40.531515,-74.049273,28.53,Roads,B,10.78,94.7,GratedInlet,15.1,5,0.11264367816091952,3.02,Low Risk
"Hanoi, Vietnam",21.112174,105.827814,92.2,Residential,B,4.51,134.4,CurbInlet,66.8,25,0.03330871491875923,2.6719999999999997,Low Risk
"Nairobi, Kenya",-1.450604,36.964612,40.18,Commercial,B,6.78,90.8,GratedInlet,53.8,50,0.0738562091503268,1.0759999999999998,Low Risk
"Philadelphia, USA",39.998389,-75.252837,24.57,Commercial,C,6.37,21.0,Manhole,41.8,2,0.28954545454545455,20.9,Low Risk
"Nairobi, Kenya",-1.252707,36.910278,31.02,Roads,D,9.11,11.5,GratedInlet,56.2,10,0.7288,5.62,Low Risk
"Ahmedabad, India",22.953456,72.641284,-3.0,Residential,B,7.98,86.8,OpenChannel,21.3,25,0.09088838268792712,0.852,Medium Risk
"Rio de Janeiro, Brazil",-22.92871,-43.132041,16.4,Residential,C,3.84,107.1,OpenChannel,107.5,10,0.035522664199814986,10.75,High Risk
"Guangzhou, China",23.274446,113.195713,25.130000000000003,Residential,B,7.39,91.69999999999999,OpenChannel,113.0,100,0.07971952535059332,1.13,High Risk
"Ho Chi Minh City, Vietnam",10.869942,106.584053,59.22,Residential,A,3.62,91.69999999999999,GratedInlet,98.5,50,0.03905070118662352,1.97,High Risk
"Hanoi, Vietnam",21.079761,105.862048,74.07,Residential,B,5.42,86.0,Manhole,150.0,100,0.06229885057471264,1.5,High Risk
"Vancouver, Canada",49.251744,-123.043218,31.22,Water,D,8.0,79.8,GratedInlet,38.4,25,0.09900990099009901,1.536,Low Risk
"Tehran, Iran",35.670953,51.498173,49.54,Commercial,C,7.76,177.3,OpenChannel,28.3,2,0.04352215367358384,14.15,Low Risk
"Rio de Janeiro, Brazil",-22.909294,-43.072448,22.14,Water,B,2.99,204.7,Manhole,102.3,100,0.014535731648031115,1.023,High Risk
"Montreal, Canada",45.580423,-73.536849,-3.0,Roads,C,8.09,74.4,GratedInlet,22.9,25,0.1072944297082228,0.9159999999999999,Medium Risk
"Rome, Italy",41.826744,12.727787,69.98,Residential,B,7.79,30.6,CurbInlet,14.6,5,0.24651898734177213,2.92,Low Risk
"Sao Paulo, Brazil",-23.412793,-46.641117,123.92,Roads,D,6.25,91.8,Manhole,54.4,5,0.06734913793103449,10.879999999999999,Low Risk
"Athens, Greece",38.102407,23.666691,12.62,Green,C,3.13,199.9,OpenChannel,40.5,5,0.015579890492782477,8.1,Low Risk
"New Orleans, USA",29.97508,-90.122542,16.77,Roads,B,6.96,15.8,CurbInlet,40.6,5,0.41428571428571426,8.120000000000001,Low Risk
"Durban, South Africa",-29.885025,31.146666,51.95,Industrial,C,6.16,177.5,CurbInlet,30.2,25,0.034509803921568626,1.208,Low Risk
"Riyadh, Saudi Arabia",24.798899,46.722769,101.09,Institutional,B,2.78,91.69999999999999,GratedInlet,9.3,25,0.02998921251348436,0.37200000000000005,Medium Risk
"Jakarta, Indonesia",-6.063204,107.044783,-3.0,Commercial,C,9.43,9.3,CurbInlet,31.0,25,0.9155339805825242,1.24,Medium Risk
"Copenhagen, Denmark",55.655924,12.577613,14.51,Residential,C,3.24,6.5,Manhole,59.6,50,0.43200000000000005,1.192,Low Risk
"Lima, Peru",-11.982429,-77.015782,-3.0,Commercial,B,5.97,97.2,Manhole,30.5,2,0.06079429735234215,15.25,Medium Risk
"Tehran, Iran",35.760324,51.310389,-3.0,Commercial,C,10.29,91.69999999999999,OpenChannel,20.1,50,0.11100323624595469,0.402,Medium Risk
"Rio de Janeiro, Brazil",-22.940979,-43.079946,13.42,Industrial,B,4.6,86.2,CurbInlet,78.5,10,0.05275229357798165,7.85,Low Risk
"Miami, USA",25.721869,-80.299723,15.55,Residential,A,7.98,94.2,CurbInlet,128.5,50,0.08382352941176471,2.57,High Risk
"Brisbane, Australia",-27.439625,153.102577,84.54,Residential,D,7.8,155.6,Manhole,42.1,2,0.04980842911877395,21.05,Low Risk
"Sydney, Australia",-33.989784,151.199791,25.130000000000003,Residential,C,7.08,27.7,Manhole,12.3,2,0.24668989547038328,6.15,Low Risk
"Vancouver, Canada",49.156524,-123.204919,11.87,Industrial,A,5.09,119.9,CurbInlet,42.6,2,0.04210090984284532,21.3,Low Risk
"Singapore, Singapore",1.310383,103.920371,0.77,Green,C,6.04,155.8,OpenChannel,36.9,2,0.0385204081632653,18.45,Medium Risk
"Taipei, Taiwan",25.032737,121.627418,100.61,Roads,D,9.04,41.6,CurbInlet,20.8,10,0.21220657276995303,2.08,Low Risk
"Rio de Janeiro, Brazil",-23.030736,-43.153495,10.99,Green,D,4.45,156.4,GratedInlet,38.1,25,0.028271918678526048,1.524,Low Risk
"Tehran, Iran",35.466197,51.407031,37.51,Commercial,C,7.76,45.7,OpenChannel,31.9,50,0.16616702355460383,0.638,Low Risk
"Osaka, Japan",34.706225,135.34055,88.82,Residential,A,4.78,91.69999999999999,CurbInlet,31.2,2,0.051564185544768076,15.6,Low Risk
"Philadelphia, USA",40.191083,-75.061504,12.93,Residential,A,6.25,111.7,Manhole,17.5,10,0.05545696539485359,1.75,Low Risk
"Bogotá, Colombia",4.65572,-74.198345,107.59,Residential,A,7.97,107.7,GratedInlet,44.7,2,0.07332106715731371,22.35,Low Risk
"Bogotá, Colombia",4.742938,-74.125047,-3.0,Residential,B,2.96,5.7,GratedInlet,38.6,5,0.4417910447761194,7.720000000000001,Medium Risk
"London, UK",51.487492,-0.095379,45.69,Residential,D,7.38,11.8,Manhole,22.4,10,0.5765625,2.2399999999999998,Low Risk
"Houston, USA",29.86551,-95.374103,42.48,Residential,B,7.04,65.4,CurbInlet,34.8,50,0.10602409638554217,0.696,Low Risk
"Taipei, Taiwan",24.827604,121.630241,-3.0,Roads,C,4.29,91.69999999999999,Manhole,26.9,50,0.046278317152103565,0.5379999999999999,High Risk
"London, UK",51.392913,-0.14086,69.38,Residential,A,4.2,60.5,Manhole,16.9,5,0.06829268292682927,3.38,Low Risk
"Rotterdam, Netherlands",51.878536,4.411624,13.68,Residential,D,2.48,48.0,CurbInlet,53.9,10,0.05061224489795918,5.39,Medium Risk
"Pune, India",18.518432,73.960971,47.81,Roads,D,4.31,30.8,CurbInlet,25.8,10,0.13553459119496855,2.58,Low Risk
"Delhi, India",28.589648,77.197997,93.2,Residential,B,4.04,669.5,CurbInlet,19.7,50,0.006025354213273677,0.39399999999999996,Low Risk
"Mexico City, Mexico",19.508593,-99.127515,95.63,Commercial,B,3.23,178.5,OpenChannel,15.8,10,0.017994428969359332,1.58,Low Risk
"Houston, USA",29.817758,-95.350056,28.07,Roads,C,7.13,19.8,Manhole,36.4,2,0.34278846153846154,18.2,Low Risk
"Bogotá, Colombia",4.667515,-74.123444,90.61,Roads,B,9.67,99.8,Manhole,17.1,100,0.09593253968253969,0.171,Low Risk
"Lima, Peru",-12.063188,-77.08842,48.13,Commercial,A,7.45,84.0,GratedInlet,27.0,25,0.08764705882352941,1.08,Low Risk
"Paris, France",48.970684,2.446874,61.18,Commercial,C,7.02,113.8,CurbInlet,23.0,100,0.06114982578397212,0.23,Low Risk
"Ho Chi Minh City, Vietnam",10.799522,106.466662,1.22,Roads,A,9.48,76.1,GratedInlet,52.0,25,0.12295719844357979,2.08,Medium Risk
"Hamburg, Germany",53.501247,9.925655,22.17,Roads,D,3.26,137.3,CurbInlet,10.5,2,0.023571945046999273,5.25,Low Risk
"Osaka, Japan",34.71992,135.496941,128.37,Green,B,6.61,375.6,CurbInlet,26.5,2,0.017551779075942645,13.25,Low Risk
"Lagos, Nigeria",6.558432,3.328856,11.48,Roads,A,4.37,95.3,Manhole,97.2,5,0.04537902388369678,19.44,High Risk
"Philadelphia, USA",39.899265,-75.183478,63.78,Green,A,4.5,74.9,OpenChannel,29.1,5,0.05928853754940711,5.82,Low Risk
"Rotterdam, Netherlands",51.943671,4.492108,6.65,Roads,A,9.08,88.9,Manhole,9.0,5,0.10100111234705228,1.8,Medium Risk
"Auckland, New Zealand",-36.788851,174.681236,33.09,Commercial,A,6.57,80.6,Manhole,35.3,10,0.08051470588235295,3.53,Low Risk
"Bengaluru, India",13.00686,77.641121,26.79,Institutional,C,5.22,253.6,CurbInlet,16.9,5,0.020502749410840532,3.38,Low Risk
"Lagos, Nigeria",6.588569,3.186932,9.95,Green,B,6.25,110.6,CurbInlet,42.3,100,0.05600358422939068,0.423,Low Risk
"New York, USA",40.701315,-73.886377,111.04,Roads,B,5.43,126.7,CurbInlet,28.0,2,0.04252153484729835,14.0,Low Risk
"Riyadh, Saudi Arabia",24.626105,46.649479,60.75,Roads,D,5.88,52.8,Manhole,15.8,5,0.10929368029739778,3.16,Low Risk
"Manila, Philippines",14.574304,120.856532,-2.74,Residential,C,2.74,153.4,Manhole,128.2,50,0.017746113989637307,2.5639999999999996,High Risk
"Accra, Ghana",5.530227,-0.109746,5.1,Industrial,D,6.25,51.2,GratedInlet,120.4,10,0.11973180076628352,12.040000000000001,High Risk
"Delhi, India",28.554005,77.273017,65.78,Green,A,5.69,200.0,Manhole,62.3,5,0.02830845771144279,12.459999999999999,Low Risk
"Hong Kong, China",22.265738,113.972914,4.79,Roads,A,6.25,251.3,CurbInlet,43.4,10,0.024772096710265555,4.34,Medium Risk
"Ho Chi Minh City, Vietnam",10.848181,106.647658,4.01,Water,D,4.98,66.8,OpenChannel,63.3,5,0.07345132743362832,12.66,High Risk
"Rio de Janeiro, Brazil",-22.961825,-43.159953,17.77,Roads,B,7.69,154.7,OpenChannel,38.8,50,0.049389852280025695,0.7759999999999999,Low Risk
"Durban, South Africa",-29.813867,31.005755,-3.0,Roads,B,8.59,128.0,OpenChannel,23.3,2,0.0665891472868217,11.65,Medium Risk
"Houston, USA",29.75768,-95.311675,-3.0,Mixed,C,6.25,162.7,OpenChannel,34.8,5,0.03817959682345755,6.959999999999999,High Risk
"Washington DC, USA",38.921384,-77.040353,67.3,Residential,A,2.73,100.2,CurbInlet,28.3,5,0.026976284584980238,5.66,Medium Risk
"Accra, Ghana",5.531183,-0.107577,17.33,Green,D,5.27,394.9,GratedInlet,114.3,100,0.0133114422834049,1.143,High Risk
"Athens, Greece",37.94359,23.748992,77.62,Residential,B,2.45,37.8,Manhole,11.8,2,0.06314432989690723,5.9,Medium Risk
"Mumbai, India",19.053484,72.935807,-1.56,Residential,D,5.54,96.6,GratedInlet,49.5,5,0.056762295081967215,9.9,High Risk
"Lima, Peru",-12.123372,-77.197319,18.55,Commercial,D,5.22,43.2,CurbInlet,24.3,2,0.1180995475113122,12.15,Low Risk
"Seoul, South Korea",37.591017,126.890098,73.77,Green,D,4.02,23.6,CurbInlet,24.4,25,0.16341463414634144,0.976,Low Risk
"Delhi, India",28.55417,77.109228,11.37,Green,D,7.71,246.5,OpenChannel,24.1,50,0.031151515151515152,0.48200000000000004,Low Risk
"Auckland, New Zealand",-36.813056,174.879812,73.17,Industrial,D,9.22,91.69999999999999,Manhole,38.7,2,0.09946062567421793,19.35,Low Risk
"Seoul, South Korea",37.666963,126.854665,31.44,Residential,C,7.97,44.2,GratedInlet,18.3,50,0.17632743362831857,0.366,Low Risk
"Cape Town, South Africa",-33.869565,18.323569,40.75,Industrial,B,5.44,14.4,GratedInlet,54.6,10,0.35324675324675325,5.46,Low Risk
"Delhi, India",28.589878,77.089514,16.93,Roads,D,10.72,39.8,CurbInlet,45.6,50,0.2627450980392157,0.912,Low Risk
"Colombo, Sri Lanka",6.938703,79.797244,22.39,Commercial,B,4.59,148.0,Manhole,100.4,10,0.030805369127516777,10.040000000000001,High Risk
"Hanoi, Vietnam",20.838047,105.82584,25.14,Commercial,A,5.41,20.7,GratedInlet,57.9,10,0.24930875576036868,5.79,Low Risk
"Montreal, Canada",45.627042,-73.481711,17.13,Green,B,2.69,91.69999999999999,CurbInlet,40.6,5,0.029018338727076595,8.120000000000001,Medium Risk
"Montreal, Canada",45.478258,-73.443574,7.4,Roads,B,6.25,83.3,Manhole,67.3,25,0.07413997627520759,2.6919999999999997,Medium Risk
"Kuala Lumpur, Malaysia",3.239758,101.615626,-3.0,Mixed,B,6.25,58.8,Manhole,67.1,50,0.10451505016722408,1.3419999999999999,High Risk
"Singapore, Singapore",1.289656,103.868752,0.69,Institutional,C,6.32,190.7,GratedInlet,77.8,25,0.03296817944705269,3.112,High Risk
"Amsterdam, Netherlands",52.480152,4.750103,1.61,Residential,B,8.26,363.5,CurbInlet,42.8,10,0.022661179698216734,4.279999999999999,Medium Risk
"Copenhagen, Denmark",55.656409,12.544991,22.02,Mixed,C,8.88,3.2,CurbInlet,23.3,2,2.1142857142857143,11.65,Low Risk
"Ahmedabad, India",23.100364,72.532959,25.130000000000003,Mixed,A,5.84,39.2,CurbInlet,31.5,5,0.145273631840796,6.3,Low Risk
"Guangzhou, China",23.190183,113.263792,3.69,Informal,A,7.21,223.2,Manhole,123.6,50,0.03215878679750223,2.472,High Risk
"New York, USA",40.847709,-73.929738,22.26,Water,D,7.33,183.4,GratedInlet,39.8,5,0.03975054229934924,7.959999999999999,Low Risk
"Pune, India",18.558175,73.859541,53.12,Residential,B,6.98,50.9,OpenChannel,33.7,100,0.1344894026974952,0.337,Low Risk
"Tehran, Iran",35.842917,51.519429,73.72,Green,D,4.76,71.4,GratedInlet,26.7,25,0.06574585635359115,1.068,Low Risk
"Ho Chi Minh City, Vietnam",10.777637,106.782703,43.25,Commercial,B,6.97,145.2,Manhole,37.8,10,0.047674418604651166,3.78,Low Risk
"Mexico City, Mexico",19.395111,-99.043339,66.2,Commercial,D,7.49,58.1,CurbInlet,17.5,5,0.12673434856175972,3.5,Low Risk
"Kuala Lumpur, Malaysia",3.194319,101.775924,75.09,Commercial,B,9.63,95.2,CurbInlet,65.3,10,0.10010395010395011,6.529999999999999,Low Risk
"Kolkata, India",22.524951,88.245619,75.79,Residential,C,8.47,91.69999999999999,Manhole,32.8,5,0.09137001078748654,6.56,Low Risk
"Hamburg, Germany",53.567635,10.066549,55.98,Roads,D,5.95,153.9,Manhole,21.3,100,0.03841187863137508,0.213,Low Risk
"New Orleans, USA",30.103148,-90.102158,26.17,Industrial,A,7.55,76.3,GratedInlet,52.5,10,0.09767141009055627,5.25,Low Risk
"Ahmedabad, India",23.105725,72.513514,60.41,Green,B,6.25,296.0,CurbInlet,65.7,5,0.021043771043771045,13.14,Low Risk
"Montreal, Canada",45.421337,-73.534383,26.62,Industrial,A,9.11,40.4,CurbInlet,67.2,5,0.22004830917874396,13.440000000000001,Low Risk
"Paris, France",48.955724,2.320675,53.76,Roads,C,7.82,73.7,GratedInlet,78.0,2,0.10468540829986613,39.0,Low Risk
"Mumbai, India",19.030918,72.769868,4.03,Industrial,A,9.02,75.5,CurbInlet,46.3,25,0.11790849673202614,1.8519999999999999,Medium Risk
"Dubai, UAE",25.276718,55.263327,95.2,Roads,B,5.88,17.0,GratedInlet,32.3,5,0.32666666666666666,6.459999999999999,Low Risk
"Washington DC, USA",38.73279,-77.120224,18.37,Residential,B,4.51,113.5,OpenChannel,86.2,10,0.03938864628820961,8.620000000000001,High Risk
"Houston, USA",29.813646,-95.233863,7.89,Commercial,A,8.83,76.0,CurbInlet,28.9,5,0.11467532467532468,5.779999999999999,Medium Risk
"Bengaluru, India",13.0231,77.50874,36.71,Residential,C,4.07,41.4,GratedInlet,50.5,10,0.09599056603773586,5.05,Low Risk
"Manila, Philippines",14.598787,121.021471,1.5,Mixed,C,7.11,183.2,Manhole,128.3,50,0.03859934853420196,2.5660000000000003,High Risk
"Houston, USA",29.730219,-95.362023,47.66,Residential,C,2.69,133.5,Manhole,67.5,10,0.02,6.75,Medium Risk
"Hamburg, Germany",53.532784,9.927489,27.27,Residential,B,5.98,87.8,Manhole,38.3,10,0.06734234234234235,3.8299999999999996,Low Risk
"Rotterdam, Netherlands",51.977057,4.681578,11.32,Green,C,4.92,355.1,Manhole,46.3,10,0.013816343723673125,4.63,Low Risk
"Houston, USA",29.655431,-95.452687,25.130000000000003,Residential,B,3.12,45.1,OpenChannel,41.4,2,0.06767895878524946,20.7,Low Risk
"Copenhagen, Denmark",55.792493,12.595107,29.31,Residential,B,6.04,114.7,CurbInlet,19.1,2,0.05220397579948142,9.55,Low Risk
"Lagos, Nigeria",6.581624,3.404093,2.24,Commercial,B,10.13,13.1,CurbInlet,83.5,5,0.7184397163120568,16.7,High Risk
"New Orleans, USA",29.961299,-90.041153,25.26,Industrial,B,4.98,422.4,OpenChannel,20.7,25,0.011761927255550308,0.828,Low Risk
"Kolkata, India",22.62473,88.397208,156.42,Roads,A,9.3,52.3,Manhole,25.7,5,0.17448405253283306,5.14,Low Risk
"Accra, Ghana",5.576077,-0.221677,0.64,Residential,C,4.29,33.5,CurbInlet,55.6,5,0.12434782608695652,11.120000000000001,High Risk
"Bangkok, Thailand",13.710087,100.537363,12.06,Residential,D,6.09,80.4,GratedInlet,51.0,50,0.07481572481572481,1.02,Low Risk
"Durban, South Africa",-29.972456,30.935897,14.47,Roads,D,6.57,11.1,Manhole,43.8,25,0.5429752066115703,1.7519999999999998,Low Risk
"Ho Chi Minh City, Vietnam",10.74888,106.610324,1.64,Residential,B,6.6,71.3,GratedInlet,72.1,10,0.0912863070539419,7.209999999999999,Medium Risk
"Hanoi, Vietnam",20.984998,105.793996,33.21,Residential,B,8.38,31.6,GratedInlet,79.6,25,0.2570552147239264,3.1839999999999997,Low Risk
"Rotterdam, Netherlands",51.896085,4.537465,7.22,Green,C,2.92,450.9,Manhole,29.5,5,0.0064616065501217086,5.9,Medium Risk
"Seoul, South Korea",37.607279,126.95479,52.59,Residential,B,5.63,54.0,Manhole,28.7,2,0.10236363636363636,14.35,Low Risk
"Tehran, Iran",35.716023,51.31253,48.79,Residential,C,7.41,257.9,OpenChannel,32.7,100,0.028621089223638475,0.327,Low Risk
"Shanghai, China",31.298564,121.512569,4.33,Industrial,D,6.28,71.3,CurbInlet,32.3,10,0.08686030428769019,3.2299999999999995,Medium Risk
"Sydney, Australia",-33.844097,151.27071,2.41,Green,B,7.21,140.7,CurbInlet,62.7,2,0.050882145377558224,31.35,Medium Risk
"New York, USA",40.732751,-74.09645,25.130000000000003,Roads,C,10.44,58.3,GratedInlet,19.9,10,0.1760539629005059,1.9899999999999998,Low Risk
"Athens, Greece",37.884557,23.855637,20.83,Industrial,D,8.65,63.5,GratedInlet,17.2,2,0.13410852713178295,8.6,Low Risk
"Delhi, India",28.607356,77.074451,14.05,Residential,D,6.76,53.4,GratedInlet,42.3,10,0.12426470588235294,4.2299999999999995,Low Risk
"Rome, Italy",41.921145,12.589443,38.77,Residential,C,2.45,98.2,OpenChannel,40.7,2,0.024697580645161293,20.35,Medium Risk
"Osaka, Japan",34.636156,135.479616,139.1,Roads,D,7.57,9.7,Manhole,50.4,10,0.7074766355140187,5.04,Low Risk
"Taipei, Taiwan",25.013442,121.646087,25.130000000000003,Institutional,D,3.29,1.0,CurbInlet,36.8,10,1.645,3.6799999999999997,Low Risk
"Mexico City, Mexico",19.416895,-99.295304,65.87,Roads,A,6.25,59.8,Manhole,33.3,10,0.10279605263157895,3.3299999999999996,Low Risk
"Shanghai, China",31.157784,121.388674,4.54,Roads,D,10.87,21.3,Manhole,22.1,5,0.48744394618834075,4.42,Medium Risk
"Rio de Janeiro, Brazil",-22.762592,-43.178002,-3.0,Residential,A,5.28,425.2,CurbInlet,70.3,100,0.012388549976536838,0.703,Medium Risk
"Miami, USA",25.7595,-80.078609,6.41,Roads,B,6.26,123.3,Manhole,98.1,10,0.050362027353177796,9.809999999999999,High Risk
"Tokyo, Japan",35.671601,139.694373,84.33,Commercial,C,6.09,93.2,Manhole,28.6,5,0.06464968152866242,5.720000000000001,Low Risk
"Kolkata, India",22.499264,88.376078,-0.13,Industrial,C,9.11,9.0,GratedInlet,39.1,2,0.9109999999999999,19.55,Medium Risk
"Hamburg, Germany",53.553825,9.938372,20.2,Industrial,D,10.25,114.4,OpenChannel,51.2,2,0.08882149046793761,25.6,Low Risk
"Philadelphia, USA",39.951422,-75.103214,26.34,Residential,B,5.72,112.1,CurbInlet,39.1,5,0.05057471264367816,7.82,Low Risk
"Ahmedabad, India",23.12503,72.414632,32.27,Water,A,5.73,142.9,CurbInlet,36.7,50,0.03981931897150799,0.7340000000000001,Low Risk
"Lima, Peru",-12.038787,-77.053968,22.92,Residential,C,6.07,30.1,CurbInlet,32.6,2,0.19517684887459807,16.3,Low Risk
"Istanbul, Türkiye",41.033551,28.926608,21.93,Commercial,C,5.01,283.4,OpenChannel,19.8,5,0.017616033755274263,3.96,Low Risk
"San Francisco, USA",37.705077,-122.446063,159.94,Industrial,B,10.43,9.5,CurbInlet,55.8,10,0.9933333333333333,5.58,Low Risk
"Rotterdam, Netherlands",52.011709,4.585678,18.34,Residential,B,4.94,66.7,GratedInlet,22.4,10,0.07296898079763664,2.2399999999999998,Low Risk
"Pune, India",18.483454,73.870442,-3.0,Commercial,B,5.59,103.7,CurbInlet,24.9,2,0.05339063992359121,12.45,Medium Risk
"Copenhagen, Denmark",55.66426,12.683527,-3.0,Residential,A,6.48,188.5,CurbInlet,34.2,100,0.03419525065963061,0.342,Medium Risk
"Mumbai, India",19.178037,72.814167,3.84,Roads,B,6.57,23.3,Manhole,64.7,5,0.27037037037037037,12.940000000000001,Medium Risk
"Durban, South Africa",-29.732636,31.038956,-3.0,Industrial,D,5.38,338.4,CurbInlet,23.8,5,0.01585150265173836,4.76,High Risk
"Hyderabad, India",17.420186,78.463747,-3.0,Green,A,1.77,278.3,GratedInlet,57.5,5,0.0063372717508055855,11.5,Medium Risk
"New Orleans, USA",29.873484,-90.243268,2.81,Mixed,B,5.65,31.4,Manhole,17.4,5,0.17438271604938274,3.4799999999999995,Medium Risk
"Bangkok, Thailand",13.709017,100.507196,15.98,Commercial,B,6.08,152.2,OpenChannel,53.1,10,0.039686684073107055,5.3100000000000005,Low Risk
"San Francisco, USA",37.808526,-122.353819,25.130000000000003,Commercial,A,5.32,163.5,OpenChannel,21.0,10,0.03234042553191489,2.1,Low Risk
"Seoul, South Korea",37.636326,127.088438,25.130000000000003,Green,A,6.25,157.9,CurbInlet,23.1,5,0.03933291378225299,4.62,Low Risk
"Istanbul, Türkiye",41.09238,28.962201,33.16,Industrial,B,8.68,29.9,CurbInlet,23.1,50,0.2809061488673139,0.462,Low Risk
"Athens, Greece",38.065388,23.760612,104.2,Residential,D,5.44,84.2,CurbInlet,38.0,5,0.06384976525821597,7.6,Low Risk
"Buenos Aires, Argentina",-34.642663,-58.306603,46.5,Residential,C,5.78,118.8,OpenChannel,31.0,2,0.04824707846410685,15.5,Low Risk
"Colombo, Sri Lanka",7.011328,79.850977,17.26,Green,C,1.27,91.69999999999999,Manhole,106.3,50,0.013700107874865159,2.126,High Risk
"Manila, Philippines",14.495739,120.866239,21.8,Roads,A,10.04,75.2,CurbInlet,35.5,2,0.13175853018372702,17.75,Low Risk
"Jakarta, Indonesia",-6.248436,106.907974,19.34,Commercial,C,5.83,9.4,Manhole,150.0,10,0.5605769230769231,15.0,High Risk
"Copenhagen, Denmark",55.679103,12.655321,49.77,Residential,D,4.37,126.8,OpenChannel,28.8,2,0.03419405320813772,14.4,Low Risk
"Tehran, Iran",35.719516,51.360785,52.45,Roads,C,5.49,11.1,GratedInlet,31.9,10,0.4537190082644628,3.19,Low Risk
"Dubai, UAE",25.332858,55.278027,73.98,Residential,C,4.4,13.4,Manhole,24.8,5,0.3055555555555556,4.96,Low Risk
"Lagos, Nigeria",6.445914,3.253808,4.26,Residential,D,4.4,189.0,OpenChannel,90.3,10,0.023157894736842106,9.03,High Risk
"Athens, Greece",37.923941,23.682558,38.94,Industrial,C,4.82,239.4,CurbInlet,47.5,5,0.02004991680532446,9.5,Low Risk
"Jakarta, Indonesia",-6.404861,106.854658,10.13,Commercial,D,11.2,95.8,CurbInlet,100.0,10,0.11570247933884296,10.0,High Risk
"Amsterdam, Netherlands",52.317719,4.912471,1.95,Water,B,6.05,91.3,Manhole,31.8,5,0.06554712892741062,6.36,Medium Risk
"Tehran, Iran",35.658394,51.419027,46.63,Industrial,D,5.07,114.7,OpenChannel,22.8,2,0.043820224719101124,11.4,Low Risk
"Durban, South Africa",-29.789305,31.111326,82.42,Industrial,C,9.76,136.8,CurbInlet,19.9,50,0.07082728592162554,0.39799999999999996,Low Risk
"Bengaluru, India",12.985047,77.685976,35.72,Residential,C,6.56,31.4,CurbInlet,27.6,5,0.20246913580246914,5.5200000000000005,Low Risk
"Houston, USA",29.648231,-95.358413,31.89,Commercial,B,6.69,29.0,GratedInlet,28.5,5,0.223,5.7,Low Risk
"Dhaka, Bangladesh",23.820184,90.439925,25.130000000000003,Commercial,B,3.66,124.7,GratedInlet,84.1,100,0.029116945107398567,0.841,High Risk
"Istanbul, Türkiye",41.031168,28.913134,11.93,Roads,B,7.73,91.69999999999999,GratedInlet,32.3,5,0.08338727076591156,6.459999999999999,Low Risk
"Seoul, South Korea",37.552345,126.837409,16.7,Roads,C,5.32,54.2,CurbInlet,30.9,2,0.0963768115942029,15.45,Low Risk
"Kuala Lumpur, Malaysia",3.098342,101.677339,82.01,Residential,D,2.73,159.9,GratedInlet,96.8,100,0.016967060285891858,0.968,High Risk
"Nairobi, Kenya",-1.269547,36.910111,-0.06,Residential,C,4.64,38.9,Manhole,37.5,100,0.1162907268170426,0.375,High Risk
"Paris, France",48.71189,2.261193,10.47,Industrial,B,6.01,88.4,CurbInlet,34.3,25,0.06722595078299776,1.3719999999999999,Low Risk
"Kolkata, India",22.756379,88.4107,27.66,Mixed,D,4.05,130.9,Manhole,35.8,2,0.030705079605761937,17.9,Low Risk
"Hong Kong, China",22.29327,114.118646,25.130000000000003,Industrial,A,7.64,118.0,OpenChannel,48.9,50,0.0642016806722689,0.978,Low Risk
"Washington DC, USA",38.794122,-77.13992,49.63,Roads,D,10.48,138.8,GratedInlet,40.1,5,0.07496423462088697,8.02,Low Risk
"Washington DC, USA",38.851024,-76.867765,56.85,Water,B,2.87,297.9,GratedInlet,33.7,5,0.009601873536299767,6.74,Medium Risk
"Kuala Lumpur, Malaysia",3.123256,101.795297,23.58,Commercial,B,6.25,53.2,GratedInlet,74.2,50,0.11531365313653136,1.484,Low Risk
"Athens, Greece",37.92124,23.714814,22.53,Roads,D,10.12,118.8,CurbInlet,23.3,5,0.08447412353923205,4.66,Low Risk
"Barcelona, Spain",41.535835,2.001861,6.66,Institutional,B,2.65,46.8,OpenChannel,40.0,10,0.05543933054393305,4.0,Medium Risk
"Pune, India",18.404767,73.873499,68.24,Residential,B,7.02,88.7,CurbInlet,27.5,2,0.07826086956521738,13.75,Low Risk
"London, UK",51.51482,-0.008762,71.69,Green,C,5.36,59.3,Manhole,46.5,2,0.08888888888888889,23.25,Low Risk
"Paris, France",48.735647,2.343678,40.94,Green,B,2.53,455.4,CurbInlet,73.6,50,0.005543382997370727,1.472,Medium Risk
"Pune, India",18.472422,73.820579,17.61,Roads,C,7.49,83.3,GratedInlet,47.8,5,0.08884934756820878,9.559999999999999,Low Risk
"Paris, France",48.945425,2.275365,112.67,Green,A,8.36,180.7,CurbInlet,40.3,5,0.04600990643918547,8.059999999999999,Low Risk
"Houston, USA",29.848178,-95.535065,7.4,Industrial,B,6.99,71.4,GratedInlet,28.0,25,0.09654696132596685,1.12,Medium Risk
"Vancouver, Canada",49.311273,-123.105547,11.01,Informal,B,3.65,46.9,GratedInlet,15.1,2,0.07620041753653445,7.55,Low Risk
"Accra, Ghana",5.566416,-0.243285,11.81,Residential,A,4.1,91.69999999999999,Manhole,35.1,5,0.04422869471413161,7.0200000000000005,Low Risk
"Dhaka, Bangladesh",23.810092,90.526597,14.0,Residential,C,6.56,110.0,OpenChannel,66.6,100,0.05909909909909909,0.6659999999999999,Low Risk
"Guangzhou, China",23.045571,113.279189,29.69,Roads,D,9.38,104.5,Manhole,37.1,5,0.08890995260663508,7.42,Low Risk
"Jakarta, Indonesia",-6.22689,106.836414,18.31,Industrial,B,6.53,50.1,GratedInlet,83.5,25,0.12778864970645792,3.34,High Risk
"Rotterdam, Netherlands",51.853171,4.515253,25.87,Residential,C,3.54,9.4,Manhole,31.0,25,0.3403846153846154,1.24,Low Risk
"Manila, Philippines",14.500306,120.995506,10.3,Residential,D,3.08,43.5,Manhole,54.5,50,0.06921348314606741,1.09,Low Risk
"Shenzhen, China",22.602368,114.056033,5.82,Commercial,C,9.99,91.69999999999999,GratedInlet,66.9,50,0.10776699029126215,1.338,Medium Risk
"Brisbane, Australia",-27.497276,153.009722,63.61,Mixed,D,5.62,61.0,CurbInlet,40.3,2,0.09064516129032259,20.15,Low Risk
"Miami, USA",25.872394,-80.174937,16.12,Residential,A,4.84,291.5,OpenChannel,51.4,25,0.016547008547008548,2.056,Low Risk
"Athens, Greece",38.066051,23.766191,-3.0,Green,A,6.17,241.6,OpenChannel,28.4,5,0.025432811211871395,5.68,Medium Risk
"Karachi, Pakistan",24.831962,66.940097,53.28,Green,B,3.37,90.0,Manhole,36.7,5,0.03703296703296703,7.340000000000001,Low Risk
"Dhaka, Bangladesh",23.715517,90.482345,-3.0,Commercial,D,8.7,92.6,Manhole,150.0,10,0.09294871794871795,15.0,High Risk
"Lima, Peru",-11.968237,-76.92271,60.83,Mixed,C,6.79,91.69999999999999,CurbInlet,38.9,10,0.07324703344120821,3.8899999999999997,Low Risk
"Guangzhou, China",23.102673,113.162414,6.52,Roads,C,10.2,68.3,CurbInlet,22.5,10,0.14718614718614717,2.25,Medium Risk
"Rio de Janeiro, Brazil",-22.878018,-43.182914,10.82,Green,B,3.08,3.6,Manhole,65.6,2,0.6695652173913044,32.8,Low Risk
"Philadelphia, USA",39.912802,-75.200918,50.87,Commercial,B,7.7,91.69999999999999,GratedInlet,60.0,50,0.0830636461704423,1.2,Low Risk
"Hong Kong, China",22.38575,114.141657,2.07,Industrial,D,11.13,91.69999999999999,GratedInlet,44.5,25,0.12006472491909387,1.78,Medium Risk
"Athens, Greece",37.904855,23.685208,158.42,Green,C,3.01,205.7,Manhole,53.4,10,0.014562167392356072,5.34,Low Risk
"Hamburg, Germany",53.563724,10.089944,120.7,Commercial,B,6.79,32.1,CurbInlet,27.5,25,0.2051359516616314,1.1,Low Risk
"Jakarta, Indonesia",-6.292859,106.945094,11.09,Industrial,B,5.21,80.4,GratedInlet,46.8,5,0.064004914004914,9.36,Low Risk
"Seoul, South Korea",37.498516,127.011277,35.55,Green,B,3.05,271.2,OpenChannel,30.6,50,0.011204996326230713,0.612,Low Risk
"New York, USA",40.634051,-73.796026,34.45,Residential,C,8.33,105.7,CurbInlet,37.5,10,0.07806935332708528,3.75,Low Risk
"New Orleans, USA",29.986081,-90.168808,19.31,Roads,B,8.41,38.4,CurbInlet,35.4,10,0.2134517766497462,3.54,Low Risk
"Hong Kong, China",22.30233,114.098595,7.88,Roads,A,5.82,668.1,CurbInlet,64.0,10,0.008698251382454043,6.4,Medium Risk
"Mumbai, India",19.048205,72.85632,-3.0,Water,D,1.45,278.3,Manhole,93.7,50,0.005191550304332259,1.874,High Risk
"Sydney, Australia",-33.812391,151.156029,15.67,Residential,B,8.82,3.2,Manhole,29.8,2,2.1,14.9,Low Risk
"Colombo, Sri Lanka",6.909988,79.968872,1.49,Roads,C,8.93,47.7,GratedInlet,70.3,50,0.18336755646817246,1.406,High Risk
"Ho Chi Minh City, Vietnam",10.905315,106.654806,32.08,Institutional,C,4.77,312.5,Manhole,44.5,100,0.015215311004784687,0.445,Low Risk
"Osaka, Japan",34.757508,135.520451,-3.0,Roads,C,7.05,86.1,CurbInlet,28.6,5,0.08094144661308841,5.720000000000001,Medium Risk
"Doha, Qatar",25.300189,51.603857,9.96,Roads,B,7.04,52.1,Manhole,13.9,2,0.13258003766478343,6.95,Low Risk
"San Francisco, USA",37.761364,-122.359514,99.47,Roads,B,6.25,374.8,CurbInlet,48.0,25,0.016631186801490155,1.92,Low Risk
"Kolkata, India",22.546397,88.292267,9.96,Roads,B,4.7,90.8,OpenChannel,16.7,5,0.05119825708061002,3.34,Low Risk
"San Francisco, USA",37.707344,-122.367771,121.3,Green,C,3.73,210.8,GratedInlet,57.6,5,0.0176109537299339,11.52,Low Risk
"Sao Paulo, Brazil",-23.575784,-46.641491,25.47,Green,D,5.34,35.0,Manhole,44.8,5,0.14833333333333332,8.959999999999999,Low Risk
"Montreal, Canada",45.61194,-73.676987,62.45,Roads,B,5.98,436.5,OpenChannel,15.3,100,0.01366857142857143,0.153,Low Risk
"Delhi, India",28.610276,77.177269,59.56,Roads,B,6.57,127.7,Manhole,77.3,50,0.051048951048951054,1.546,Low Risk
"Copenhagen, Denmark",55.714089,12.652726,35.53,Commercial,C,9.48,42.6,Manhole,45.6,50,0.21743119266055047,0.912,Low Risk
"Paris, France",48.84732,2.297795,99.51,Roads,C,4.71,45.6,CurbInlet,20.0,25,0.10107296137339056,0.8,Low Risk
"Barcelona, Spain",41.405951,2.169967,6.31,Roads,A,6.25,91.69999999999999,Manhole,35.5,10,0.06742179072276161,3.55,Medium Risk
"Delhi, India",28.606539,77.216364,26.32,Residential,D,4.8,138.1,Manhole,38.1,10,0.03450754852624011,3.81,Low Risk
"Lima, Peru",-12.013189,-77.130811,70.86,Residential,C,7.04,60.3,Manhole,25.9,5,0.11484502446982056,5.18,Low Risk
"Riyadh, Saudi Arabia",24.719017,46.682121,82.21,Residential,D,4.95,50.9,CurbInlet,23.5,2,0.09537572254335261,11.75,Low Risk
"Houston, USA",29.651242,-95.412267,73.46,Water,C,6.25,106.2,OpenChannel,26.6,100,0.05830223880597015,0.266,Low Risk
"Miami, USA",25.537524,-80.128377,3.14,Roads,B,7.46,17.7,CurbInlet,42.6,2,0.39893048128342246,21.3,Medium Risk
"Buenos Aires, Argentina",-34.627246,-58.388426,63.96,Institutional,B,6.25,112.2,OpenChannel,23.1,5,0.055212014134275615,4.62,Low Risk
"Kolkata, India",22.520157,88.397401,47.58,Roads,A,4.62,34.2,Manhole,32.1,5,0.13125,6.42,Low Risk
"Ahmedabad, India",22.985887,72.557328,45.9,Residential,B,5.19,534.9,CurbInlet,22.5,2,0.009684642657212167,11.25,Low Risk
"Bogotá, Colombia",4.629459,-74.171628,39.12,Residential,B,6.44,74.0,CurbInlet,33.6,10,0.08586666666666667,3.3600000000000003,Low Risk
"Ho Chi Minh City, Vietnam",10.798115,106.624649,62.7,Residential,D,7.56,102.7,CurbInlet,44.5,5,0.07290260366441657,8.9,Low Risk
"London, UK",51.585334,-0.186248,65.23,Industrial,B,11.53,105.0,Manhole,35.5,25,0.10877358490566037,1.42,Low Risk
"Sao Paulo, Brazil",-23.490872,-46.688,90.88,Water,D,6.55,145.5,CurbInlet,45.7,50,0.0447098976109215,0.914,Low Risk
"Brisbane, Australia",-27.594232,153.051539,39.23,Roads,D,8.0,452.9,CurbInlet,46.4,10,0.01762502753910553,4.64,Low Risk
"Delhi, India",28.474057,77.275373,25.35,Roads,A,8.39,105.3,CurbInlet,73.4,2,0.07892756349952965,36.7,Low Risk
"Washington DC, USA",38.852504,-77.125967,53.67,Roads,A,5.35,67.8,CurbInlet,27.4,5,0.07776162790697674,5.4799999999999995,Low Risk
"Brisbane, Australia",-27.579448,153.024699,31.26,Residential,C,3.74,94.6,OpenChannel,32.0,10,0.039121338912133895,3.2,Low Risk
"Jakarta, Indonesia",-6.152623,106.814964,18.04,Mixed,B,6.62,105.6,GratedInlet,92.4,10,0.06210131332082552,9.24,High Risk
"Istanbul, Türkiye",40.937471,28.979683,28.07,Mixed,A,6.48,46.1,CurbInlet,30.8,25,0.1375796178343949,1.232,Low Risk
"Copenhagen, Denmark",55.764115,12.677596,43.28,Institutional,B,6.35,196.5,Manhole,42.7,2,0.03215189873417721,21.35,Low Risk
"Brisbane, Australia",-27.481354,152.990227,66.69,Commercial,D,6.25,48.7,Manhole,29.2,100,0.12575452716297786,0.292,Low Risk
"Manila, Philippines",14.580626,120.972563,12.81,Roads,C,7.21,116.0,Manhole,45.6,5,0.06162393162393162,9.120000000000001,Low Risk
"Tehran, Iran",35.732164,51.308007,153.62,Green,B,8.28,76.2,Manhole,25.0,5,0.10725388601036268,5.0,Low Risk
"Montreal, Canada",45.561721,-73.576497,20.42,Residential,B,4.84,307.4,OpenChannel,30.9,5,0.01569390402075227,6.18,Low Risk
"Manila, Philippines",14.596204,120.999189,12.9,Institutional,A,8.16,188.9,GratedInlet,72.2,100,0.04296998420221169,0.722,Low Risk
"Colombo, Sri Lanka",6.896563,79.930291,7.28,Commercial,A,6.47,180.4,OpenChannel,72.1,100,0.0356670341786108,0.721,Medium Risk
"Delhi, India",28.61063,77.220405,38.36,Residential,D,6.63,84.6,GratedInlet,17.4,10,0.07745327102803738,1.7399999999999998,Low Risk
"Sydney, Australia",-33.763674,151.221566,5.3,Industrial,A,8.91,17.5,OpenChannel,22.0,5,0.48162162162162164,4.4,Medium Risk
"San Francisco, USA",37.766779,-122.444108,138.14,Commercial,B,2.72,130.5,CurbInlet,30.6,5,0.020684410646387836,6.12,Medium Risk
"Mexico City, Mexico",19.306104,-99.205012,25.32,Residential,B,5.18,91.69999999999999,GratedInlet,28.6,10,0.05587918015102482,2.8600000000000003,Low Risk
"Hong Kong, China",22.317463,114.093507,10.86,Residential,A,2.12,87.5,OpenChannel,92.8,25,0.02395480225988701,3.7119999999999997,High Risk
"Hong Kong, China",22.240192,114.176122,0.32,Green,C,8.46,169.9,Manhole,45.1,5,0.04950263311878292,9.02,Medium Risk
"Washington DC, USA",38.759045,-76.97608,67.25,Residential,B,3.77,96.6,Manhole,69.6,25,0.038627049180327874,2.784,Low Risk
"Jakarta, Indonesia",-6.324934,106.859177,9.54,Green,A,1.55,183.0,CurbInlet,30.3,25,0.00842391304347826,1.212,Medium Risk
"Hanoi, Vietnam",21.035559,105.920071,68.23,Industrial,A,9.3,93.5,Manhole,28.5,5,0.09841269841269842,5.7,Low Risk
"Cape Town, South Africa",-33.865647,18.430122,28.94,Green,B,4.42,395.6,CurbInlet,23.7,10,0.011144730206757438,2.37,Low Risk
"Osaka, Japan",34.721611,135.558988,184.73,Commercial,D,6.17,85.7,CurbInlet,19.2,5,0.07116493656286044,3.84,Low Risk
"San Francisco, USA",37.795409,-122.388788,120.11,Roads,B,6.28,48.5,Manhole,42.8,10,0.12686868686868688,4.279999999999999,Low Risk
"Lagos, Nigeria",6.501173,3.283095,18.03,Commercial,D,4.97,91.69999999999999,OpenChannel,117.7,25,0.05361380798274003,4.708,High Risk
"Singapore, Singapore",1.315637,103.746955,13.8,Commercial,A,10.34,248.2,OpenChannel,112.1,100,0.04149277688603532,1.121,High Risk
"Copenhagen, Denmark",55.713355,12.645131,27.92,Institutional,D,7.85,98.7,GratedInlet,24.2,100,0.07873620862587763,0.242,Low Risk
"Shanghai, China",31.28627,121.614967,-1.22,Industrial,A,8.41,75.2,GratedInlet,23.4,2,0.11036745406824147,11.7,Medium Risk
"Mexico City, Mexico",19.415568,-99.113015,4.99,Residential,A,6.25,41.7,GratedInlet,23.3,10,0.14637002341920374,2.33,Medium Risk
"Hyderabad, India",17.430776,78.427127,72.95,Roads,A,10.76,76.0,CurbInlet,61.7,10,0.13974025974025975,6.17,Low Risk
"Tehran, Iran",35.804241,51.460545,105.71,Roads,A,9.62,83.1,CurbInlet,22.7,50,0.11438763376932223,0.45399999999999996,Low Risk
"Barcelona, Spain",41.278274,2.172359,18.16,Industrial,C,6.17,104.5,GratedInlet,56.7,10,0.05848341232227488,5.67,Low Risk
"Auckland, New Zealand",-36.754422,174.786971,71.57,Residential,D,6.32,121.9,CurbInlet,28.9,5,0.05142392188771359,5.779999999999999,Low Risk
"Philadelphia, USA",39.912384,-75.199868,3.04,Residential,A,6.73,154.4,Manhole,26.2,2,0.04330759330759331,13.1,Medium Risk
"Auckland, New Zealand",-36.906351,174.781978,52.78,Roads,D,6.88,64.7,Manhole,50.4,5,0.10471841704718417,10.08,Low Risk
"Shanghai, China",31.204901,121.37452,18.14,Roads,C,9.05,152.9,Manhole,20.0,2,0.058804418453541264,10.0,Low Risk
"New York, USA",40.681317,-73.940127,81.04,Green,D,2.3,175.3,Manhole,26.0,100,0.0130459444129325,0.26,Medium Risk
"Guangzhou, China",23.194476,113.323728,31.67,Industrial,D,6.17,18.8,CurbInlet,91.9,10,0.3116161616161616,9.190000000000001,High Risk
"Rotterdam, Netherlands",51.940462,4.526032,15.9,Water,C,5.32,174.9,Manhole,45.0,25,0.030244457077885162,1.8,Low Risk
"New York, USA",40.674152,-74.078822,90.8,Residential,B,6.08,2.8,Manhole,55.8,25,1.6,2.2319999999999998,Low Risk
"Durban, South Africa",-29.845824,30.983056,34.24,Residential,A,3.89,264.1,OpenChannel,42.8,50,0.014673708034703884,0.856,Low Risk
"Shanghai, China",31.231464,121.511649,20.15,Green,C,6.92,173.1,Manhole,21.8,10,0.039747271682940837,2.18,Low Risk
"Ho Chi Minh City, Vietnam",10.810168,106.74245,55.51,Commercial,C,8.08,20.2,CurbInlet,60.7,10,0.38113207547169814,6.07,Low Risk
"Doha, Qatar",25.26908,51.454484,-3.0,Commercial,C,8.23,29.7,CurbInlet,11.1,5,0.2680781758957655,2.2199999999999998,Medium Risk
"Lagos, Nigeria",6.543747,3.404901,13.3,Mixed,C,7.11,263.3,OpenChannel,30.5,5,0.026901248581157774,6.1,Low Risk
"Karachi, Pakistan",24.766211,66.949411,153.18,Commercial,A,5.97,69.8,GratedInlet,37.6,5,0.08432203389830509,7.5200000000000005,Low Risk
"Hanoi, Vietnam",20.912104,105.867921,19.06,Commercial,D,8.93,7.1,Manhole,75.3,10,1.1024691358024692,7.529999999999999,Low Risk
"Accra, Ghana",5.533865,-0.17985,4.25,Residential,B,8.11,68.5,Manhole,52.7,5,0.11669064748201438,10.540000000000001,Medium Risk
"Karachi, Pakistan",24.884091,66.979347,25.130000000000003,Commercial,B,10.38,29.8,CurbInlet,32.2,5,0.33701298701298704,6.44,Low Risk
"Pune, India",18.534222,73.866687,88.87,Industrial,C,4.19,96.5,Manhole,61.1,5,0.04297435897435898,12.22,Low Risk
"Rotterdam, Netherlands",51.881245,4.365565,3.05,Commercial,D,4.46,301.6,OpenChannel,27.5,5,0.014738929279576998,5.5,Medium Risk
"Kuala Lumpur, Malaysia",3.14246,101.595691,25.130000000000003,Residential,B,6.01,224.0,OpenChannel,37.8,5,0.02671111111111111,7.56,Low Risk
"Bogotá, Colombia",4.813303,-74.109123,-3.0,Roads,C,8.05,31.4,OpenChannel,74.6,10,0.2484567901234568,7.459999999999999,High Risk
"Lagos, Nigeria",6.508141,3.298996,8.5,Institutional,C,5.61,428.5,OpenChannel,59.1,5,0.013061699650756695,11.82,Low Risk
"Mexico City, Mexico",19.271991,-99.149248,29.67,Green,C,6.25,138.8,CurbInlet,52.8,10,0.044706723891273246,5.279999999999999,Low Risk
"Rio de Janeiro, Brazil",-22.904297,-43.189026,4.83,Industrial,C,7.89,35.4,CurbInlet,60.8,5,0.21675824175824177,12.16,Medium Risk
"New York, USA",40.754127,-74.01989,43.08,Commercial,C,8.24,1.1,Manhole,26.2,10,3.9238095238095236,2.62,Low Risk
"Lima, Peru",-12.123887,-77.002131,-3.0,Commercial,B,7.33,113.2,GratedInlet,39.7,5,0.06418563922942207,7.94,Medium Risk
"Philadelphia, USA",39.948152,-75.208126,8.68,Residential,D,7.66,168.4,CurbInlet,48.6,10,0.045218417945690675,4.86,Low Risk
"Mexico City, Mexico",19.474703,-99.216335,6.02,Commercial,D,6.25,74.1,GratedInlet,36.0,5,0.08322237017310254,7.2,Medium Risk
"Auckland, New Zealand",-36.845287,174.804366,-3.0,Industrial,B,6.59,91.69999999999999,GratedInlet,49.5,25,0.07108953613807983,1.98,Medium Risk
"Rio de Janeiro, Brazil",-22.836778,-43.136778,6.21,Commercial,B,7.6,18.9,Manhole,114.3,25,0.38190954773869346,4.572,High Risk
"Colombo, Sri Lanka",6.916385,79.909313,13.54,Residential,B,8.03,91.69999999999999,Manhole,42.0,25,0.0866235167206041,1.68,Low Risk
"Bogotá, Colombia",4.779081,-73.966649,162.64,Institutional,D,6.93,91.69999999999999,GratedInlet,30.7,50,0.07475728155339806,0.614,Low Risk
"Barcelona, Spain",41.249273,2.106402,15.9,Commercial,B,5.35,64.9,GratedInlet,28.4,100,0.08118361153262518,0.284,Low Risk
"New Orleans, USA",29.797916,-90.173499,5.78,Green,C,1.61,91.69999999999999,Manhole,20.4,10,0.01736785329018339,2.04,Medium Risk
"Rome, Italy",41.90263,12.603663,17.51,Residential,A,3.09,97.1,Manhole,55.3,2,0.03149847094801223,27.65,Low Risk
"Sydney, Australia",-33.781413,151.287487,10.54,Roads,D,9.32,18.8,GratedInlet,27.4,10,0.4707070707070707,2.7399999999999998,Low Risk
"Hamburg, Germany",53.572863,10.003167,85.39,Commercial,B,4.49,236.8,OpenChannel,44.8,2,0.018881412952060556,22.4,Low Risk
"Montreal, Canada",45.404999,-73.668635,20.34,Commercial,B,6.14,90.2,Manhole,31.5,10,0.06732456140350877,3.15,Low Risk
"San Francisco, USA",37.74768,-122.4196,51.19,Commercial,A,9.18,6.4,CurbInlet,66.6,5,1.2405405405405405,13.319999999999999,Low Risk
"Ahmedabad, India",22.868325,72.681198,16.6,Commercial,B,5.45,91.69999999999999,Manhole,44.8,5,0.05879180151024812,8.959999999999999,Low Risk
"Washington DC, USA",38.868676,-76.914202,50.0,Commercial,B,6.25,262.4,CurbInlet,30.8,25,0.02372817008352316,1.232,Low Risk
"Sydney, Australia",-33.844943,151.206241,11.09,Residential,D,4.96,95.6,CurbInlet,25.4,2,0.05134575569358178,12.7,Low Risk
"Taipei, Taiwan",24.982903,121.51752,66.0,Residential,C,6.13,91.69999999999999,GratedInlet,39.3,2,0.06612729234088457,19.65,Low Risk
"Ahmedabad, India",22.960969,72.685001,108.51,Roads,B,5.83,91.69999999999999,Manhole,19.0,25,0.06289104638619203,0.76,Low Risk
"Delhi, India",28.514671,77.269901,5.1,Roads,C,10.31,76.2,Manhole,22.8,5,0.13354922279792747,4.5600000000000005,Medium Risk
"Miami, USA",25.678838,-80.202161,6.44,Industrial,B,6.92,7.3,Manhole,56.2,2,0.8337349397590361,28.1,Medium Risk
"Durban, South Africa",-29.920951,30.815061,25.6,Industrial,B,4.42,95.2,Manhole,20.7,50,0.04594594594594594,0.414,Low Risk
"Bengaluru, India",12.951546,77.590592,23.83,Industrial,A,6.89,67.1,Manhole,12.8,2,0.10117474302496329,6.4,Low Risk
"Sao Paulo, Brazil",-23.568287,-46.594212,89.76,Roads,A,7.43,48.6,CurbInlet,71.9,5,0.14979838709677418,14.38,Low Risk
"Rome, Italy",41.953993,12.477547,3.13,Industrial,C,7.21,91.69999999999999,Manhole,30.7,2,0.07777777777777779,15.35,Medium Risk
"Dhaka, Bangladesh",23.757532,90.45494,87.97,Industrial,B,6.25,227.1,OpenChannel,60.3,10,0.02740026304252521,6.029999999999999,Low Risk
"Seoul, South Korea",37.556529,126.903643,56.08,Residential,D,7.91,114.2,OpenChannel,14.8,50,0.06866319444444445,0.29600000000000004,Low Risk
"Copenhagen, Denmark",55.603629,12.561082,57.29,Roads,B,4.33,82.4,OpenChannel,27.9,5,0.05191846522781774,5.58,Low Risk
"Ho Chi Minh City, Vietnam",10.747546,106.631158,-3.0,Commercial,D,8.58,51.5,Manhole,37.6,2,0.16342857142857142,18.8,High Risk
"Bengaluru, India",12.925997,77.557958,77.8,Roads,C,10.38,124.8,Manhole,49.1,5,0.08251192368839429,9.82,Low Risk
"Mexico City, Mexico",19.393113,-99.061427,49.8,Residential,B,2.56,38.1,CurbInlet,16.7,2,0.06547314578005115,8.35,Medium Risk
"Philadelphia, USA",39.925268,-75.054709,64.94,Roads,B,10.06,259.5,OpenChannel,19.5,5,0.03861804222648753,3.9,Low Risk
"Tokyo, Japan",35.620389,139.643584,0.07,Residential,C,3.43,20.8,CurbInlet,33.5,2,0.1573394495412844,16.75,High Risk
"Hanoi, Vietnam",21.006476,105.942706,113.21,Industrial,D,8.24,81.9,Manhole,31.5,100,0.0993968636911942,0.315,Low Risk
"Dubai, UAE",25.122588,55.39583,36.63,Roads,C,8.43,23.4,CurbInlet,6.8,10,0.34549180327868856,0.6799999999999999,Low Risk
"Houston, USA",29.730955,-95.322082,86.6,Residential,D,3.27,395.8,OpenChannel,41.1,10,0.00824092741935484,4.11,Low Risk
"Dhaka, Bangladesh",23.923904,90.468239,26.17,Industrial,B,6.25,140.8,Manhole,36.1,2,0.04407616361071932,18.05,Low Risk
"Hamburg, Germany",53.501197,10.048665,21.39,Roads,C,4.08,447.1,CurbInlet,40.8,5,0.009105110466413747,8.16,Low Risk
"Copenhagen, Denmark",55.77711,12.547938,0.43,Roads,A,6.25,92.1,Manhole,16.2,10,0.06713211600429646,1.6199999999999999,Medium Risk
"Dhaka, Bangladesh",23.792503,90.411199,25.130000000000003,Commercial,B,9.18,12.7,GratedInlet,51.4,10,0.67007299270073,5.14,Low Risk
"Rome, Italy",41.857669,12.587619,27.84,Informal,D,9.42,463.5,CurbInlet,56.9,25,0.020279870828848225,2.276,Low Risk
"Paris, France",48.866111,2.290553,78.32,Green,B,5.49,27.5,CurbInlet,57.6,10,0.19263157894736843,5.76,Low Risk
"Delhi, India",28.569599,77.120234,35.69,Residential,C,4.59,38.1,CurbInlet,35.2,2,0.11739130434782608,17.6,Low Risk
"Bengaluru, India",13.011788,77.531957,56.03,Commercial,B,6.48,360.6,OpenChannel,46.7,5,0.017920353982300886,9.34,Low Risk
"Hanoi, Vietnam",21.128703,105.855087,-0.36,Green,D,4.47,462.7,OpenChannel,55.1,50,0.00963985335346129,1.102,High Risk
"Hamburg, Germany",53.625213,10.029828,17.3,Residential,B,3.35,231.3,OpenChannel,45.1,5,0.014421007318123116,9.02,Low Risk
"Rio de Janeiro, Brazil",-22.827474,-43.151841,7.9,Commercial,C,9.1,161.2,OpenChannel,55.5,5,0.056103575832305796,11.1,Medium Risk
"Lagos, Nigeria",6.616109,3.350403,-3.0,Industrial,D,3.97,126.3,CurbInlet,88.8,25,0.031186174391201887,3.552,High Risk
"Accra, Ghana",5.593634,-0.182098,5.71,Roads,D,10.1,91.69999999999999,CurbInlet,65.3,10,0.10895361380798275,6.529999999999999,Medium Risk
"Auckland, New Zealand",-36.929847,174.763748,61.1,Residential,B,4.11,283.8,OpenChannel,40.1,2,0.014431179775280899,20.05,Low Risk
"New Orleans, USA",29.880213,-89.982476,12.5,Residential,A,5.33,79.0,Manhole,22.3,10,0.066625,2.23,Low Risk
"San Francisco, USA",37.695517,-122.400306,-3.0,Residential,B,8.47,38.4,GratedInlet,50.3,50,0.2149746192893401,1.006,Medium Risk
"San Francisco, USA",37.655403,-122.424232,58.9,Roads,A,7.87,146.0,OpenChannel,30.1,2,0.053537414965986393,15.05,Low Risk
"Colombo, Sri Lanka",6.965006,79.861194,13.19,Residential,D,4.02,88.5,Manhole,72.3,10,0.04491620111731843,7.2299999999999995,Low Risk
"New York, USA",40.663617,-73.940983,38.12,Industrial,B,4.86,87.2,CurbInlet,18.8,10,0.05510204081632653,1.8800000000000001,Low Risk
"Rome, Italy",42.009736,12.572159,14.7,Water,C,4.34,301.4,GratedInlet,20.6,10,0.014351851851851852,2.06,Low Risk
"Chennai, India",13.120171,80.39711,4.96,Industrial,A,7.08,205.0,CurbInlet,40.3,25,0.034368932038834954,1.6119999999999999,Medium Risk
"Ahmedabad, India",23.052291,72.461573,60.3,Residential,C,3.95,186.7,GratedInlet,57.5,25,0.021044219499200854,2.3,Low Risk
"Karachi, Pakistan",24.830144,67.025476,-3.0,Water,A,6.74,147.5,GratedInlet,27.4,2,0.045387205387205386,13.7,Medium Risk
"Barcelona, Spain",41.211432,2.109194,10.29,Green,C,2.92,104.3,OpenChannel,43.4,25,0.027730294396961064,1.736,Medium Risk
"Osaka, Japan",34.547845,135.516497,87.14,Commercial,A,7.98,29.7,GratedInlet,24.9,25,0.25993485342019546,0.996,Low Risk
"Houston, USA",29.653301,-95.425304,71.28,Residential,B,5.94,52.5,Manhole,30.7,5,0.11102803738317758,6.14,Low Risk
"Shenzhen, China",22.45687,114.213275,-3.0,Commercial,D,9.55,40.1,GratedInlet,96.0,2,0.232360097323601,48.0,High Risk
"Dhaka, Bangladesh",23.822366,90.352225,-3.0,Commercial,A,7.74,5.5,OpenChannel,39.5,5,1.1907692307692308,7.9,Medium Risk
"London, UK",51.545199,-0.122036,30.33,Residential,D,7.8,46.1,CurbInlet,36.5,25,0.16560509554140126,1.46,Low Risk
"Vancouver, Canada",49.192106,-123.270287,22.95,Residential,D,5.71,164.6,CurbInlet,26.4,50,0.034480676328502415,0.528,Low Risk
"Miami, USA",25.727049,-80.122735,7.34,Roads,B,6.25,47.1,GratedInlet,149.5,50,0.12993762993762994,2.99,High Risk
"Washington DC, USA",38.859685,-76.977323,30.07,Industrial,B,5.5,61.8,GratedInlet,18.6,25,0.08757961783439491,0.7440000000000001,Low Risk
"Hamburg, Germany",53.507634,9.948713,9.81,Commercial,B,4.9,30.4,GratedInlet,28.7,5,0.15605095541401276,5.74,Low Risk
"Washington DC, USA",38.876307,-77.06297,69.8,Commercial,B,4.37,68.1,OpenChannel,28.8,5,0.06324167872648337,5.76,Low Risk
"Doha, Qatar",25.371948,51.438038,79.74,Residential,D,7.27,57.4,GratedInlet,11.8,10,0.12448630136986301,1.1800000000000002,Low Risk
"Vancouver, Canada",49.197153,-123.216684,8.05,Roads,B,3.98,12.7,Manhole,74.0,100,0.2905109489051095,0.74,Low Risk
"Singapore, Singapore",1.297866,103.645443,21.73,Residential,A,6.25,205.3,OpenChannel,68.0,2,0.030295685894328645,34.0,Low Risk
"Dhaka, Bangladesh",23.723479,90.2893,120.63,Roads,C,9.66,60.4,GratedInlet,50.0,2,0.15732899022801303,25.0,Low Risk
"Bengaluru, India",12.970835,77.602844,88.37,Residential,B,2.99,138.1,Manhole,40.6,5,0.02149532710280374,8.120000000000001,Medium Risk
"Delhi, India",28.530066,77.246917,-3.0,Roads,D,4.87,85.9,Manhole,21.6,25,0.05604142692750287,0.8640000000000001,High Risk
"Philadelphia, USA",39.963861,-75.125059,65.99,Roads,A,8.53,91.69999999999999,GratedInlet,33.1,10,0.09201725997842503,3.31,Low Risk
"Doha, Qatar",25.324283,51.587106,40.23,Mixed,B,5.58,199.5,OpenChannel,13.1,10,0.027830423940149625,1.31,Low Risk
"Athens, Greece",37.961692,23.754627,7.94,Commercial,D,6.25,58.4,CurbInlet,20.2,5,0.10521885521885523,4.04,Medium Risk
"Ahmedabad, India",23.100636,72.610165,59.62,Residential,B,4.5,39.8,Manhole,21.6,2,0.11029411764705883,10.8,Low Risk
"Kuala Lumpur, Malaysia",3.215749,101.746824,51.92,Roads,A,4.94,94.5,CurbInlet,138.4,10,0.05172774869109948,13.84,High Risk
"Riyadh, Saudi Arabia",24.656836,46.608665,16.51,Green,A,3.27,221.3,CurbInlet,17.2,2,0.014709851551956815,8.6,Low Risk
"Rio de Janeiro, Brazil",-22.940329,-43.113132,9.35,Residential,B,7.13,31.3,Manhole,113.1,10,0.22074303405572757,11.309999999999999,High Risk
"Karachi, Pakistan",24.933147,67.016084,94.83,Roads,B,5.31,91.69999999999999,OpenChannel,28.9,5,0.05728155339805825,5.779999999999999,Low Risk
"Barcelona, Spain",41.331471,2.202911,11.11,Commercial,B,5.46,102.2,GratedInlet,27.8,2,0.05290697674418605,13.9,Low Risk
"Accra, Ghana",5.566433,-0.221917,11.47,Residential,C,4.34,39.1,OpenChannel,61.7,25,0.1082294264339152,2.468,Low Risk
"Tehran, Iran",35.65908,51.323983,86.31,Water,D,6.37,183.8,CurbInlet,55.5,10,0.03446969696969697,5.55,Low Risk
"San Francisco, USA",37.716087,-122.341944,63.6,Residential,C,3.21,179.6,Manhole,36.0,10,0.017774086378737543,3.6,Low Risk
"Paris, France",48.733852,2.306346,74.7,Roads,C,6.73,71.1,Manhole,17.0,5,0.09334257975034675,3.4,Low Risk
"Cape Town, South Africa",-33.939786,18.361097,115.2,Residential,D,6.25,177.0,OpenChannel,16.1,10,0.0351123595505618,1.61,Low Risk
"Durban, South Africa",-30.023547,31.128908,-3.0,Roads,B,5.41,40.5,CurbInlet,46.8,10,0.13036144578313252,4.68,Medium Risk
"Sao Paulo, Brazil",-23.653911,-46.666966,77.69,Residential,B,5.33,91.69999999999999,CurbInlet,37.9,2,0.0574973031283711,18.95,Low Risk
"Seoul, South Korea",37.554751,126.972007,-3.0,Roads,C,8.51,62.5,GratedInlet,70.3,50,0.13401574803149605,1.406,High Risk
"Shenzhen, China",22.598464,113.977979,9.57,Residential,B,4.86,69.2,Manhole,44.7,50,0.06923076923076923,0.894,Low Risk
"Mumbai, India",19.080762,72.795554,-2.8,Residential,D,4.08,141.6,Manhole,41.5,25,0.028611500701262275,1.66,High Risk
"Cape Town, South Africa",-33.827695,18.397607,25.130000000000003,Roads,C,8.04,28.8,Manhole,49.5,25,0.2697986577181208,1.98,Low Risk
"Amsterdam, Netherlands",52.318933,5.087657,18.79,Commercial,B,6.25,85.6,CurbInlet,40.8,5,0.07217090069284066,8.16,Low Risk
"Rome, Italy",42.032416,12.493229,41.3,Institutional,B,3.01,184.3,CurbInlet,37.1,50,0.016243928764166214,0.742,Low Risk
"Tokyo, Japan",35.672686,139.679858,25.71,Industrial,A,4.98,16.5,OpenChannel,25.6,10,0.2845714285714286,2.56,Low Risk
"Montreal, Canada",45.509106,-73.484677,75.53,Commercial,B,7.97,138.1,CurbInlet,56.3,5,0.057296908698777856,11.26,Low Risk
"Seoul, South Korea",37.633209,126.948871,54.21,Industrial,B,6.25,61.4,CurbInlet,53.8,2,0.10016025641025642,26.9,Low Risk
"Tokyo, Japan",35.62683,139.53682,-3.0,Residential,A,6.41,111.0,Manhole,33.9,5,0.057232142857142856,6.779999999999999,Medium Risk
"Kolkata, India",22.57244,88.30154,10.16,Commercial,B,10.15,89.1,CurbInlet,55.2,10,0.11265260821309657,5.5200000000000005,Low Risk
"Nairobi, Kenya",-1.319528,36.823379,53.02,Commercial,C,5.2,26.6,CurbInlet,17.8,50,0.18840579710144928,0.35600000000000004,Low Risk
"Chennai, India",13.113856,80.371556,6.88,Residential,B,5.16,51.8,GratedInlet,70.3,10,0.09772727272727273,7.029999999999999,Medium Risk
"Bangkok, Thailand",13.873456,100.35958,0.56,Commercial,B,8.26,365.9,OpenChannel,69.3,50,0.022512946306895612,1.386,Medium Risk
"Rotterdam, Netherlands",51.951031,4.387465,-0.06,Green,D,5.57,276.0,Manhole,21.5,10,0.020108303249097473,2.15,Medium Risk
"Houston, USA",29.918555,-95.299258,42.01,Green,D,4.78,107.5,CurbInlet,50.2,10,0.044055299539170506,5.0200000000000005,Low Risk
"Ho Chi Minh City, Vietnam",10.83953,106.659697,63.85,Roads,C,6.25,388.0,OpenChannel,54.9,50,0.016066838046272493,1.0979999999999999,Low Risk
"Tehran, Iran",35.620812,51.37742,152.65,Residential,A,8.46,63.1,Manhole,12.8,5,0.13198127925117006,2.56,Low Risk
"Pune, India",18.652679,73.99192,27.19,Industrial,B,5.57,305.3,OpenChannel,59.4,5,0.018184786157362062,11.879999999999999,Low Risk
"Manila, Philippines",14.533617,120.898454,15.02,Residential,B,7.6,62.9,Manhole,50.5,100,0.1189358372456964,0.505,Low Risk
"Dhaka, Bangladesh",23.660339,90.451229,40.64,Residential,C,3.38,405.7,OpenChannel,68.5,10,0.008310794197196951,6.85,Low Risk
"Karachi, Pakistan",24.914301,66.882778,9.2,Commercial,A,9.14,217.9,OpenChannel,35.1,5,0.04175422567382366,7.0200000000000005,Low Risk
"Tehran, Iran",35.73631,51.363667,253.88,Industrial,C,9.79,530.4,CurbInlet,34.3,2,0.01842303349642454,17.15,Low Risk
"Montreal, Canada",45.487647,-73.753286,81.28,Commercial,B,5.49,96.5,Manhole,28.6,10,0.05630769230769231,2.8600000000000003,Low Risk
"Amsterdam, Netherlands",52.379491,4.881455,15.59,Industrial,B,6.26,38.8,GratedInlet,25.7,5,0.157286432160804,5.14,Low Risk
"Karachi, Pakistan",24.882304,67.010255,2.7,Roads,C,3.87,81.6,CurbInlet,23.9,10,0.04685230024213075,2.3899999999999997,Medium Risk
"Istanbul, Türkiye",41.040132,29.006163,25.130000000000003,Industrial,C,6.84,33.4,Manhole,26.5,25,0.1988372093023256,1.06,Low Risk
"Durban, South Africa",-29.821433,31.066605,59.62,Roads,C,7.18,110.3,Manhole,24.3,5,0.06451033243486073,4.86,Low Risk
"Singapore, Singapore",1.348403,103.908228,13.22,Mixed,C,5.97,68.9,GratedInlet,42.6,10,0.0854077253218884,4.26,Low Risk
"Taipei, Taiwan",25.074434,121.446602,61.21,Commercial,C,7.61,61.0,GratedInlet,53.2,10,0.12274193548387097,5.32,Low Risk
"Seoul, South Korea",37.580087,126.995149,25.130000000000003,Roads,B,5.29,189.2,GratedInlet,59.9,10,0.027812828601472137,5.99,Low Risk
"Tehran, Iran",35.758658,51.446085,-3.0,Green,A,6.25,491.4,CurbInlet,41.3,10,0.012692932575142162,4.13,Medium Risk
"Riyadh, Saudi Arabia",24.644576,46.611099,57.61,Residential,D,7.08,155.2,CurbInlet,34.5,2,0.04532650448143406,17.25,Low Risk
"Durban, South Africa",-29.815039,31.04753,119.77,Residential,B,5.78,59.6,Manhole,41.6,2,0.09537953795379538,20.8,Low Risk
"Hyderabad, India",17.331043,78.565398,78.02,Residential,C,4.74,79.0,Manhole,19.3,2,0.059250000000000004,9.65,Low Risk
"Barcelona, Spain",41.378569,2.195392,-3.0,Commercial,C,6.93,15.3,CurbInlet,40.6,5,0.4251533742331288,8.120000000000001,High Risk
"Doha, Qatar",25.367712,51.612383,-3.0,Commercial,B,6.93,34.3,GratedInlet,17.6,2,0.1963172804532578,8.8,Medium Risk
"Pune, India",18.59539,73.877415,69.81,Commercial,B,8.98,67.8,CurbInlet,35.0,2,0.1305232558139535,17.5,Low Risk
"Barcelona, Spain",41.487391,2.1067,19.71,Green,B,5.38,121.4,CurbInlet,17.5,5,0.04395424836601307,3.5,Low Risk
"Tehran, Iran",35.644842,51.444996,195.41,Residential,C,3.28,117.9,OpenChannel,20.2,10,0.02758620689655172,2.02,Low Risk
"Accra, Ghana",5.406643,-0.293439,21.36,Residential,B,6.03,15.8,Manhole,31.7,5,0.35892857142857143,6.34,Low Risk
"Nairobi, Kenya",-1.251216,36.960553,106.5,Roads,B,6.95,37.9,GratedInlet,24.6,5,0.17866323907455015,4.92,Low Risk
"Shanghai, China",31.122104,121.5664,14.72,Roads,D,2.67,148.9,CurbInlet,49.9,10,0.01781187458305537,4.99,Medium Risk
"Houston, USA",29.8199,-95.298084,-3.0,Industrial,A,7.32,32.6,Manhole,61.2,25,0.21785714285714286,2.448,Medium Risk
"Sao Paulo, Brazil",-23.572479,-46.531559,46.02,Residential,A,6.25,57.6,CurbInlet,42.2,100,0.10665529010238907,0.42200000000000004,Low Risk
"Shenzhen, China",22.683999,114.045831,2.84,Roads,C,4.05,91.69999999999999,Manhole,72.8,100,0.043689320388349516,0.728,High Risk
"Shanghai, China",31.29294,121.36865,1.04,Residential,D,6.57,58.9,Manhole,33.5,100,0.10968280467445744,0.335,High Risk
"Singapore, Singapore",1.346743,103.689947,11.2,Roads,D,6.54,103.1,CurbInlet,86.4,25,0.0628242074927954,3.4560000000000004,High Risk
"Paris, France",48.821159,2.332728,65.9,Residential,D,6.25,121.9,OpenChannel,74.5,50,0.05085435313262815,1.49,Low Risk
"Kolkata, India",22.553199,88.374015,9.75,Roads,C,5.86,43.5,Manhole,34.9,2,0.13168539325842699,17.45,Low Risk
"Athens, Greece",37.995071,23.774247,50.78,Commercial,B,7.52,91.69999999999999,GratedInlet,13.6,5,0.08112189859762675,2.7199999999999998,Low Risk
"Tokyo, Japan",35.654081,139.797701,25.130000000000003,Industrial,C,10.18,91.69999999999999,CurbInlet,60.5,25,0.1098166127292341,2.42,Low Risk
"Durban, South Africa",-29.857573,30.989136,63.37,Informal,B,5.58,91.69999999999999,CurbInlet,62.6,5,0.06019417475728156,12.52,Low Risk
"Bangkok, Thailand",13.727514,100.519369,10.42,Roads,D,7.73,35.8,CurbInlet,64.9,2,0.21005434782608698,32.45,Low Risk
"Mexico City, Mexico",19.491075,-99.153614,25.130000000000003,Industrial,C,9.32,101.2,GratedInlet,56.7,5,0.09119373776908024,11.34,Low Risk
"Kolkata, India",22.491177,88.492678,48.97,Roads,D,6.25,139.3,GratedInlet,40.1,25,0.04454739843193157,1.604,Low Risk
"Rotterdam, Netherlands",52.011402,4.516424,12.67,Roads,C,6.67,60.5,Manhole,16.2,25,0.10845528455284553,0.648,Low Risk
"Hamburg, Germany",53.488006,10.058915,75.66,Residential,B,2.91,91.69999999999999,GratedInlet,54.6,2,0.03139158576051781,27.3,Medium Risk
"Bogotá, Colombia",4.713893,-73.922619,33.56,Industrial,A,3.75,43.6,CurbInlet,24.5,5,0.08408071748878923,4.9,Low Risk
"Tokyo, Japan",35.760767,139.54114,-3.0,Residential,C,3.91,47.1,GratedInlet,31.7,2,0.0812889812889813,15.85,High Risk
"Rome, Italy",41.75963,12.596604,96.37,Residential,C,4.04,62.4,OpenChannel,25.0,5,0.06372239747634069,5.0,Low Risk
"Mexico City, Mexico",19.407587,-99.154693,22.5,Residential,B,5.04,60.5,CurbInlet,27.7,5,0.08195121951219513,5.54,Low Risk
"Dubai, UAE",25.295387,55.321834,76.78,Institutional,B,6.25,72.2,OpenChannel,25.2,2,0.08538251366120218,12.6,Low Risk
"Manila, Philippines",14.59167,121.025053,19.84,Water,D,6.36,146.5,Manhole,41.6,10,0.04311864406779661,4.16,Low Risk
"Hanoi, Vietnam",21.090787,105.771564,64.4,Residential,A,6.23,275.4,CurbInlet,55.7,10,0.022539797395079598,5.57,Low Risk
"Ahmedabad, India",23.057006,72.535381,16.18,Mixed,C,9.14,16.9,CurbInlet,29.2,2,0.5106145251396649,14.6,Low Risk
"Lagos, Nigeria",6.642788,3.411478,1.38,Residential,D,6.64,37.9,GratedInlet,85.9,25,0.17069408740359898,3.4360000000000004,High Risk
"San Francisco, USA",37.871157,-122.41986,112.09,Residential,C,5.8,99.6,CurbInlet,32.0,50,0.05765407554671968,0.64,Low Risk
"New Orleans, USA",29.89275,-90.028087,13.95,Institutional,B,6.25,162.8,GratedInlet,33.3,100,0.03815628815628815,0.33299999999999996,Low Risk
"Brisbane, Australia",-27.401379,153.077346,18.93,Residential,C,8.49,37.1,CurbInlet,74.4,25,0.22283464566929134,2.9760000000000004,Low Risk
"Montreal, Canada",45.432819,-73.499733,7.3,Residential,C,4.99,154.3,CurbInlet,14.6,2,0.03213135866065679,7.3,Medium Risk
"Washington DC, USA",38.88906,-77.116066,47.84,Residential,B,6.79,87.4,Manhole,73.5,100,0.07680995475113121,0.735,Low Risk
"Rome, Italy",41.961757,12.571678,47.48,Commercial,C,6.25,6.8,CurbInlet,15.9,10,0.8012820512820513,1.59,Low Risk
"Mexico City, Mexico",19.323463,-99.125343,15.12,Residential,D,4.76,15.7,Manhole,61.0,5,0.28502994011976046,12.2,Low Risk
"Hong Kong, China",22.422942,114.221116,6.29,Industrial,B,8.96,32.3,Manhole,52.6,50,0.26906906906906913,1.052,Medium Risk
"Hanoi, Vietnam",21.079542,105.87533,51.62,Mixed,D,6.25,50.8,CurbInlet,47.6,5,0.12065637065637067,9.52,Low Risk
"Hamburg, Germany",53.48909,10.084538,6.02,Industrial,B,7.68,32.2,GratedInlet,32.0,2,0.23132530120481926,16.0,Medium Risk
"Houston, USA",29.811292,-95.302753,55.01,Green,A,6.25,261.5,OpenChannel,32.6,100,0.023809523809523808,0.326,Low Risk
"New Orleans, USA",29.847539,-90.141894,11.7,Residential,D,4.35,91.69999999999999,GratedInlet,38.4,5,0.046925566343042076,7.68,Low Risk
"Miami, USA",25.890284,-80.167954,4.3,Mixed,B,6.25,354.4,OpenChannel,54.2,100,0.01758581879572313,0.542,Medium Risk
"Barcelona, Spain",41.320303,2.085204,25.130000000000003,Roads,B,8.45,157.1,CurbInlet,38.3,10,0.0534471853257432,3.8299999999999996,Low Risk
"Cape Town, South Africa",-33.885279,18.446892,-3.0,Residential,B,5.99,128.4,CurbInlet,17.4,25,0.046290571870170015,0.696,Medium Risk
"Delhi, India",28.628947,77.212775,89.56,Institutional,C,3.31,235.3,Manhole,49.1,2,0.014007617435463393,24.55,Low Risk
"Washington DC, USA",38.991091,-77.055597,25.130000000000003,Roads,D,6.25,128.7,CurbInlet,39.9,10,0.0481881264456438,3.9899999999999998,Low Risk
"Colombo, Sri Lanka",7.003586,79.894333,25.130000000000003,Mixed,D,9.43,356.6,OpenChannel,129.3,100,0.026370246085011182,1.2930000000000001,High Risk
"Colombo, Sri Lanka",7.008992,79.798521,6.59,Roads,A,9.16,78.1,CurbInlet,71.6,10,0.11580278128950697,7.159999999999999,Medium Risk
"Colombo, Sri Lanka",6.945088,79.775974,8.48,Green,D,3.42,91.69999999999999,CurbInlet,63.3,5,0.03689320388349515,12.66,Low Risk
"Rotterdam, Netherlands",51.858138,4.399197,9.04,Residential,B,8.49,27.4,CurbInlet,35.1,5,0.29894366197183103,7.0200000000000005,Low Risk
"Cape Town, South Africa",-33.940071,18.372848,23.8,Green,B,4.35,274.4,CurbInlet,55.7,10,0.01579520697167756,5.57,Low Risk
"Vancouver, Canada",49.28578,-123.149075,15.56,Commercial,B,5.68,91.69999999999999,Manhole,53.1,10,0.06127292340884574,5.3100000000000005,Low Risk
"Hamburg, Germany",53.537167,10.10649,79.62,Green,A,2.96,184.6,OpenChannel,32.1,10,0.015948275862068966,3.21,Medium Risk
"Rome, Italy",41.890968,12.557779,46.83,Roads,D,10.45,51.5,Manhole,63.4,25,0.19904761904761903,2.536,Low Risk
"Montreal, Canada",45.483509,-73.597431,51.85,Roads,C,7.32,36.9,Manhole,29.1,5,0.19313984168865436,5.82,Low Risk
"Delhi, India",28.538543,77.194478,35.82,Residential,D,7.58,157.6,CurbInlet,74.5,5,0.04779319041614124,14.9,Low Risk
"Durban, South Africa",-29.771723,30.974719,72.82,Commercial,C,7.08,75.6,Manhole,26.5,2,0.09242819843342037,13.25,Low Risk
"Kuala Lumpur, Malaysia",3.129055,101.770517,9.86,Roads,B,10.19,60.5,GratedInlet,87.8,50,0.1656910569105691,1.756,High Risk
"Brisbane, Australia",-27.507908,153.011252,10.72,Residential,B,7.99,163.6,CurbInlet,27.6,2,0.04854191980558931,13.8,Low Risk
"Manila, Philippines",14.506927,121.040289,23.56,Green,C,4.46,369.8,OpenChannel,95.9,10,0.012028047464940668,9.59,High Risk
"Hamburg, Germany",53.458456,10.003259,42.17,Commercial,C,5.94,56.6,GratedInlet,37.8,10,0.10312500000000001,3.78,Low Risk
"Shenzhen, China",22.606117,114.095235,1.72,Commercial,B,5.97,24.2,Manhole,69.5,2,0.2369047619047619,34.75,Medium Risk
"Ho Chi Minh City, Vietnam",10.849732,106.662603,25.130000000000003,Residential,B,2.81,87.0,Manhole,37.4,2,0.03193181818181818,18.7,Medium Risk
"Bengaluru, India",12.990622,77.593824,25.130000000000003,Commercial,D,5.91,75.9,Manhole,27.0,2,0.07685305591677503,13.5,Low Risk
"Vancouver, Canada",49.279911,-123.109501,11.8,Roads,C,9.48,90.4,Manhole,11.9,25,0.1037199124726477,0.47600000000000003,Low Risk
"New Orleans, USA",29.922575,-90.133756,12.75,Green,A,2.28,29.2,CurbInlet,20.9,100,0.07549668874172184,0.209,Medium Risk
"Bogotá, Colombia",4.781346,-74.199324,64.18,Roads,B,6.38,65.8,CurbInlet,29.4,5,0.09550898203592814,5.88,Low Risk
"Hanoi, Vietnam",21.034645,105.803475,32.21,Industrial,B,5.25,96.6,CurbInlet,48.1,50,0.05379098360655738,0.9620000000000001,Low Risk
"Delhi, India",28.711049,77.208686,92.67,Informal,D,6.52,213.5,CurbInlet,36.3,2,0.030396270396270395,18.15,Low Risk
"New York, USA",40.757452,-74.069899,6.05,Institutional,C,3.22,187.4,OpenChannel,32.4,5,0.017091295116772823,6.4799999999999995,Medium Risk
"Chennai, India",13.107102,80.337919,3.42,Commercial,C,5.5,158.2,CurbInlet,122.1,50,0.03454773869346734,2.4419999999999997,High Risk
"Istanbul, Türkiye",41.026182,28.924288,50.7,Industrial,D,10.26,91.69999999999999,CurbInlet,32.7,25,0.11067961165048545,1.308,Low Risk
"Brisbane, Australia",-27.485765,152.902917,28.06,Roads,A,8.22,4.0,CurbInlet,42.7,10,1.6440000000000001,4.2700000000000005,Low Risk
"Singapore, Singapore",1.38379,103.770525,7.61,Commercial,B,5.68,52.4,Manhole,150.0,50,0.10636704119850186,3.0,High Risk
"Ahmedabad, India",23.134443,72.507367,-3.0,Residential,B,4.19,110.8,GratedInlet,12.0,2,0.03747763864042934,6.0,Medium Risk
"Auckland, New Zealand",-36.905828,174.778975,86.77,Mixed,D,8.36,63.0,Manhole,20.4,2,0.130625,10.2,Low Risk
"Cape Town, South Africa",-33.968261,18.466638,243.51,Roads,C,8.1,57.7,OpenChannel,17.1,100,0.13798977853492334,0.171,Low Risk
"Durban, South Africa",-29.679394,31.058998,15.26,Green,B,1.54,225.0,OpenChannel,43.9,25,0.006814159292035399,1.756,Medium Risk
"Hamburg, Germany",53.462697,10.070491,53.2,Roads,A,10.8,74.1,Manhole,12.4,25,0.1438082556591212,0.496,Low Risk
"Mumbai, India",18.993732,72.833841,2.42,Residential,D,7.53,72.9,OpenChannel,62.7,50,0.10189445196211096,1.254,High Risk
"Shanghai, China",31.18297,121.49218,5.88,Residential,C,5.19,48.1,Manhole,34.9,2,0.10570264765784114,17.45,Medium Risk
"New York, USA",40.889908,-74.02131,11.88,Commercial,A,8.3,67.8,Manhole,22.7,5,0.12063953488372095,4.54,Low Risk
"Kuala Lumpur, Malaysia",3.037505,101.611958,-3.0,Residential,B,3.09,18.7,CurbInlet,64.5,50,0.15685279187817258,1.29,High Risk
"Durban, South Africa",-29.9059,30.969008,96.15,Institutional,B,3.51,323.1,GratedInlet,37.1,10,0.010829990743597653,3.71,Low Risk
"Paris, France",48.91237,2.42309,25.130000000000003,Commercial,D,5.93,124.8,GratedInlet,47.4,25,0.04713831478537361,1.896,Low Risk
"Lima, Peru",-12.031356,-76.950794,39.63,Residential,D,7.78,146.8,CurbInlet,11.8,10,0.05263870094722598,1.1800000000000002,Low Risk
"Tehran, Iran",35.782901,51.308018,83.34,Commercial,A,5.66,118.9,CurbInlet,58.9,50,0.04720600500417014,1.178,Low Risk
"Shanghai, China",31.364377,121.548792,25.130000000000003,Mixed,C,4.47,88.2,Manhole,18.8,5,0.05011210762331838,3.7600000000000002,Low Risk
"Bengaluru, India",12.910081,77.540188,-3.0,Industrial,C,6.12,89.9,Manhole,21.5,5,0.06732673267326732,4.3,Medium Risk
"New Orleans, USA",29.942636,-90.243223,21.62,Commercial,A,4.84,39.0,CurbInlet,25.7,10,0.121,2.57,Low Risk
"Accra, Ghana",5.591793,-0.140785,22.83,Residential,B,2.83,85.3,GratedInlet,77.2,10,0.03279258400926999,7.720000000000001,Medium Risk
"Tehran, Iran",35.680355,51.299926,38.3,Residential,B,6.25,19.1,GratedInlet,38.2,5,0.31094527363184077,7.640000000000001,Low Risk
"Guangzhou, China",23.200778,113.147624,-1.23,Residential,D,7.14,52.2,CurbInlet,41.5,100,0.13421052631578945,0.415,High Risk
"Singapore, Singapore",1.374447,103.961276,7.11,Commercial,D,6.83,79.1,Manhole,69.7,10,0.08526841448189763,6.970000000000001,High Risk
"Pune, India",18.635076,73.799206,48.21,Green,A,4.75,59.4,Manhole,15.1,5,0.07864238410596026,3.02,Low Risk
"Amsterdam, Netherlands",52.469471,4.856786,-2.69,Industrial,D,8.45,43.9,CurbInlet,37.0,10,0.18819599109131402,3.7,High Risk
"Houston, USA",29.807889,-95.46667,23.13,Residential,D,6.3,142.7,CurbInlet,21.4,2,0.04384133611691023,10.7,Low Risk
"Bengaluru, India",13.060229,77.608438,78.19,Roads,B,5.1,1.0,GratedInlet,15.2,2,2.55,7.6,Low Risk
"Mexico City, Mexico",19.509675,-99.140834,61.03,Roads,C,4.13,392.1,OpenChannel,65.5,5,0.010506232510811498,13.1,Low Risk
"Istanbul, Türkiye",40.987747,28.969673,56.49,Green,B,4.75,60.1,Manhole,28.7,2,0.07774140752864157,14.35,Low Risk
"Mexico City, Mexico",19.575712,-99.09631,24.57,Industrial,B,7.71,48.1,Manhole,27.3,25,0.1570264765784114,1.092,Low Risk
"Pune, India",18.575206,73.970498,-3.0,Commercial,B,7.42,81.9,Manhole,20.7,10,0.08950542822677925,2.07,Medium Risk
"Singapore, Singapore",1.376511,103.86334,8.88,Commercial,C,3.31,136.4,Manhole,150.0,100,0.024090247452692868,1.5,High Risk
"Manila, Philippines",14.7408,121.037862,12.4,Roads,D,3.53,49.3,OpenChannel,34.7,2,0.07017892644135189,17.35,Low Risk
"Taipei, Taiwan",25.022527,121.475552,29.91,Industrial,C,4.77,117.9,CurbInlet,21.9,2,0.04011774600504625,10.95,Low Risk
"Hamburg, Germany",53.3908,10.035679,51.76,Roads,B,10.17,4.3,CurbInlet,33.5,50,1.918867924528302,0.67,Low Risk
"Tehran, Iran",35.640678,51.315357,82.5,Residential,B,2.38,38.4,CurbInlet,40.3,5,0.06040609137055838,8.059999999999999,Medium Risk
"Rotterdam, Netherlands",51.917783,4.40911,2.33,Residential,D,2.61,91.69999999999999,CurbInlet,23.1,10,0.028155339805825245,2.31,Medium Risk
"Copenhagen, Denmark",55.632304,12.618777,23.75,Green,D,6.25,256.6,GratedInlet,27.6,10,0.024262422360248444,2.7600000000000002,Low Risk
"Sao Paulo, Brazil",-23.556091,-46.587018,49.41,Roads,A,7.53,91.69999999999999,CurbInlet,89.6,2,0.08122977346278318,44.8,High Risk
"Ahmedabad, India",23.056499,72.629412,61.69,Industrial,B,7.45,91.69999999999999,CurbInlet,20.0,25,0.08036677454153184,0.8,Low Risk
"Riyadh, Saudi Arabia",24.641361,46.690154,26.41,Residential,B,4.91,32.4,CurbInlet,8.5,5,0.1470059880239521,1.7,Low Risk
"New Orleans, USA",29.8677,-90.058014,14.44,Residential,B,8.6,150.7,CurbInlet,29.7,2,0.05669083717864206,14.85,Low Risk
"Hamburg, Germany",53.469971,10.069403,0.53,Green,B,3.14,274.6,Manhole,32.0,25,0.011393323657474601,1.28,Medium Risk
"Ho Chi Minh City, Vietnam",10.890532,106.51306,14.6,Commercial,C,8.47,67.0,Manhole,90.3,5,0.12455882352941178,18.06,High Risk
"Istanbul, Türkiye",40.905096,28.956286,47.02,Commercial,B,5.89,48.6,Manhole,16.0,5,0.11875,3.2,Low Risk
"Cape Town, South Africa",-33.870557,18.472307,183.7,Green,D,1.93,273.6,CurbInlet,19.9,25,0.007028404952658412,0.7959999999999999,Medium Risk
"Chennai, India",13.188348,80.350287,12.34,Green,D,3.7,108.8,CurbInlet,41.5,25,0.033697632058287796,1.66,Low Risk
"Lima, Peru",-11.98696,-76.957503,61.81,Green,D,2.53,441.6,OpenChannel,40.8,5,0.005716222322638951,8.16,Medium Risk
"Riyadh, Saudi Arabia",24.665252,46.638564,72.93,Mixed,B,6.25,102.3,GratedInlet,12.4,10,0.060503388189738626,1.24,Low Risk
"Philadelphia, USA",39.952134,-75.178309,77.25,Commercial,B,8.14,4.1,Manhole,26.8,25,1.5960784313725493,1.072,Low Risk
"London, UK",51.498276,-0.175483,34.99,Residential,A,3.38,114.4,CurbInlet,63.0,2,0.029289428076256497,31.5,Low Risk
"Riyadh, Saudi Arabia",24.679585,46.755747,-3.0,Roads,B,5.71,87.1,Manhole,8.6,10,0.06481271282633372,0.86,Medium Risk
"Kolkata, India",22.595972,88.401311,23.13,Green,D,6.43,57.2,GratedInlet,26.3,2,0.11048109965635738,13.15,Low Risk
"Brisbane, Australia",-27.482592,153.011911,25.130000000000003,Residential,C,5.42,52.8,CurbInlet,32.4,50,0.10074349442379182,0.648,Low Risk
"Tokyo, Japan",35.659465,139.605611,-3.0,Green,A,7.21,319.7,CurbInlet,43.7,50,0.022482070470845026,0.8740000000000001,Medium Risk
"Washington DC, USA",38.914633,-77.001546,70.97,Roads,B,7.61,330.6,OpenChannel,47.6,5,0.022949336550060314,9.52,Low Risk
"Lima, Peru",-11.993655,-77.024442,21.15,Institutional,A,6.3,129.0,GratedInlet,35.9,100,0.04846153846153846,0.359,Low Risk
"Osaka, Japan",34.611108,135.601162,153.91,Industrial,C,7.75,439.6,OpenChannel,74.0,25,0.017589650476622785,2.96,Low Risk
"Buenos Aires, Argentina",-34.674195,-58.463025,89.19,Institutional,C,6.25,248.5,OpenChannel,21.8,2,0.025050100200400802,10.9,Low Risk
"Hanoi, Vietnam",21.041748,105.761559,73.01,Residential,B,5.23,101.5,Manhole,48.0,25,0.05102439024390244,1.92,Low Risk
"Shanghai, China",31.389409,121.47089,19.02,Roads,B,7.47,185.8,CurbInlet,30.3,2,0.039989293361884365,15.15,Low Risk
"Houston, USA",29.763446,-95.204308,57.12,Residential,D,3.66,49.5,Manhole,21.1,25,0.07247524752475248,0.8440000000000001,Low Risk
"Karachi, Pakistan",24.932233,67.022422,3.04,Residential,C,6.14,371.8,CurbInlet,35.4,10,0.016469957081545063,3.54,Medium Risk
"Lima, Peru",-12.067346,-77.134339,81.9,Commercial,C,10.87,10.6,CurbInlet,26.2,50,0.9370689655172414,0.524,Low Risk
"Philadelphia, USA",39.937856,-75.228937,28.33,Roads,B,10.33,65.7,GratedInlet,35.6,2,0.15487256371814093,17.8,Low Risk
"Rotterdam, Netherlands",51.984869,4.454636,12.3,Residential,B,3.99,91.69999999999999,GratedInlet,55.2,50,0.04304207119741101,1.104,Low Risk
"Kuala Lumpur, Malaysia",3.24852,101.77501,45.01,Industrial,D,11.51,61.9,OpenChannel,73.0,50,0.18298887122416535,1.46,Low Risk
"Copenhagen, Denmark",55.631318,12.581618,2.39,Residential,C,8.09,20.6,Manhole,47.1,50,0.374537037037037,0.9420000000000001,Medium Risk
"Taipei, Taiwan",25.08819,121.553027,73.41,Residential,B,3.33,84.2,CurbInlet,61.9,2,0.03908450704225352,30.95,Low Risk
"Manila, Philippines",14.684029,120.982508,14.78,Informal,A,8.67,109.6,OpenChannel,55.8,25,0.07839059674502713,2.2319999999999998,Low Risk
"Shenzhen, China",22.405906,114.101329,9.54,Commercial,B,6.61,216.0,OpenChannel,85.6,10,0.03046082949308756,8.559999999999999,High Risk
"Brisbane, Australia",-27.346465,153.009891,65.23,Green,B,3.32,134.6,CurbInlet,74.8,25,0.02448377581120944,2.992,Low Risk
"Chennai, India",13.234755,80.281603,6.88,Water,A,5.72,91.69999999999999,OpenChannel,52.9,25,0.06170442286947142,2.116,Medium Risk
"Ho Chi Minh City, Vietnam",10.787952,106.580353,2.07,Institutional,C,7.41,382.3,CurbInlet,46.2,50,0.019332115836159666,0.924,Medium Risk
"Mumbai, India",18.936852,72.829707,19.94,Roads,A,5.04,177.7,OpenChannel,65.7,10,0.02820369334079463,6.57,Low Risk
"Copenhagen, Denmark",55.674157,12.552691,10.95,Commercial,C,7.49,155.9,CurbInlet,39.0,5,0.047737412364563414,7.8,Low Risk
"Osaka, Japan",34.668148,135.467984,88.93,Mixed,B,8.44,31.7,CurbInlet,26.9,50,0.2581039755351682,0.5379999999999999,Low Risk
"Singapore, Singapore",1.440947,103.795449,21.63,Roads,A,7.11,147.4,OpenChannel,55.2,2,0.047911051212938004,27.6,Low Risk
"Rotterdam, Netherlands",51.836494,4.494686,13.08,Commercial,D,8.59,96.5,Manhole,19.2,10,0.0881025641025641,1.92,Low Risk
"Bengaluru, India",12.962712,77.613952,25.130000000000003,Water,A,4.07,19.7,OpenChannel,54.2,2,0.19661835748792272,27.1,Low Risk
"Pune, India",18.662988,74.089304,40.74,Green,D,6.25,165.8,CurbInlet,27.3,25,0.037470023980815344,1.092,Low Risk
"Barcelona, Spain",41.337527,2.162418,-1.72,Roads,A,8.33,98.9,CurbInlet,41.1,2,0.08338338338338339,20.55,Medium Risk
"Karachi, Pakistan",24.892184,67.076192,33.15,Residential,B,5.77,185.0,Manhole,15.5,100,0.031021505376344082,0.155,Low Risk
"Nairobi, Kenya",-1.390578,36.906604,53.41,Green,C,6.61,688.8,CurbInlet,42.5,25,0.009582487677587707,1.7,Low Risk
"Miami, USA",25.514165,-80.337782,3.91,Roads,D,9.57,33.0,GratedInlet,104.2,5,0.28147058823529414,20.84,High Risk
"Seoul, South Korea",37.554769,127.019884,63.2,Institutional,B,3.57,106.9,GratedInlet,22.9,2,0.03308619091751622,11.45,Low Risk
"Bogotá, Colombia",4.72376,-74.159818,-3.0,Residential,B,6.25,96.4,Manhole,21.1,50,0.06416837782340862,0.42200000000000004,Medium Risk
"Lima, Peru",-12.017529,-76.983358,31.07,Roads,B,6.25,20.3,GratedInlet,30.1,50,0.2934272300469484,0.602,Low Risk
"Sydney, Australia",-33.85822,151.097908,4.43,Green,A,6.25,314.1,OpenChannel,26.3,5,0.019834973024436684,5.26,Medium Risk
"New Orleans, USA",30.105616,-90.054217,8.17,Commercial,B,4.15,91.69999999999999,OpenChannel,27.4,2,0.04476806903991371,13.7,Low Risk
"Paris, France",48.794752,2.461056,46.27,Commercial,B,8.49,148.6,GratedInlet,29.6,10,0.056751336898395725,2.96,Low Risk
"Paris, France",48.804512,2.353269,79.22,Residential,C,6.99,154.5,CurbInlet,33.3,5,0.044951768488745984,6.659999999999999,Low Risk
"New York, USA",40.686698,-74.090619,67.85,Commercial,B,5.31,142.5,Manhole,17.6,5,0.037003484320557486,3.5200000000000005,Low Risk
"Ahmedabad, India",22.898055,72.540289,73.9,Green,B,3.76,76.5,GratedInlet,50.7,10,0.04851612903225806,5.07,Low Risk
"Sydney, Australia",-33.933994,151.293151,18.09,Institutional,C,4.63,30.0,OpenChannel,41.1,5,0.14935483870967742,8.22,Low Risk
"Mexico City, Mexico",19.352517,-99.186477,68.77,Roads,A,8.68,3.9,CurbInlet,46.1,100,1.7714285714285714,0.461,Low Risk
"Paris, France",48.740994,2.279908,101.21,Roads,B,4.93,111.4,Manhole,26.3,2,0.043861209964412805,13.15,Low Risk
"Mumbai, India",19.087989,72.896894,20.51,Commercial,D,8.35,75.0,Manhole,58.3,25,0.10986842105263157,2.332,Low Risk
"Rio de Janeiro, Brazil",-22.929879,-43.062853,2.8,Residential,A,6.25,1.4,CurbInlet,58.8,10,2.604166666666667,5.88,Medium Risk
"Tehran, Iran",35.781993,51.284404,86.53,Industrial,B,6.34,149.1,OpenChannel,49.4,50,0.04223850766155896,0.988,Low Risk
"San Francisco, USA",37.725868,-122.370136,199.87,Residential,B,4.02,185.8,OpenChannel,15.1,5,0.021520342612419696,3.02,Low Risk
"Manila, Philippines",14.523032,121.037338,7.73,Residential,B,8.41,263.9,OpenChannel,65.2,5,0.031747829369573426,13.040000000000001,Medium Risk
"Guangzhou, China",23.018796,113.181516,-3.0,Roads,B,3.88,163.3,CurbInlet,71.6,50,0.023615337796713327,1.432,High Risk
"Hamburg, Germany",53.574231,9.907241,85.98,Roads,B,10.67,198.8,OpenChannel,64.4,5,0.0534034034034034,12.88,Low Risk
"Lima, Peru",-12.097714,-77.149043,40.47,Water,D,5.99,218.3,CurbInlet,60.9,2,0.027314181486548107,30.45,Low Risk
"Rotterdam, Netherlands",51.953381,4.489087,5.14,Green,B,5.79,290.9,Manhole,19.3,2,0.01983556012332991,9.65,Medium Risk
"New Orleans, USA",30.059895,-90.00645,15.63,Mixed,A,7.92,48.4,GratedInlet,26.8,50,0.16032388663967612,0.536,Low Risk
"Pune, India",18.515805,73.893303,69.12,Commercial,D,9.22,108.4,CurbInlet,22.0,10,0.08427787934186472,2.2,Low Risk
"Washington DC, USA",38.849125,-77.025252,-3.0,Green,A,6.88,172.3,Manhole,51.2,2,0.03969994229659549,25.6,Medium Risk
"Montreal, Canada",45.378225,-73.588294,112.91,Roads,C,6.66,131.9,Manhole,20.3,25,0.05011286681715575,0.812,Low Risk
"Riyadh, Saudi Arabia",24.761389,46.618214,78.55,Roads,B,6.25,191.1,Manhole,14.1,2,0.0325351379489849,7.05,Low Risk
"Houston, USA",29.69263,-95.42272,57.47,Institutional,D,7.31,144.8,Manhole,42.1,5,0.050137174211248275,8.42,Low Risk
"Lagos, Nigeria",6.530401,3.366467,12.85,Green,B,2.34,190.3,OpenChannel,58.5,50,0.012232096184004181,1.17,Medium Risk
"Hong Kong, China",22.322034,114.254569,1.49,Green,B,2.01,220.4,CurbInlet,86.9,25,0.009078590785907857,3.4760000000000004,High Risk
"Sao Paulo, Brazil",-23.435681,-46.695501,53.23,Roads,B,6.25,8.5,CurbInlet,58.5,5,0.6578947368421053,11.7,Low Risk
"Hyderabad, India",17.409677,78.390015,22.17,Residential,A,6.92,34.6,OpenChannel,50.3,25,0.1943820224719101,2.012,Low Risk
"Shenzhen, China",22.537683,114.035488,-3.0,Residential,B,2.83,74.6,Manhole,41.2,2,0.03743386243386244,20.6,Medium Risk
"Shenzhen, China",22.575624,114.043803,3.7,Roads,B,6.15,52.9,OpenChannel,93.3,5,0.11410018552875696,18.66,High Risk
"Lagos, Nigeria",6.457234,3.406915,12.78,Residential,C,6.43,37.5,Manhole,49.8,2,0.167012987012987,24.9,Low Risk
"Chennai, India",13.157692,80.30691,22.1,Roads,B,9.23,4.9,Manhole,91.8,10,1.5644067796610168,9.18,High Risk
"Delhi, India",28.680172,77.118965,28.49,Roads,B,10.16,91.5,Manhole,50.5,50,0.10983783783783783,1.01,Low Risk
"Istanbul, Türkiye",40.973665,28.836225,22.81,Commercial,B,6.25,127.6,CurbInlet,16.9,2,0.04860031104199067,8.45,Low Risk
"Dubai, UAE",25.107066,55.291682,65.18,Industrial,B,9.88,96.8,GratedInlet,9.9,2,0.10102249488752557,4.95,Low Risk
"Hong Kong, China",22.275331,114.066262,-0.54,Industrial,B,10.43,287.2,OpenChannel,60.2,2,0.03619014573213047,30.1,Medium Risk
"Sao Paulo, Brazil",-23.607566,-46.65442,25.130000000000003,Residential,B,6.25,214.5,OpenChannel,79.5,25,0.029002320185614848,3.18,Low Risk
"Barcelona, Spain",41.546001,2.149377,22.64,Green,B,1.74,176.1,GratedInlet,65.3,5,0.009824957651044608,13.059999999999999,Medium Risk
"Shanghai, China",31.350399,121.515148,12.56,Industrial,A,9.53,117.6,GratedInlet,23.1,100,0.08035413153456998,0.231,Low Risk
"Istanbul, Türkiye",40.961125,28.841423,40.81,Industrial,A,5.46,70.9,GratedInlet,50.3,5,0.07593880389429764,10.059999999999999,Low Risk
"Jakarta, Indonesia",-6.237599,106.888409,19.91,Commercial,C,6.27,136.6,GratedInlet,26.6,10,0.04556686046511628,2.66,Low Risk
"Sydney, Australia",-33.904719,151.081554,14.83,Informal,B,7.66,55.4,Manhole,27.7,100,0.13581560283687943,0.27699999999999997,Low Risk
"Ahmedabad, India",23.169613,72.618909,37.12,Institutional,C,5.07,224.6,CurbInlet,21.3,5,0.02247340425531915,4.26,Low Risk
"Dhaka, Bangladesh",23.854322,90.467371,-3.0,Residential,C,2.5,71.6,OpenChannel,100.1,50,0.03443526170798898,2.002,High Risk
"Bengaluru, India",12.904517,77.530421,112.99,Informal,C,8.78,137.7,CurbInlet,43.6,2,0.06330209084354722,21.8,Low Risk
"Rio de Janeiro, Brazil",-23.033853,-43.101966,2.68,Industrial,B,6.25,91.69999999999999,Manhole,76.6,50,0.06742179072276161,1.5319999999999998,Medium Risk
"Riyadh, Saudi Arabia",24.776093,46.710111,39.68,Residential,C,4.94,52.0,CurbInlet,32.3,5,0.09320754716981133,6.459999999999999,Low Risk
"London, UK",51.549938,-0.107785,45.56,Residential,A,2.91,50.7,OpenChannel,47.3,10,0.056286266924564794,4.7299999999999995,Medium Risk
"Houston, USA",29.762999,-95.489522,5.62,Green,B,5.69,316.4,GratedInlet,55.8,50,0.017926906112161314,1.1159999999999999,Medium Risk
"Bangkok, Thailand",13.779823,100.463987,23.35,Commercial,D,4.94,37.6,CurbInlet,78.9,50,0.12797927461139896,1.578,Low Risk
"Bogotá, Colombia",4.607249,-73.997026,-3.0,Industrial,D,5.2,32.5,Manhole,42.7,5,0.15522388059701492,8.540000000000001,High Risk
"Pune, India",18.537123,73.914859,82.49,Residential,B,6.25,91.69999999999999,CurbInlet,32.9,10,0.06742179072276161,3.29,Low Risk
"Amsterdam, Netherlands",52.392608,4.965928,7.1,Residential,B,5.02,11.8,CurbInlet,16.9,2,0.39218749999999997,8.45,Medium Risk
"Amsterdam, Netherlands",52.378298,4.913748,6.59,Residential,B,5.93,22.1,CurbInlet,24.7,2,0.25670995670995667,12.35,Medium Risk
"Amsterdam, Netherlands",52.331293,4.853567,-3.0,Commercial,C,9.43,91.69999999999999,CurbInlet,10.9,25,0.1017259978425027,0.436,Medium Risk
"Tehran, Iran",35.657215,51.380266,110.22,Roads,B,5.67,200.2,CurbInlet,43.5,5,0.028180914512922466,8.7,Low Risk
"Copenhagen, Denmark",55.672756,12.498374,27.9,Industrial,A,7.97,17.1,CurbInlet,34.4,10,0.44033149171270713,3.44,Low Risk
"Istanbul, Türkiye",40.859385,28.977664,16.67,Institutional,B,4.42,69.7,GratedInlet,31.8,10,0.06251768033946252,3.18,Low Risk
"Buenos Aires, Argentina",-34.66872,-58.456992,18.17,Commercial,B,7.75,91.69999999999999,OpenChannel,34.5,25,0.0836030204962244,1.38,Low Risk
"Tokyo, Japan",35.698295,139.666558,64.94,Roads,D,5.91,453.5,OpenChannel,52.1,5,0.013003300330033003,10.42,Low Risk
"Washington DC, USA",38.98458,-77.126841,62.08,Residential,B,4.11,321.9,OpenChannel,40.3,2,0.012728398885103749,20.15,Low Risk
"Singapore, Singapore",1.414695,103.809052,3.39,Institutional,B,7.55,296.3,Manhole,132.7,100,0.025395223679784727,1.327,High Risk
"Delhi, India",28.537309,77.301926,63.14,Industrial,C,6.11,180.2,OpenChannel,24.9,50,0.033719646799117,0.498,Low Risk
"Bengaluru, India",12.975412,77.553468,43.85,Commercial,B,4.57,110.2,CurbInlet,53.9,5,0.04109712230215828,10.78,Low Risk
"Paris, France",48.850221,2.351908,49.76,Roads,C,8.83,79.5,OpenChannel,37.4,2,0.10968944099378881,18.7,Low Risk
"Hanoi, Vietnam",20.839309,105.779958,101.14,Roads,D,6.59,92.1,OpenChannel,74.0,10,0.07078410311493019,7.4,Low Risk
"Bangkok, Thailand",13.727791,100.496571,11.32,Green,D,4.47,132.0,Manhole,49.7,10,0.03360902255639098,4.970000000000001,Low Risk
"Accra, Ghana",5.588281,-0.260113,3.63,Commercial,C,6.45,1.6,OpenChannel,79.3,25,2.480769230769231,3.1719999999999997,High Risk
"Montreal, Canada",45.503508,-73.499706,15.67,Industrial,B,8.54,49.5,Manhole,41.4,5,0.1691089108910891,8.28,Low Risk
"Ho Chi Minh City, Vietnam",10.756764,106.646767,23.22,Green,D,3.12,375.5,CurbInlet,39.3,2,0.008286852589641434,19.65,Low Risk
"Houston, USA",29.84323,-95.346401,47.8,Residential,B,6.11,21.4,CurbInlet,46.6,5,0.2727678571428572,9.32,Low Risk
"Athens, Greece",37.862792,23.720579,67.2,Roads,D,4.58,31.8,GratedInlet,12.6,2,0.13963414634146343,6.3,Low Risk
"Paris, France",48.850151,2.34864,59.53,Residential,B,5.38,69.7,GratedInlet,49.6,50,0.07609618104667609,0.992,Low Risk
"Durban, South Africa",-29.942261,31.043286,40.49,Mixed,B,8.64,123.1,CurbInlet,38.1,5,0.06962127316680097,7.62,Low Risk
"Hyderabad, India",17.343763,78.524928,31.41,Roads,C,5.37,436.0,OpenChannel,24.2,2,0.0122883295194508,12.1,Low Risk
"Auckland, New Zealand",-36.825738,174.819888,49.75,Green,A,2.25,413.5,OpenChannel,34.0,10,0.005428226779252111,3.4,Medium Risk
"Vancouver, Canada",49.289313,-123.087291,11.79,Water,B,4.25,262.4,Manhole,24.1,2,0.016135155656795748,12.05,Low Risk
"Manila, Philippines",14.765753,120.987248,14.09,Residential,D,6.25,93.4,OpenChannel,82.0,50,0.06620762711864406,1.64,High Risk
"New Orleans, USA",29.937586,-90.05801,2.9,Industrial,B,6.92,84.9,Manhole,28.9,10,0.08055878928987194,2.8899999999999997,Medium Risk
"San Francisco, USA",37.608937,-122.279155,90.48,Residential,A,6.31,55.3,GratedInlet,41.3,5,0.11207815275310835,8.26,Low Risk
"Doha, Qatar",25.287486,51.621283,107.47,Commercial,D,4.64,33.0,CurbInlet,14.9,25,0.13647058823529412,0.596,Low Risk
"Mexico City, Mexico",19.464859,-99.138764,109.67,Industrial,A,9.31,120.4,GratedInlet,20.7,2,0.07668863261943987,10.35,Low Risk
"Washington DC, USA",39.003335,-77.123286,59.14,Residential,B,2.07,2.0,Manhole,35.7,25,0.69,1.4280000000000002,Medium Risk
"Delhi, India",28.743897,77.319533,38.04,Green,D,6.9,211.9,GratedInlet,45.1,5,0.032409581963363084,9.02,Low Risk
"Lima, Peru",-12.112317,-77.182807,25.130000000000003,Commercial,B,8.0,64.0,CurbInlet,29.7,10,0.12307692307692308,2.9699999999999998,Low Risk
"Washington DC, USA",38.801725,-76.982915,53.87,Industrial,B,6.19,11.0,OpenChannel,35.1,50,0.5158333333333334,0.7020000000000001,Low Risk
"Durban, South Africa",-29.881087,30.999472,21.16,Green,D,4.55,124.0,CurbInlet,90.4,10,0.0364,9.040000000000001,High Risk
"Hamburg, Germany",53.659498,10.095186,8.26,Residential,B,4.59,172.4,CurbInlet,40.5,10,0.026470588235294117,4.05,Low Risk
"Rotterdam, Netherlands",51.853352,4.513923,16.14,Residential,D,6.46,312.2,CurbInlet,11.6,2,0.02062579821200511,5.8,Low Risk
"London, UK",51.520953,-0.184526,25.130000000000003,Informal,A,9.76,25.3,OpenChannel,39.9,25,0.37110266159695815,1.5959999999999999,Low Risk
"Ho Chi Minh City, Vietnam",10.94311,106.65812,34.8,Green,B,1.76,257.7,CurbInlet,67.7,25,0.006803247004252029,2.708,Medium Risk
"Rome, Italy",41.951726,12.550095,51.05,Roads,C,6.92,125.0,CurbInlet,33.5,10,0.05492063492063492,3.35,Low Risk
"Nairobi, Kenya",-1.341502,36.785666,75.43,Residential,C,8.05,3.2,CurbInlet,18.8,5,1.9166666666666667,3.7600000000000002,Low Risk
"Auckland, New Zealand",-36.912945,174.727732,38.7,Institutional,C,2.75,141.4,GratedInlet,37.8,5,0.019311797752808987,7.56,Medium Risk
"Sydney, Australia",-33.892023,151.256871,11.05,Roads,C,5.57,121.0,OpenChannel,21.3,2,0.045655737704918035,10.65,Low Risk
"Bogotá, Colombia",4.683532,-74.094583,76.81,Green,D,2.56,227.9,CurbInlet,27.7,5,0.011183923110528616,5.54,Medium Risk
"Singapore, Singapore",1.436535,103.851633,13.05,Roads,D,9.06,91.69999999999999,OpenChannel,71.0,25,0.09773462783171523,2.84,Low Risk
"Bengaluru, India",12.976419,77.672582,25.130000000000003,Roads,B,6.9,44.5,CurbInlet,29.6,5,0.15164835164835166,5.92,Low Risk
"Hyderabad, India",17.400306,78.42412,0.6,Industrial,A,10.63,112.2,CurbInlet,32.7,5,0.09390459363957597,6.540000000000001,Medium Risk
"New York, USA",40.697476,-73.989248,-3.0,Roads,B,5.28,28.1,Manhole,37.0,10,0.18144329896907216,3.7,Medium Risk
"Mexico City, Mexico",19.506972,-99.083452,29.79,Green,D,6.37,78.2,OpenChannel,105.3,100,0.08042929292929293,1.053,High Risk
"New Orleans, USA",30.02893,-90.125852,25.71,Industrial,A,9.35,164.9,OpenChannel,30.6,50,0.0563592525617842,0.612,Low Risk
"Philadelphia, USA",39.897007,-75.138577,3.21,Industrial,D,5.29,26.8,CurbInlet,15.5,10,0.19028776978417267,1.55,Medium Risk
"Amsterdam, Netherlands",52.429427,4.84654,9.15,Commercial,A,5.02,31.6,Manhole,95.9,25,0.15398773006134966,3.8360000000000003,High Risk
"Tehran, Iran",35.567025,51.338974,165.1,Roads,C,10.45,98.0,Manhole,18.1,10,0.10555555555555556,1.81,Low Risk
"Washington DC, USA",38.835243,-77.032635,44.84,Commercial,B,4.86,43.4,OpenChannel,24.3,25,0.10945945945945947,0.972,Low Risk
"Copenhagen, Denmark",55.68215,12.620313,46.36,Roads,A,5.78,113.9,Manhole,67.1,10,0.05030461270670148,6.709999999999999,Low Risk
"Accra, Ghana",5.593215,-0.123185,21.76,Residential,D,4.71,73.6,CurbInlet,104.7,50,0.06313672922252012,2.094,High Risk
"Auckland, New Zealand",-36.770466,174.80051,96.1,Residential,B,2.55,116.6,CurbInlet,34.2,5,0.021683673469387755,6.840000000000001,Medium Risk
"Washington DC, USA",38.840094,-77.085936,25.130000000000003,Residential,B,5.8,207.7,OpenChannel,33.5,5,0.027791087685673215,6.7,Low Risk
"Bengaluru, India",12.971863,77.499457,19.29,Mixed,C,5.39,102.9,CurbInlet,45.5,50,0.05187680461982675,0.91,Low Risk
"Istanbul, Türkiye",40.938883,29.037041,43.22,Institutional,C,5.25,217.8,OpenChannel,17.2,2,0.0239945155393053,8.6,Low Risk
"Delhi, India",28.654352,77.174898,29.64,Green,C,5.97,279.8,CurbInlet,50.9,25,0.021260683760683758,2.036,Low Risk
"Tehran, Iran",35.621167,51.457125,95.27,Commercial,C,9.74,43.2,Manhole,33.4,10,0.22036199095022624,3.34,Low Risk
"Rome, Italy",41.870449,12.537356,81.34,Mixed,C,8.12,81.2,CurbInlet,33.9,25,0.09878345498783454,1.3559999999999999,Low Risk
"Ahmedabad, India",22.918461,72.46655,17.29,Residential,D,5.34,141.0,Manhole,41.3,50,0.0376056338028169,0.826,Low Risk
"Dhaka, Bangladesh",23.820243,90.445466,28.41,Residential,B,6.75,100.2,Manhole,122.8,100,0.06669960474308301,1.228,High Risk
"Copenhagen, Denmark",55.720015,12.625263,86.77,Roads,B,5.96,111.4,Manhole,30.3,25,0.053024911032028464,1.212,Low Risk
"San Francisco, USA",37.653485,-122.428024,103.7,Green,C,2.59,383.9,Manhole,21.2,25,0.006729020524811639,0.848,Medium Risk
"Karachi, Pakistan",24.994404,66.990375,40.17,Residential,D,6.3,25.3,GratedInlet,37.5,25,0.23954372623574144,1.5,Low Risk
"Hyderabad, India",17.330777,78.413597,95.35,Green,B,7.46,77.7,Manhole,32.9,2,0.09479034307496823,16.45,Low Risk
"Durban, South Africa",-29.861286,31.003011,90.1,Green,D,6.77,265.2,CurbInlet,28.9,25,0.025432006010518406,1.156,Low Risk
"Rio de Janeiro, Brazil",-22.852815,-43.10377,8.57,Green,C,5.86,273.1,CurbInlet,46.1,5,0.021379058737686973,9.22,Low Risk
"Osaka, Japan",34.718116,135.439287,82.8,Commercial,B,6.25,22.9,GratedInlet,24.7,25,0.2615062761506276,0.988,Low Risk
"Houston, USA",29.787057,-95.480957,68.22,Roads,C,7.4,506.1,CurbInlet,37.5,10,0.014592782488661013,3.75,Low Risk
"Dhaka, Bangladesh",23.709857,90.335245,29.33,Roads,D,6.25,133.0,CurbInlet,53.0,50,0.04664179104477612,1.06,Low Risk
"Athens, Greece",38.060732,23.814645,64.97,Industrial,D,8.12,203.5,OpenChannel,72.5,25,0.03970660146699266,2.9,Low Risk
"Bogotá, Colombia",4.820196,-74.087819,-3.0,Roads,B,9.61,28.9,CurbInlet,14.5,10,0.3214046822742475,1.45,Medium Risk
"Bengaluru, India",13.032985,77.525474,107.72,Mixed,C,5.02,51.2,CurbInlet,15.6,10,0.09616858237547891,1.56,Low Risk
"Manila, Philippines",14.559466,120.959337,-3.0,Roads,A,10.38,18.1,CurbInlet,37.2,5,0.543455497382199,7.44,Medium Risk
"Philadelphia, USA",39.863444,-75.244375,-3.0,Residential,D,8.19,18.5,CurbInlet,15.9,2,0.42,7.95,High Risk
"San Francisco, USA",37.822754,-122.264542,37.82,Institutional,C,4.79,91.69999999999999,GratedInlet,34.0,5,0.051672060409924496,6.8,Low Risk
"Philadelphia, USA",39.877507,-75.219547,55.03,Residential,C,6.88,87.0,OpenChannel,31.8,5,0.07818181818181819,6.36,Low Risk
"Washington DC, USA",38.900106,-77.130974,46.25,Commercial,B,9.6,66.0,Manhole,57.0,5,0.14328358208955225,11.4,Low Risk
"Dubai, UAE",25.244372,55.238492,64.54,Industrial,C,10.61,48.1,Manhole,11.0,2,0.2160896130346232,5.5,Low Risk
"Kolkata, India",22.502441,88.388195,0.82,Residential,C,4.02,235.5,OpenChannel,19.8,2,0.016997885835095136,9.9,Medium Risk
"Paris, France",48.813754,2.319234,12.78,Green,A,7.69,263.0,Manhole,33.5,10,0.02912878787878788,3.35,Low Risk
"Auckland, New Zealand",-36.877243,174.654183,16.95,Industrial,B,7.2,4.8,CurbInlet,35.0,25,1.2413793103448276,1.4,Low Risk
"Singapore, Singapore",1.373572,103.885093,-1.56,Residential,C,3.78,37.7,Manhole,39.5,10,0.09767441860465115,3.95,High Risk
"Athens, Greece",37.836354,23.737228,72.08,Roads,D,6.13,59.6,CurbInlet,25.2,10,0.10115511551155115,2.52,Low Risk
"Cape Town, South Africa",-33.911126,18.471533,94.48,Mixed,C,7.79,131.7,GratedInlet,23.6,25,0.058703843255463455,0.9440000000000001,Low Risk
"Hamburg, Germany",53.547843,10.056854,33.59,Commercial,D,6.25,39.1,GratedInlet,19.4,5,0.15586034912718205,3.88,Low Risk
"Philadelphia, USA",40.176348,-75.167439,53.42,Residential,A,7.52,95.2,CurbInlet,29.0,10,0.07817047817047816,2.9,Low Risk
"Brisbane, Australia",-27.505958,152.986253,7.31,Commercial,D,5.92,41.4,CurbInlet,32.6,5,0.13962264150943396,6.5200000000000005,Medium Risk
"Accra, Ghana",5.530644,-0.199079,10.94,Mixed,B,6.25,60.0,GratedInlet,82.8,50,0.10245901639344263,1.656,High Risk
"New Orleans, USA",30.031989,-90.1022,25.97,Industrial,A,6.58,91.69999999999999,Manhole,25.2,10,0.07098166127292342,2.52,Low Risk
"Houston, USA",29.739922,-95.547153,-3.0,Roads,A,6.98,18.8,Manhole,28.4,5,0.3525252525252525,5.68,Medium Risk
"Shanghai, China",31.228349,121.503088,16.21,Industrial,C,9.21,73.1,Manhole,40.1,5,0.12429149797570853,8.02,Low Risk
"Paris, France",48.916056,2.387111,95.38,Industrial,A,6.25,49.8,Manhole,40.4,5,0.12303149606299213,8.08,Low Risk
"Miami, USA",25.696455,-80.180022,7.38,Roads,C,6.95,322.2,OpenChannel,88.0,50,0.02150371287128713,1.76,High Risk
"Ahmedabad, India",23.031814,72.536613,25.130000000000003,Commercial,D,5.56,116.9,Manhole,17.7,5,0.04715860899067005,3.54,Low Risk
"Copenhagen, Denmark",55.613956,12.553419,74.74,Commercial,A,6.25,99.7,GratedInlet,47.8,10,0.06206554121151936,4.779999999999999,Low Risk
"Shenzhen, China",22.603453,113.944284,18.85,Commercial,D,6.94,2.2,GratedInlet,48.2,5,2.16875,9.64,Low Risk
"Osaka, Japan",34.618238,135.543634,71.11,Residential,D,8.03,70.0,CurbInlet,27.1,100,0.11309859154929576,0.271,Low Risk
"Dubai, UAE",25.206679,55.297,140.6,Green,B,3.46,91.69999999999999,OpenChannel,14.2,10,0.03732470334412082,1.42,Low Risk
"Paris, France",48.820295,2.362497,-3.0,Commercial,B,6.01,77.4,CurbInlet,43.9,25,0.07665816326530611,1.756,Medium Risk
"Seoul, South Korea",37.530551,126.942667,38.77,Commercial,D,7.63,75.3,Manhole,31.7,5,0.1,6.34,Low Risk
"Hamburg, Germany",53.499476,9.987928,35.92,Residential,B,6.25,87.2,Manhole,24.8,10,0.07086167800453515,2.48,Low Risk
"Delhi, India",28.604522,77.356367,25.130000000000003,Industrial,C,8.55,204.9,OpenChannel,31.7,10,0.04152501214181642,3.17,Low Risk
"Mumbai, India",19.046697,72.904096,31.27,Commercial,B,6.3,62.7,Manhole,57.2,10,0.0989010989010989,5.720000000000001,Low Risk
"Rotterdam, Netherlands",51.822678,4.548301,24.75,Roads,C,5.6,120.7,GratedInlet,35.5,50,0.046014790468364826,0.71,Low Risk
"Rotterdam, Netherlands",51.941492,4.557546,-3.0,Roads,A,6.25,91.69999999999999,Manhole,25.7,5,0.06742179072276161,5.14,Medium Risk
"Philadelphia, USA",40.033321,-75.206655,59.75,Residential,D,6.88,299.1,CurbInlet,16.5,2,0.022925691436187935,8.25,Low Risk
"Rio de Janeiro, Brazil",-22.982711,-43.168558,7.52,Commercial,B,6.25,255.1,OpenChannel,56.6,10,0.02440452948067161,5.66,Medium Risk
"Amsterdam, Netherlands",52.411967,4.910303,13.61,Roads,C,6.86,7.4,Manhole,40.8,2,0.8166666666666667,20.4,Low Risk
"Copenhagen, Denmark",55.676038,12.475858,-3.0,Roads,C,6.58,91.69999999999999,GratedInlet,73.0,25,0.07098166127292342,2.92,High Risk
"Houston, USA",29.875716,-95.365477,-3.0,Commercial,D,7.44,295.1,OpenChannel,35.1,25,0.025126646403242147,1.4040000000000001,High Risk
"Rio de Janeiro, Brazil",-22.734157,-43.078368,6.2,Green,A,6.25,275.3,Manhole,47.6,100,0.022620340209916757,0.47600000000000003,Medium Risk
"Buenos Aires, Argentina",-34.626511,-58.36969,69.3,Residential,B,2.14,130.8,GratedInlet,30.1,10,0.016236722306525037,3.0100000000000002,Medium Risk
"Ho Chi Minh City, Vietnam",10.783828,106.608651,17.98,Industrial,A,7.5,120.9,CurbInlet,99.0,25,0.06152584085315833,3.96,High Risk
"Dubai, UAE",25.233784,55.162711,37.56,Roads,A,4.68,58.4,Manhole,12.3,25,0.07878787878787878,0.49200000000000005,Low Risk
"Bangkok, Thailand",13.81983,100.409085,12.11,Residential,B,6.51,50.0,CurbInlet,47.3,2,0.12764705882352942,23.65,Low Risk
"Athens, Greece",37.930266,23.77683,82.35,Industrial,C,8.96,198.0,OpenChannel,40.5,5,0.045025125628140705,8.1,Low Risk
"Doha, Qatar",25.212535,51.449438,43.43,Green,D,6.76,143.4,CurbInlet,25.2,2,0.04681440443213296,12.6,Low Risk
"Durban, South Africa",-29.689839,30.931009,88.55,Commercial,D,6.64,86.3,GratedInlet,20.7,2,0.07605956471935853,10.35,Low Risk
"New York, USA",40.721325,-73.918089,32.33,Mixed,A,7.45,97.7,GratedInlet,58.1,10,0.07548125633232017,5.8100000000000005,Low Risk
"London, UK",51.509335,-0.176816,5.88,Residential,A,4.9,77.5,Manhole,28.2,5,0.0624203821656051,5.64,Medium Risk
"Kolkata, India",22.481937,88.384919,-3.0,Residential,B,7.71,59.1,GratedInlet,43.9,2,0.12828618968386024,21.95,Medium Risk
"Colombo, Sri Lanka",6.892359,79.835083,14.12,Commercial,C,6.9,5.3,GratedInlet,38.3,10,1.0952380952380953,3.8299999999999996,Low Risk
"Houston, USA",29.801225,-95.365109,78.33,Roads,A,7.89,33.1,CurbInlet,16.7,25,0.23137829912023458,0.6679999999999999,Low Risk
"Tehran, Iran",35.663378,51.380115,266.7,Industrial,A,5.02,169.3,OpenChannel,61.4,10,0.029477392836171457,6.14,Low Risk
"Auckland, New Zealand",-36.725358,174.693487,31.27,Roads,B,6.25,110.3,Manhole,15.0,2,0.05615453728661276,7.5,Low Risk
"Delhi, India",28.597697,77.14876,16.94,Mixed,D,11.06,14.9,CurbInlet,31.3,2,0.6955974842767296,15.65,Low Risk
"San Francisco, USA",37.804709,-122.428751,101.2,Green,D,4.67,226.5,OpenChannel,36.3,100,0.020527472527472525,0.363,Low Risk
"Accra, Ghana",5.629864,-0.380004,4.44,Green,B,3.65,91.69999999999999,OpenChannel,58.7,50,0.039374325782092774,1.1740000000000002,Medium Risk
"Durban, South Africa",-29.875206,30.990429,29.26,Institutional,C,6.25,179.6,OpenChannel,38.8,10,0.03460686600221484,3.88,Low Risk
"Bangkok, Thailand",13.837318,100.451984,2.8,Commercial,D,5.27,12.5,CurbInlet,66.0,25,0.3903703703703703,2.64,High Risk
"Chennai, India",13.005119,80.306822,15.33,Mixed,B,8.46,7.0,GratedInlet,49.9,10,1.0575,4.99,Low Risk
"San Francisco, USA",37.797121,-122.489398,-3.0,Roads,C,8.44,61.8,CurbInlet,23.3,25,0.13439490445859872,0.932,Medium Risk
"Nairobi, Kenya",-1.307403,36.889173,16.49,Roads,C,6.25,113.9,Manhole,71.1,25,0.054395126196692775,2.844,Low Risk
"Manila, Philippines",14.599068,120.948872,-3.0,Roads,D,5.72,32.9,Manhole,31.6,50,0.1687315634218289,0.632,High Risk
"Kolkata, India",22.536239,88.364486,32.93,Mixed,C,3.92,176.2,CurbInlet,18.7,5,0.02212189616252822,3.7399999999999998,Low Risk
"Taipei, Taiwan",24.98884,121.533569,23.07,Commercial,B,7.9,39.1,OpenChannel,50.7,25,0.1970074812967581,2.028,Low Risk
"Sydney, Australia",-33.804466,151.281246,12.89,Residential,B,4.42,77.7,CurbInlet,48.0,5,0.05616264294790343,9.6,Low Risk
"Cape Town, South Africa",-33.929127,18.381745,146.51,Commercial,B,6.25,78.5,Manhole,53.8,2,0.07861635220125786,26.9,Low Risk
"Taipei, Taiwan",25.070587,121.528752,53.17,Commercial,D,5.61,112.8,CurbInlet,43.0,50,0.04929701230228471,0.86,Low Risk
"Athens, Greece",38.069249,23.652526,74.61,Green,A,6.25,4.2,CurbInlet,20.2,5,1.2019230769230769,4.04,Low Risk
"Sao Paulo, Brazil",-23.529509,-46.441518,90.64,Commercial,D,8.95,66.3,CurbInlet,55.0,25,0.13298662704309064,2.2,Low Risk
"Hamburg, Germany",53.566865,9.972869,74.27,Residential,C,6.25,186.6,GratedInlet,15.8,50,0.03331556503198294,0.316,Low Risk
"Amsterdam, Netherlands",52.307896,4.771777,25.130000000000003,Mixed,C,5.36,91.69999999999999,GratedInlet,55.8,2,0.05782092772384036,27.9,Low Risk
"Lagos, Nigeria",6.546067,3.256323,8.15,Residential,A,2.18,67.7,Manhole,36.9,2,0.03173216885007278,18.45,Medium Risk
"Athens, Greece",37.929545,23.854706,25.130000000000003,Commercial,A,7.75,152.9,GratedInlet,27.8,5,0.050357374918778425,5.5600000000000005,Low Risk
"Amsterdam, Netherlands",52.256612,4.829554,3.04,Water,D,6.25,323.6,Manhole,36.9,100,0.019254467036352432,0.369,Medium Risk
"Bogotá, Colombia",4.621354,-74.037316,136.1,Roads,C,3.93,133.0,Manhole,30.8,5,0.029328358208955223,6.16,Low Risk
"Lima, Peru",-12.017418,-77.042791,12.38,Residential,B,7.29,29.3,CurbInlet,25.4,100,0.24059405940594059,0.254,Low Risk
"Buenos Aires, Argentina",-34.675599,-58.35568,92.0,Green,D,4.26,131.7,CurbInlet,27.5,5,0.03210248681235871,5.5,Low Risk
"Ho Chi Minh City, Vietnam",10.886239,106.718425,72.66,Roads,C,7.0,26.3,CurbInlet,75.3,25,0.2564102564102564,3.012,Low Risk
"Buenos Aires, Argentina",-34.612,-58.279973,45.72,Residential,B,6.95,76.0,Manhole,35.1,5,0.09025974025974026,7.0200000000000005,Low Risk
"Bangkok, Thailand",13.768683,100.565325,11.42,Green,A,3.78,248.4,CurbInlet,68.3,5,0.01515637530072173,13.66,Low Risk
"Nairobi, Kenya",-1.287728,36.812716,8.29,Institutional,A,7.07,79.4,OpenChannel,41.7,2,0.08793532338308457,20.85,Low Risk
"Doha, Qatar",25.260664,51.547282,70.16,Roads,B,9.91,28.4,GratedInlet,23.0,2,0.3370748299319728,11.5,Low Risk
"Mumbai, India",19.129694,72.896332,10.36,Industrial,B,5.24,30.4,CurbInlet,73.4,25,0.16687898089171976,2.9360000000000004,Low Risk
"Miami, USA",25.656611,-80.21304,16.22,Roads,D,6.25,213.1,OpenChannel,81.2,50,0.029191966370854742,1.624,High Risk
"Tokyo, Japan",35.709772,139.85643,25.130000000000003,Commercial,C,7.22,99.5,CurbInlet,11.0,5,0.0718407960199005,2.2,Low Risk
"Cape Town, South Africa",-33.909843,18.499087,171.95,Roads,B,5.95,136.6,GratedInlet,32.2,25,0.04324127906976744,1.288,Low Risk
"Hong Kong, China",22.346661,114.204969,12.26,Commercial,A,5.12,91.69999999999999,CurbInlet,90.4,5,0.05523193096008631,18.080000000000002,High Risk
"Mexico City, Mexico",19.370592,-99.03889,4.76,Roads,B,5.7,64.2,CurbInlet,44.7,2,0.08742331288343558,22.35,Medium Risk
"Nairobi, Kenya",-1.258043,36.91423,56.93,Commercial,B,6.25,216.4,OpenChannel,73.0,5,0.02874885004599816,14.6,Low Risk
"Dhaka, Bangladesh",23.874831,90.348137,-3.0,Commercial,C,10.15,78.6,GratedInlet,83.7,25,0.12751256281407036,3.3480000000000003,High Risk
"Manila, Philippines",14.577994,120.882965,4.51,Commercial,B,7.16,33.5,Manhole,49.1,5,0.20753623188405798,9.82,Medium Risk
"Manila, Philippines",14.658186,121.074522,7.29,Industrial,C,5.02,27.0,CurbInlet,42.3,50,0.17928571428571427,0.846,Medium Risk
"Shenzhen, China",22.58301,114.102571,23.04,Water,C,5.0,157.2,GratedInlet,75.6,50,0.03160556257901391,1.5119999999999998,Low Risk
"Accra, Ghana",5.680419,-0.120241,11.77,Commercial,C,6.25,16.2,GratedInlet,71.7,25,0.36337209302325585,2.8680000000000003,Low Risk
"San Francisco, USA",37.789929,-122.414607,215.05,Residential,B,6.25,44.3,GratedInlet,42.7,2,0.13796909492273732,21.35,Low Risk
"Jakarta, Indonesia",-6.058511,106.862669,7.61,Green,B,2.59,282.3,OpenChannel,39.1,2,0.009142252029650546,19.55,Medium Risk
"Rotterdam, Netherlands",51.930353,4.453565,25.130000000000003,Mixed,C,6.82,29.4,CurbInlet,34.0,2,0.22434210526315793,17.0,Low Risk
"Amsterdam, Netherlands",52.511767,4.849415,19.34,Residential,D,2.75,45.1,GratedInlet,68.8,2,0.059652928416485895,34.4,Medium Risk
"Seoul, South Korea",37.49049,127.08021,44.75,Roads,B,7.77,416.6,OpenChannel,54.6,10,0.018606321839080456,5.46,Low Risk
"Barcelona, Spain",41.316869,2.180096,11.8,Mixed,D,8.49,76.1,GratedInlet,36.2,5,0.11011673151750974,7.24,Low Risk
"Delhi, India",28.491566,77.227151,32.91,Roads,C,8.06,450.2,CurbInlet,26.5,10,0.017863475177304966,2.65,Low Risk
"Doha, Qatar",25.265792,51.537143,4.72,Residential,B,6.25,91.69999999999999,Manhole,21.1,25,0.06742179072276161,0.8440000000000001,Medium Risk
"Kolkata, India",22.597351,88.378658,60.27,Roads,C,8.49,60.5,GratedInlet,23.9,100,0.1380487804878049,0.239,Low Risk
"Barcelona, Spain",41.372703,2.070023,22.67,Commercial,A,6.34,250.1,OpenChannel,50.7,10,0.025248904818797293,5.07,Low Risk
"Mexico City, Mexico",19.432495,-99.191978,31.29,Roads,C,6.19,91.69999999999999,Manhole,38.0,5,0.06677454153182309,7.6,Low Risk
"Hyderabad, India",17.459499,78.389815,69.12,Industrial,B,4.66,4.0,Manhole,46.9,5,0.932,9.379999999999999,Low Risk
"Seoul, South Korea",37.55087,127.035131,52.6,Commercial,D,6.25,77.1,CurbInlet,24.2,2,0.08002560819462229,12.1,Low Risk
"Sao Paulo, Brazil",-23.494061,-46.609309,20.98,Commercial,A,11.61,91.69999999999999,Manhole,39.6,10,0.12524271844660195,3.96,Low Risk
"Philadelphia, USA",39.980375,-75.212532,25.130000000000003,Green,B,2.57,280.3,CurbInlet,33.9,25,0.009136153572698187,1.3559999999999999,Medium Risk
"Miami, USA",25.772128,-80.233645,5.22,Green,B,6.2,83.6,CurbInlet,55.6,25,0.07328605200945627,2.224,Medium Risk
"Rome, Italy",41.82382,12.530924,78.99,Green,C,2.75,195.6,Manhole,45.8,25,0.013987792472024415,1.8319999999999999,Medium Risk
"Bengaluru, India",13.014629,77.701645,50.4,Water,C,6.03,23.1,GratedInlet,53.1,25,0.25020746887966805,2.124,Low Risk
"Buenos Aires, Argentina",-34.564441,-58.347267,-3.0,Roads,D,7.01,28.9,CurbInlet,67.1,25,0.23444816053511705,2.6839999999999997,High Risk
"Bogotá, Colombia",4.715968,-74.127762,206.74,Roads,D,5.75,84.1,CurbInlet,34.1,2,0.06756756756756757,17.05,Low Risk
"Sao Paulo, Brazil",-23.522854,-46.620677,25.33,Commercial,C,2.86,110.1,GratedInlet,68.0,10,0.02574257425742574,6.8,Medium Risk
"Shanghai, China",31.251165,121.46156,6.15,Institutional,B,7.75,334.2,CurbInlet,56.3,25,0.023120525059665872,2.252,Medium Risk
"Bogotá, Colombia",4.785951,-74.061598,207.92,Industrial,C,9.39,91.69999999999999,GratedInlet,32.9,25,0.10129449838187704,1.3159999999999998,Low Risk
"Buenos Aires, Argentina",-34.757794,-58.297773,-3.0,Industrial,D,10.01,127.7,Manhole,30.8,5,0.07777777777777778,6.16,High Risk
"Cape Town, South Africa",-33.838658,18.467204,-3.0,Roads,C,7.09,56.5,CurbInlet,17.2,5,0.12330434782608696,3.44,Medium Risk
"Brisbane, Australia",-27.496909,153.071637,38.4,Roads,B,5.95,74.6,Manhole,46.0,5,0.0787037037037037,9.2,Low Risk
"Auckland, New Zealand",-36.942037,174.705568,95.26,Commercial,A,9.84,4.4,Manhole,22.4,25,1.822222222222222,0.8959999999999999,Low Risk
"Bangkok, Thailand",13.709283,100.558179,13.54,Residential,B,7.17,78.5,GratedInlet,123.7,10,0.09018867924528302,12.370000000000001,High Risk
"Philadelphia, USA",39.859241,-75.12075,66.53,Water,C,5.92,291.4,GratedInlet,36.8,2,0.02024623803009576,18.4,Low Risk
"Karachi, Pakistan",24.91484,66.91399,48.49,Green,D,6.07,37.8,Manhole,17.0,2,0.1564432989690722,8.5,Low Risk
"San Francisco, USA",37.740146,-122.247176,140.27,Roads,A,5.66,119.7,Manhole,20.4,2,0.04689312344656172,10.2,Low Risk
"Barcelona, Spain",41.5251,2.137944,6.76,Industrial,C,6.51,20.0,CurbInlet,16.4,10,0.31,1.64,Medium Risk
"Osaka, Japan",34.614552,135.349776,79.22,Industrial,D,10.3,58.7,Manhole,33.8,2,0.17252931323283083,16.9,Low Risk
"Houston, USA",29.788429,-95.322909,61.66,Residential,B,4.81,101.7,GratedInlet,29.4,25,0.046835443037974676,1.176,Low Risk
"Shenzhen, China",22.558538,114.082194,16.53,Roads,B,4.47,58.6,Manhole,44.4,50,0.075,0.888,Low Risk
"Shenzhen, China",22.540889,114.102755,12.25,Residential,B,3.7,8.6,CurbInlet,56.3,25,0.3854166666666667,2.252,Low Risk
"Cape Town, South Africa",-33.849295,18.46284,-3.0,Commercial,A,10.12,157.5,Manhole,21.4,5,0.06384858044164038,4.279999999999999,Medium Risk
"Washington DC, USA",38.853497,-76.88931,62.17,Mixed,A,5.87,183.2,CurbInlet,21.5,5,0.03186753528773073,4.3,Low Risk
"Hong Kong, China",22.338149,114.204633,-0.66,Mixed,B,4.39,3.8,Manhole,63.1,25,0.9145833333333333,2.524,High Risk
"Bengaluru, India",13.05799,77.484144,-3.0,Mixed,A,8.89,145.1,OpenChannel,24.7,10,0.06084873374401096,2.4699999999999998,Medium Risk
"Shanghai, China",31.301322,121.458469,18.49,Commercial,A,9.5,160.8,CurbInlet,35.5,100,0.05871446229913473,0.355,Low Risk
"Doha, Qatar",25.439814,51.541682,31.36,Roads,A,10.46,53.4,GratedInlet,14.5,50,0.1922794117647059,0.29,Low Risk
"Istanbul, Türkiye",41.073396,29.025451,36.68,Roads,C,5.98,88.1,CurbInlet,27.6,5,0.06711560044893379,5.5200000000000005,Low Risk
"Colombo, Sri Lanka",7.001239,79.792647,-3.0,Residential,B,3.36,41.5,GratedInlet,81.7,25,0.07905882352941176,3.2680000000000002,High Risk
"Ho Chi Minh City, Vietnam",10.832647,106.594353,84.21,Roads,C,7.46,128.8,CurbInlet,79.6,5,0.05747303543913713,15.919999999999998,Low Risk
"Bangkok, Thailand",13.840623,100.56477,25.130000000000003,Mixed,B,8.0,91.69999999999999,OpenChannel,37.0,2,0.08629989212513485,18.5,Low Risk
"Buenos Aires, Argentina",-34.579189,-58.399358,101.19,Commercial,A,6.25,113.1,Manhole,34.6,50,0.054776511831726556,0.6920000000000001,Low Risk
"Paris, France",48.946672,2.427395,20.64,Commercial,C,5.26,133.1,GratedInlet,27.9,5,0.03922445935868755,5.58,Low Risk
"Dhaka, Bangladesh",23.693511,90.438357,1.04,Green,B,3.46,137.5,GratedInlet,56.3,25,0.024981949458483754,2.252,Medium Risk
"Dhaka, Bangladesh",23.881802,90.541463,25.130000000000003,Commercial,C,6.99,31.4,CurbInlet,65.6,25,0.21574074074074076,2.6239999999999997,Low Risk
"Sao Paulo, Brazil",-23.584633,-46.57009,102.05,Commercial,D,8.25,15.4,CurbInlet,34.5,2,0.5030487804878049,17.25,Low Risk
"Dhaka, Bangladesh",23.773729,90.482895,57.54,Informal,A,5.5,91.69999999999999,GratedInlet,74.5,5,0.05933117583603021,14.9,Low Risk
"Buenos Aires, Argentina",-34.629047,-58.353671,37.81,Roads,A,3.08,93.6,GratedInlet,39.7,2,0.03255813953488372,19.85,Low Risk
"Houston, USA",29.604559,-95.310232,5.34,Roads,B,8.97,91.69999999999999,CurbInlet,58.6,25,0.09676375404530746,2.344,Medium Risk
"Paris, France",48.792233,2.396271,31.05,Commercial,B,6.02,87.5,Manhole,46.6,25,0.06802259887005649,1.864,Low Risk
"San Francisco, USA",37.698102,-122.428617,101.16,Commercial,C,4.45,44.7,Manhole,20.0,5,0.09737417943107221,4.0,Low Risk
"Ahmedabad, India",22.999735,72.739378,10.67,Green,C,6.76,182.6,GratedInlet,23.1,5,0.036819172113289764,4.62,Low Risk
"Ahmedabad, India",22.986481,72.553506,12.9,Residential,D,7.73,142.0,OpenChannel,36.3,25,0.05405594405594406,1.452,Low Risk
"Bogotá, Colombia",4.777081,-74.120164,59.29,Green,B,4.78,62.5,GratedInlet,46.2,50,0.0752755905511811,0.924,Low Risk
"San Francisco, USA",37.845991,-122.501941,26.17,Green,C,6.43,177.0,CurbInlet,38.9,50,0.03612359550561797,0.778,Low Risk
"San Francisco, USA",37.749579,-122.331745,89.31,Commercial,D,6.5,225.4,OpenChannel,18.9,25,0.02871024734982332,0.7559999999999999,Low Risk
"Copenhagen, Denmark",55.682857,12.586534,11.48,Residential,B,6.25,147.9,GratedInlet,45.3,50,0.04197447951645399,0.9059999999999999,Low Risk
"Guangzhou, China",23.232045,113.10784,14.73,Industrial,B,8.38,86.7,CurbInlet,49.6,100,0.09555302166476626,0.496,Low Risk
"Auckland, New Zealand",-36.856944,174.696706,55.46,Commercial,A,6.32,68.8,CurbInlet,23.1,2,0.09054441260744986,11.55,Low Risk
"Rio de Janeiro, Brazil",-22.879527,-43.183073,17.21,Roads,C,7.91,97.4,GratedInlet,58.4,25,0.08038617886178862,2.336,Low Risk
"Philadelphia, USA",39.880331,-75.272589,12.08,Roads,D,9.81,57.3,Manhole,22.4,10,0.16826758147512866,2.2399999999999998,Low Risk
"Ho Chi Minh City, Vietnam",10.768939,106.772404,92.44,Residential,D,6.42,54.3,OpenChannel,61.6,25,0.11609403254972876,2.464,Low Risk
"Ahmedabad, India",23.06364,72.547515,54.3,Industrial,A,10.9,91.69999999999999,OpenChannel,18.2,5,0.11758360302049624,3.6399999999999997,Low Risk
"New York, USA",40.68658,-73.934226,26.1,Commercial,B,9.94,39.1,CurbInlet,35.4,5,0.2478802992518703,7.08,Low Risk
"Philadelphia, USA",39.83917,-75.215199,95.49,Commercial,C,9.55,62.0,CurbInlet,47.0,2,0.1515873015873016,23.5,Low Risk
"Philadelphia, USA",39.943112,-75.1756,-3.0,Roads,B,5.33,27.0,CurbInlet,17.0,2,0.19035714285714286,8.5,Medium Risk
"Doha, Qatar",25.199946,51.724874,93.88,Residential,B,6.28,386.1,CurbInlet,14.0,25,0.0162231981400155,0.56,Low Risk
"Manila, Philippines",14.503359,121.053581,-0.07,Residential,C,6.49,36.4,CurbInlet,49.7,2,0.1735294117647059,24.85,High Risk
"Riyadh, Saudi Arabia",24.714689,46.683165,31.85,Residential,B,3.21,45.9,GratedInlet,14.1,50,0.06844349680170576,0.282,Low Risk
"Pune, India",18.521728,73.7889,103.71,Residential,B,3.39,74.8,Manhole,19.9,10,0.04472295514511874,1.9899999999999998,Low Risk
"Colombo, Sri Lanka",6.967384,79.685941,17.11,Green,A,3.76,311.5,OpenChannel,47.7,50,0.012032,0.9540000000000001,Low Risk
"Ahmedabad, India",22.962895,72.566254,125.51,Commercial,C,2.74,77.9,Manhole,16.0,5,0.034727503168567805,3.2,Medium Risk
"Istanbul, Türkiye",40.988631,29.034077,-2.54,Commercial,B,7.82,77.0,GratedInlet,34.5,25,0.10025641025641026,1.38,Medium Risk
"Ho Chi Minh City, Vietnam",10.856407,106.620472,48.55,Industrial,A,4.13,115.5,Manhole,40.8,2,0.03545064377682403,20.4,Low Risk
"Lima, Peru",-11.959881,-77.049269,59.97,Residential,B,4.2,44.4,CurbInlet,42.7,25,0.09251101321585904,1.7080000000000002,Low Risk
"Hyderabad, India",17.420398,78.439156,62.55,Commercial,B,8.3,414.8,OpenChannel,35.4,2,0.01996151996151996,17.7,Low Risk
"New Orleans, USA",29.914586,-90.032522,15.85,Residential,B,6.25,254.1,OpenChannel,25.9,10,0.02450019600156801,2.59,Low Risk
"Istanbul, Türkiye",41.089486,28.950703,100.52,Roads,D,6.71,44.5,GratedInlet,24.1,2,0.14747252747252748,12.05,Low Risk
"New Orleans, USA",29.893873,-90.011673,-1.54,Mixed,B,9.22,14.5,OpenChannel,80.2,25,0.5948387096774194,3.208,High Risk
"Pune, India",18.486884,73.921768,-2.17,Residential,C,7.17,142.2,GratedInlet,30.1,5,0.05006983240223464,6.0200000000000005,Medium Risk
"Ho Chi Minh City, Vietnam",10.695213,106.619548,78.32,Roads,A,7.26,53.9,Manhole,36.9,10,0.13224043715846995,3.69,Low Risk
"Bengaluru, India",13.044352,77.540087,49.83,Residential,B,5.88,85.2,CurbInlet,37.6,5,0.06821345707656612,7.5200000000000005,Low Risk
"Ahmedabad, India",22.927511,72.390875,105.09,Residential,D,5.05,30.9,CurbInlet,40.1,50,0.15830721003134796,0.802,Low Risk
"Hanoi, Vietnam",21.124363,105.753075,19.36,Commercial,B,6.95,6.1,CurbInlet,63.8,100,0.9788732394366197,0.638,Low Risk
"New Orleans, USA",30.030359,-90.147191,8.96,Roads,B,7.8,14.2,GratedInlet,27.4,5,0.5131578947368421,5.4799999999999995,Low Risk
"Tokyo, Japan",35.600976,139.647244,6.73,Residential,B,5.06,94.6,CurbInlet,17.7,2,0.05292887029288703,8.85,Medium Risk
"Nairobi, Kenya",-1.29611,36.827874,96.59,Roads,A,9.94,18.3,GratedInlet,52.5,100,0.5150259067357512,0.525,Low Risk
"Kuala Lumpur, Malaysia",2.96712,101.702773,16.65,Roads,A,6.25,441.6,CurbInlet,56.2,10,0.01412110257568911,5.62,Low Risk
"Bengaluru, India",13.031963,77.54686,15.41,Green,B,7.06,91.69999999999999,CurbInlet,48.0,50,0.0761596548004315,0.96,Low Risk
"Houston, USA",29.81638,-95.317252,13.72,Roads,D,9.01,128.7,GratedInlet,26.4,50,0.0694680030840401,0.528,Low Risk
"Doha, Qatar",25.249653,51.513268,56.75,Green,B,5.12,167.4,CurbInlet,28.2,10,0.030403800475059382,2.82,Low Risk
"London, UK",51.523637,-0.090442,78.44,Roads,C,10.44,46.5,CurbInlet,54.0,25,0.2197894736842105,2.16,Low Risk
"Hong Kong, China",22.401144,114.092472,-3.0,Industrial,C,7.13,44.3,Manhole,29.4,2,0.15739514348785874,14.7,Medium Risk
"Jakarta, Indonesia",-6.283434,106.788739,2.75,Roads,B,6.8,28.7,GratedInlet,54.3,50,0.22895622895622897,1.0859999999999999,Medium Risk
"Barcelona, Spain",41.399764,2.156793,25.2,Residential,B,6.34,92.7,CurbInlet,46.0,5,0.06766275346851654,9.2,Low Risk
"Tokyo, Japan",35.643635,139.529462,24.72,Residential,B,4.87,33.2,CurbInlet,24.2,10,0.14239766081871344,2.42,Low Risk
"Istanbul, Türkiye",41.056322,28.958126,66.65,Industrial,C,9.97,5.1,GratedInlet,38.8,2,1.6344262295081968,19.4,Low Risk
"Philadelphia, USA",39.906681,-75.123845,36.76,Commercial,D,8.26,60.6,CurbInlet,28.2,2,0.1340909090909091,14.1,Low Risk
"Bangkok, Thailand",13.77988,100.552877,3.37,Water,D,5.23,477.9,GratedInlet,86.3,5,0.010920860304865318,17.259999999999998,High Risk
"Rio de Janeiro, Brazil",-22.889867,-43.235924,16.99,Residential,C,2.61,78.5,CurbInlet,126.1,25,0.03283018867924528,5.044,High Risk
"Athens, Greece",37.965674,23.716268,40.48,Green,B,6.25,102.2,GratedInlet,54.1,50,0.060562015503875966,1.082,Low Risk
"Dubai, UAE",25.231195,55.344203,5.67,Industrial,D,9.65,305.2,OpenChannel,20.3,2,0.03151534944480732,10.15,Medium Risk
"Mumbai, India",18.999089,72.925349,11.91,Residential,B,7.31,132.1,CurbInlet,48.5,25,0.054921111945905335,1.94,Low Risk
"Delhi, India",28.51214,77.296243,87.07,Residential,C,3.1,23.5,CurbInlet,52.0,10,0.12653061224489795,5.2,Low Risk
"Hanoi, Vietnam",21.012153,105.883128,31.27,Informal,A,4.51,44.7,Manhole,115.2,100,0.0986870897155361,1.1520000000000001,High Risk
"Shenzhen, China",22.386978,114.05346,28.04,Informal,D,5.06,91.69999999999999,GratedInlet,32.3,10,0.05458468176914779,3.2299999999999995,Low Risk
"Chennai, India",13.16833,80.216974,5.73,Water,B,6.25,33.7,Manhole,76.3,5,0.18011527377521613,15.26,Medium Risk
"Lagos, Nigeria",6.681175,3.324567,-2.61,Commercial,B,9.14,40.7,GratedInlet,105.1,100,0.21918465227817746,1.051,High Risk
"Riyadh, Saudi Arabia",24.676329,46.616799,43.79,Industrial,D,7.06,18.3,Manhole,14.7,5,0.36580310880829014,2.94,Low Risk
"Rome, Italy",41.911687,12.502315,103.71,Roads,B,7.71,126.2,Manhole,37.7,5,0.06061320754716981,7.540000000000001,Low Risk
"Sydney, Australia",-33.866267,151.125037,-0.69,Green,B,1.45,8.7,Manhole,39.4,2,0.14948453608247422,19.7,Medium Risk
"Ho Chi Minh City, Vietnam",10.881839,106.534308,21.23,Commercial,B,9.14,56.5,OpenChannel,117.7,25,0.15895652173913044,4.708,High Risk
"Philadelphia, USA",39.815003,-75.095662,-3.0,Residential,B,3.51,43.3,Manhole,30.9,10,0.07923250564334086,3.09,High Risk
"Osaka, Japan",34.620757,135.481819,39.43,Roads,A,6.67,101.1,CurbInlet,43.3,2,0.0653281096963761,21.65,Low Risk
"Durban, South Africa",-29.958124,30.936583,73.98,Water,D,6.01,193.6,CurbInlet,17.9,5,0.030883864337101746,3.5799999999999996,Low Risk
"Lima, Peru",-11.987053,-76.964367,36.84,Industrial,B,8.47,19.7,Manhole,42.7,2,0.4091787439613527,21.35,Low Risk
"Bengaluru, India",12.948367,77.623198,25.130000000000003,Industrial,D,6.74,94.3,GratedInlet,56.2,10,0.07072402938090241,5.62,Low Risk
"Amsterdam, Netherlands",52.420899,4.899613,14.23,Green,C,6.48,147.8,Manhole,53.4,10,0.043548387096774194,5.34,Low Risk
"Mumbai, India",19.082327,72.881707,10.54,Institutional,C,6.31,209.8,CurbInlet,74.5,100,0.029933586337760908,0.745,Low Risk
"Riyadh, Saudi Arabia",24.721558,46.6702,18.84,Roads,C,6.25,53.9,Manhole,7.9,10,0.11384335154826958,0.79,Low Risk
"Durban, South Africa",-29.848704,31.01527,59.71,Residential,B,3.2,386.7,CurbInlet,15.8,2,0.008253804488006191,7.9,Low Risk
"Amsterdam, Netherlands",52.379544,4.908247,-3.0,Commercial,B,9.24,47.3,CurbInlet,14.7,100,0.19130434782608696,0.147,Medium Risk
"Taipei, Taiwan",25.042683,121.590499,23.57,Industrial,D,8.76,90.5,GratedInlet,37.7,25,0.09573770491803278,1.508,Low Risk
"Nairobi, Kenya",-1.226828,36.91117,51.9,Green,B,1.61,195.7,CurbInlet,17.8,2,0.008185053380782919,8.9,Medium Risk
"Seoul, South Korea",37.587468,127.03977,127.23,Roads,D,7.67,157.3,OpenChannel,21.5,5,0.048452305748578645,4.3,Low Risk
"Hong Kong, China",22.323141,114.050428,-2.7,Commercial,B,7.92,77.7,Manhole,55.0,50,0.10063532401524777,1.1,Medium Risk
"Copenhagen, Denmark",55.59991,12.473685,43.16,Industrial,B,6.43,106.2,Manhole,27.3,5,0.05998134328358209,5.46,Low Risk
"Vancouver, Canada",49.349076,-123.156386,-2.52,Industrial,B,6.25,183.0,CurbInlet,82.6,10,0.033967391304347824,8.26,High Risk
"Chennai, India",13.101241,80.305653,25.130000000000003,Roads,C,10.38,10.6,OpenChannel,84.0,5,0.8948275862068966,16.8,High Risk
"Tehran, Iran",35.577267,51.256068,67.21,Residential,C,4.88,11.6,CurbInlet,43.9,50,0.3873015873015873,0.878,Low Risk
"Accra, Ghana",5.693714,-0.111277,23.84,Mixed,C,7.76,45.4,CurbInlet,108.7,25,0.16724137931034483,4.348,High Risk
"Kolkata, India",22.654054,88.245119,7.68,Residential,B,6.83,231.6,CurbInlet,21.8,50,0.029363714531384352,0.436,Medium Risk
"San Francisco, USA",37.633465,-122.371309,154.29,Water,B,6.67,174.9,CurbInlet,35.7,5,0.037919272313814666,7.140000000000001,Low Risk
"Nairobi, Kenya",-1.312233,36.797758,27.38,Residential,C,4.9,91.4,CurbInlet,37.4,5,0.05303030303030303,7.4799999999999995,Low Risk
"Dhaka, Bangladesh",23.796341,90.368085,26.4,Residential,D,6.25,95.8,CurbInlet,72.0,50,0.06456611570247935,1.44,Low Risk
"Philadelphia, USA",39.85133,-75.136768,32.8,Roads,B,6.77,91.69999999999999,CurbInlet,67.0,2,0.07303128371089536,33.5,Low Risk
"Bogotá, Colombia",4.722633,-73.985803,207.02,Mixed,B,6.97,93.8,CurbInlet,30.6,2,0.07352320675105485,15.3,Low Risk
"Rio de Janeiro, Brazil",-22.93855,-43.299984,-3.0,Mixed,B,6.25,211.3,OpenChannel,120.6,2,0.02943947244465379,60.3,High Risk
"Mexico City, Mexico",19.374661,-99.166191,29.67,Roads,A,5.01,101.6,GratedInlet,51.7,5,0.04883040935672515,10.34,Low Risk
"Kolkata, India",22.567573,88.422976,2.67,Commercial,D,8.85,1.1,CurbInlet,26.0,10,4.2142857142857135,2.6,Medium Risk
"Istanbul, Türkiye",41.074965,29.002537,50.37,Industrial,D,5.98,7.9,GratedInlet,26.8,25,0.6719101123595506,1.072,Low Risk
"Taipei, Taiwan",24.889946,121.60109,37.21,Roads,B,8.94,38.4,Manhole,38.8,10,0.22690355329949238,3.88,Low Risk
"Nairobi, Kenya",-1.180996,36.862008,25.130000000000003,Roads,D,6.25,23.8,GratedInlet,21.7,10,0.25201612903225806,2.17,Low Risk
"Durban, South Africa",-29.869881,31.020632,35.37,Commercial,C,8.16,64.0,CurbInlet,42.7,5,0.12553846153846154,8.540000000000001,Low Risk
"Doha, Qatar",25.329228,51.516711,95.61,Residential,D,3.04,96.2,Manhole,11.4,2,0.031275720164609055,5.7,Low Risk
"Shenzhen, China",22.378453,113.97922,-1.35,Mixed,B,9.63,51.9,OpenChannel,106.9,50,0.18204158790170133,2.138,High Risk
"Tokyo, Japan",35.662771,139.587222,16.38,Roads,D,6.25,102.2,OpenChannel,24.9,50,0.060562015503875966,0.498,Low Risk
"Pune, India",18.681591,73.866797,69.01,Residential,B,6.3,118.3,Manhole,53.4,10,0.05280804694048617,5.34,Low Risk
"Cape Town, South Africa",-33.903752,18.415667,26.83,Green,B,6.38,333.6,OpenChannel,41.1,5,0.01906754333532576,8.22,Low Risk
"New York, USA",40.606519,-74.051018,46.36,Residential,C,2.73,19.8,GratedInlet,30.6,10,0.13125,3.06,Medium Risk
"Kuala Lumpur, Malaysia",3.167442,101.662094,25.130000000000003,Green,B,6.72,243.2,Manhole,102.3,50,0.027518427518427518,2.046,High Risk
"Lima, Peru",-11.999874,-77.080201,71.24,Residential,D,2.6,150.2,CurbInlet,26.0,10,0.0171957671957672,2.6,Medium Risk
"Shenzhen, China",22.540616,114.100502,-3.0,Water,C,6.25,348.6,OpenChannel,80.8,5,0.01787757437070938,16.16,High Risk
"Dhaka, Bangladesh",23.829972,90.514408,103.54,Residential,B,7.37,95.3,CurbInlet,57.1,25,0.07653167185877467,2.2840000000000003,Low Risk
"Delhi, India",28.673303,77.146035,55.41,Industrial,B,8.63,84.7,CurbInlet,52.2,5,0.10070011668611435,10.440000000000001,Low Risk
"Rio de Janeiro, Brazil",-22.868733,-43.216059,-0.99,Residential,A,7.1,375.2,CurbInlet,53.5,5,0.018872939925571503,10.7,Medium Risk
"Dubai, UAE",25.235011,55.198855,25.130000000000003,Mixed,C,7.45,83.0,GratedInlet,20.6,5,0.0886904761904762,4.12,Low Risk
"Miami, USA",25.789772,-80.18456,11.23,Industrial,A,6.19,27.8,CurbInlet,86.9,10,0.21493055555555557,8.690000000000001,High Risk
"Kolkata, India",22.570099,88.440542,25.130000000000003,Commercial,A,7.69,14.0,GratedInlet,21.5,2,0.5126666666666667,10.75,Low Risk
"Accra, Ghana",5.615262,-0.125624,0.07,Residential,D,6.84,362.4,OpenChannel,69.1,50,0.018822234452394056,1.382,High Risk
"Chennai, India",13.023705,80.202659,-3.0,Residential,C,7.24,14.3,Manhole,45.8,50,0.47320261437908495,0.9159999999999999,High Risk
"Manila, Philippines",14.615085,120.851105,1.88,Water,B,4.92,123.2,CurbInlet,49.5,5,0.03961352657004831,9.9,Medium Risk
"Lima, Peru",-11.980449,-77.098557,62.62,Residential,D,6.43,130.6,GratedInlet,15.7,100,0.04886018237082067,0.157,Low Risk
"Chennai, India",13.017447,80.209538,-3.0,Roads,B,3.62,74.9,CurbInlet,73.8,10,0.04769433465085639,7.38,High Risk
"Kolkata, India",22.624083,88.335103,54.95,Residential,B,6.24,97.1,CurbInlet,22.9,25,0.0636085626911315,0.9159999999999999,Low Risk
"Rome, Italy",41.918297,12.596651,58.14,Residential,C,3.75,91.69999999999999,GratedInlet,23.7,2,0.04045307443365696,11.85,Low Risk
"Accra, Ghana",5.638587,-0.232134,9.7,Residential,B,6.15,13.0,GratedInlet,62.6,10,0.43928571428571433,6.26,Low Risk
"Istanbul, Türkiye",41.115292,28.873608,36.76,Green,A,3.82,197.1,CurbInlet,24.9,10,0.01928319030792529,2.4899999999999998,Low Risk
"Jakarta, Indonesia",-6.170562,106.805685,13.22,Industrial,B,9.1,26.4,Manhole,93.5,100,0.33211678832116787,0.935,High Risk
"Colombo, Sri Lanka",6.876262,79.865923,1.7,Residential,A,6.34,183.0,CurbInlet,50.3,25,0.034456521739130434,2.012,Medium Risk
"Accra, Ghana",5.499996,-0.13497,11.57,Commercial,A,6.76,199.8,OpenChannel,44.1,2,0.033665338645418326,22.05,Low Risk
"Houston, USA",29.812374,-95.285871,28.2,Commercial,D,6.25,72.7,Manhole,19.3,2,0.08480325644504749,9.65,Low Risk
"Miami, USA",25.765581,-80.161092,18.66,Residential,A,5.52,59.8,CurbInlet,39.1,5,0.09078947368421052,7.82,Low Risk
"Durban, South Africa",-29.966255,30.935253,21.62,Roads,B,7.24,79.7,CurbInlet,28.5,5,0.08971499380421313,5.7,Low Risk
"Istanbul, Türkiye",41.032421,29.010764,26.84,Industrial,B,9.3,58.6,Manhole,32.8,5,0.15604026845637584,6.56,Low Risk
"Cape Town, South Africa",-33.883577,18.394722,112.2,Water,A,3.8,149.5,Manhole,54.7,100,0.025249169435215945,0.547,Low Risk
"Shenzhen, China",22.575391,113.910518,6.91,Roads,D,10.66,159.4,CurbInlet,62.4,10,0.06645885286783042,6.24,Medium Risk
"Rotterdam, Netherlands",52.039614,4.56731,16.79,Green,C,3.82,232.1,OpenChannel,33.9,2,0.016387816387816386,16.95,Low Risk
"Nairobi, Kenya",-1.357392,36.818486,-3.0,Industrial,D,9.61,205.3,OpenChannel,18.0,25,0.046582646631119724,0.72,Medium Risk
"Riyadh, Saudi Arabia",24.687318,46.636402,-3.0,Residential,C,3.56,2.8,GratedInlet,13.4,25,0.9368421052631579,0.536,High Risk
"Hyderabad, India",17.3143,78.469074,19.69,Commercial,D,5.62,118.8,Manhole,19.2,2,0.046911519198664445,9.6,Low Risk
"Hyderabad, India",17.440364,78.501849,31.91,Industrial,D,5.82,35.9,Manhole,49.6,2,0.15772357723577238,24.8,Low Risk
"Montreal, Canada",45.519755,-73.544297,-3.0,Residential,C,4.11,23.6,CurbInlet,35.8,25,0.16707317073170733,1.432,High Risk
"Rotterdam, Netherlands",51.970565,4.480446,9.43,Industrial,B,5.34,91.69999999999999,CurbInlet,77.7,25,0.05760517799352751,3.108,Low Risk
"Taipei, Taiwan",24.935972,121.701897,6.38,Green,B,5.31,244.4,OpenChannel,46.7,10,0.02163814180929095,4.67,Medium Risk
"Rotterdam, Netherlands",51.860596,4.553773,20.23,Residential,B,2.01,100.5,GratedInlet,10.6,5,0.01980295566502463,2.12,Medium Risk
"Manila, Philippines",14.672318,120.987996,2.07,Institutional,D,4.65,209.0,GratedInlet,110.7,25,0.022142857142857145,4.428,High Risk
"Bogotá, Colombia",4.665849,-74.06816,243.25,Informal,A,4.83,183.3,Manhole,62.8,50,0.0262072707542051,1.256,Low Risk
"Rio de Janeiro, Brazil",-22.952251,-43.148138,7.97,Roads,D,5.83,28.1,OpenChannel,97.7,10,0.20034364261168383,9.77,High Risk
"Cape Town, South Africa",-33.927161,18.299559,168.39,Residential,C,7.21,307.6,CurbInlet,27.2,2,0.023363577446532727,13.6,Low Risk
"Bangkok, Thailand",13.817782,100.486032,-1.43,Residential,D,6.25,106.6,GratedInlet,86.5,50,0.05808550185873606,1.73,High Risk
"Buenos Aires, Argentina",-34.564217,-58.207779,77.63,Residential,D,5.44,6.2,CurbInlet,33.8,2,0.7555555555555555,16.9,Low Risk
"Paris, France",48.882927,2.410389,75.07,Roads,C,8.82,193.1,GratedInlet,42.1,10,0.04544049459041731,4.21,Low Risk
"Bengaluru, India",12.931277,77.605341,54.26,Residential,B,6.3,76.8,CurbInlet,26.6,10,0.08097686375321336,2.66,Low Risk
"Nairobi, Kenya",-1.145813,36.797676,34.25,Industrial,D,8.48,148.8,Manhole,39.6,2,0.056608811748998664,19.8,Low Risk
"Brisbane, Australia",-27.535273,152.995735,75.14,Industrial,C,6.27,164.4,OpenChannel,50.9,5,0.037908101571946795,10.18,Low Risk
"Bengaluru, India",12.956184,77.56385,83.3,Industrial,B,6.25,192.5,OpenChannel,78.4,25,0.03229974160206718,3.136,Low Risk
"Kuala Lumpur, Malaysia",3.080734,101.558443,42.67,Commercial,C,5.03,27.1,Manhole,86.0,50,0.1790035587188612,1.72,High Risk
"Durban, South Africa",-29.883592,31.13875,83.56,Industrial,B,8.94,8.9,CurbInlet,24.6,25,0.903030303030303,0.9840000000000001,Low Risk
"New York, USA",40.769971,-73.979319,20.29,Water,B,6.46,393.9,CurbInlet,30.8,25,0.016358571790326668,1.232,Low Risk
"Istanbul, Türkiye",40.965267,28.973776,63.25,Residential,B,2.23,190.0,GratedInlet,67.7,2,0.011675392670157068,33.85,Medium Risk
"Montreal, Canada",45.433994,-73.484913,88.33,Roads,A,3.78,110.3,OpenChannel,18.6,50,0.033962264150943396,0.37200000000000005,Low Risk
"Rome, Italy",41.899949,12.453931,107.33,Industrial,A,6.0,352.4,OpenChannel,27.0,25,0.01697792869269949,1.08,Low Risk
"Ho Chi Minh City, Vietnam",10.830979,106.581071,60.87,Water,B,6.1,327.8,CurbInlet,42.0,5,0.018552311435523113,8.4,Low Risk
"Dhaka, Bangladesh",23.724277,90.489794,69.39,Industrial,B,5.5,13.1,CurbInlet,26.8,2,0.3900709219858156,13.4,Low Risk
"Seoul, South Korea",37.584677,127.063875,20.54,Green,B,6.69,153.2,GratedInlet,42.4,50,0.04338521400778211,0.848,Low Risk
"Bogotá, Colombia",4.795654,-74.033713,33.61,Residential,D,6.6,95.5,Manhole,19.6,25,0.06839378238341969,0.784,Low Risk
"Manila, Philippines",14.578786,120.966147,25.130000000000003,Commercial,A,7.35,25.7,GratedInlet,66.3,100,0.2752808988764045,0.6629999999999999,Low Risk
"Riyadh, Saudi Arabia",24.702001,46.540927,25.130000000000003,Green,B,4.47,183.8,Manhole,12.3,50,0.024188311688311686,0.24600000000000002,Low Risk
"Kuala Lumpur, Malaysia",3.17311,101.681728,89.12,Green,A,5.1,52.3,GratedInlet,69.6,50,0.09568480300187616,1.392,Low Risk
"Copenhagen, Denmark",55.630915,12.64334,53.12,Residential,D,7.12,71.1,GratedInlet,20.3,10,0.09875173370319003,2.0300000000000002,Low Risk
"Sydney, Australia",-33.895918,151.154166,8.5,Residential,B,4.86,10.2,GratedInlet,54.5,10,0.4339285714285715,5.45,Low Risk
"Amsterdam, Netherlands",52.273164,4.878607,-3.0,Commercial,D,7.73,33.2,CurbInlet,20.1,2,0.2260233918128655,10.05,High Risk
"Rio de Janeiro, Brazil",-22.99448,-43.289465,-3.0,Residential,B,2.19,36.6,OpenChannel,52.0,2,0.058244680851063824,26.0,High Risk
"Dubai, UAE",25.299828,55.237903,116.84,Residential,C,4.78,61.6,GratedInlet,10.4,5,0.07635782747603834,2.08,Low Risk
"Nairobi, Kenya",-1.3392,36.764281,5.96,Residential,C,3.81,107.2,CurbInlet,28.5,100,0.035212569316081334,0.285,Medium Risk
"Taipei, Taiwan",25.10365,121.588294,20.6,Commercial,B,7.82,4.4,CurbInlet,39.5,2,1.4481481481481482,19.75,Low Risk
"Sao Paulo, Brazil",-23.553697,-46.517365,11.8,Industrial,B,6.32,127.9,Manhole,38.9,50,0.049030256012412725,0.778,Low Risk
"Rome, Italy",41.868096,12.422526,63.68,Commercial,B,4.01,17.1,Manhole,48.0,100,0.22154696132596682,0.48,Low Risk
"Delhi, India",28.706883,77.384812,128.68,Residential,B,4.42,147.0,OpenChannel,41.3,2,0.029864864864864865,20.65,Low Risk
"Shenzhen, China",22.506622,114.114022,18.35,Industrial,D,8.04,61.5,Manhole,34.9,100,0.12863999999999998,0.349,Low Risk
"Delhi, India",28.618661,77.141702,64.41,Green,D,4.34,47.7,CurbInlet,58.1,5,0.08911704312114989,11.620000000000001,Low Risk
"Bogotá, Colombia",4.739799,-73.977001,108.92,Green,B,4.16,57.4,Manhole,56.2,2,0.07123287671232877,28.1,Low Risk
"Rotterdam, Netherlands",51.87227,4.539728,14.42,Residential,D,6.25,141.0,CurbInlet,27.5,5,0.04401408450704225,5.5,Low Risk
"Athens, Greece",37.886633,23.751232,92.33,Commercial,A,6.25,227.5,CurbInlet,62.7,25,0.02735229759299781,2.508,Low Risk
"Dubai, UAE",25.063237,55.199687,8.81,Roads,D,9.19,43.3,GratedInlet,16.1,10,0.20744920993227992,1.61,Low Risk
"Sao Paulo, Brazil",-23.659598,-46.544649,74.78,Commercial,A,9.16,367.9,OpenChannel,72.2,25,0.024830577392247224,2.888,Low Risk
"San Francisco, USA",37.759736,-122.375061,-3.0,Industrial,C,6.25,103.7,GratedInlet,34.2,2,0.059694364851957976,17.1,High Risk
"Rotterdam, Netherlands",51.972605,4.583407,16.16,Industrial,A,5.75,91.69999999999999,CurbInlet,25.9,2,0.06202804746494068,12.95,Low Risk
"New Orleans, USA",29.986545,-90.1272,-3.0,Residential,B,8.28,336.1,OpenChannel,67.2,5,0.02456244437852269,13.440000000000001,Medium Risk
"Istanbul, Türkiye",41.06223,29.035667,20.47,Roads,C,7.94,106.9,GratedInlet,29.3,10,0.07358665430954588,2.93,Low Risk
"Philadelphia, USA",39.883157,-75.099782,9.08,Residential,B,5.35,1.9,CurbInlet,26.3,10,1.8448275862068966,2.63,Low Risk
"Dhaka, Bangladesh",23.851134,90.49994,7.06,Roads,B,6.47,160.1,OpenChannel,41.3,2,0.04016139044072005,20.65,Medium Risk
"Philadelphia, USA",39.972205,-75.071289,3.33,Commercial,B,8.96,131.0,GratedInlet,20.2,5,0.06787878787878789,4.04,Medium Risk
"Lagos, Nigeria",6.740203,3.432489,6.97,Commercial,D,8.47,267.5,OpenChannel,33.6,5,0.031545623836126635,6.720000000000001,Medium Risk
"Auckland, New Zealand",-36.908361,174.833148,78.21,Roads,C,12.07,50.9,CurbInlet,22.2,2,0.2325626204238921,11.1,Low Risk
"Bogotá, Colombia",4.685281,-74.009741,-3.0,Institutional,A,3.14,516.7,CurbInlet,38.9,2,0.006065288777284141,19.45,Medium Risk
"Taipei, Taiwan",25.072586,121.637115,60.97,Water,D,2.22,161.8,Manhole,40.3,2,0.013636363636363637,20.15,Medium Risk
"Lagos, Nigeria",6.462764,3.327888,11.1,Residential,D,5.92,365.1,CurbInlet,62.3,10,0.016170445233542746,6.2299999999999995,Low Risk
"Bengaluru, India",13.03767,77.547337,-3.0,Roads,B,8.06,99.7,CurbInlet,56.2,5,0.08003972194637538,11.24,High Risk
"Lima, Peru",-12.076004,-76.937523,113.79,Green,C,4.34,337.2,OpenChannel,48.6,10,0.01283264340626848,4.86,Low Risk
"London, UK",51.516063,-0.109523,72.41,Commercial,D,9.71,246.9,OpenChannel,11.6,50,0.03916901976603469,0.23199999999999998,Low Risk
"Karachi, Pakistan",24.788221,67.041661,156.8,Residential,A,7.32,40.3,OpenChannel,28.8,25,0.1772397094430993,1.1520000000000001,Low Risk
"Miami, USA",25.678955,-80.195459,6.54,Green,A,2.61,334.6,OpenChannel,92.7,25,0.0077771156138259825,3.708,High Risk
"Rio de Janeiro, Brazil",-22.97038,-43.147973,7.95,Roads,B,4.8,91.69999999999999,CurbInlet,76.2,50,0.05177993527508091,1.524,Medium Risk
"Buenos Aires, Argentina",-34.690929,-58.472918,67.7,Institutional,D,5.97,211.3,CurbInlet,42.7,2,0.028120584079133298,21.35,Low Risk
"Accra, Ghana",5.63754,-0.337666,-3.0,Institutional,D,6.25,169.1,GratedInlet,30.0,5,0.036743092298647854,6.0,High Risk
"Lagos, Nigeria",6.496754,3.2258,19.88,Commercial,D,4.96,102.6,CurbInlet,57.9,50,0.04787644787644788,1.158,Low Risk
"Sydney, Australia",-33.821223,151.242238,12.06,Commercial,D,10.14,75.9,OpenChannel,15.9,10,0.1318595578673602,1.59,Low Risk
"Accra, Ghana",5.624536,-0.155344,9.3,Roads,D,6.25,163.7,GratedInlet,75.8,100,0.0379477838494232,0.758,High Risk
"Ho Chi Minh City, Vietnam",10.913843,106.692256,87.45,Residential,A,5.72,100.1,GratedInlet,35.2,2,0.056577645895153315,17.6,Low Risk
"Istanbul, Türkiye",41.037388,28.913724,-3.0,Roads,A,6.25,48.1,Manhole,38.1,2,0.12729124236252545,19.05,Medium Risk
"Colombo, Sri Lanka",6.970116,79.799655,-0.62,Mixed,D,8.31,131.2,GratedInlet,108.5,50,0.06285930408472012,2.17,High Risk
"Lagos, Nigeria",6.519986,3.250363,5.12,Roads,C,6.25,110.2,CurbInlet,58.4,10,0.05620503597122302,5.84,Medium Risk
"Rio de Janeiro, Brazil",-22.908434,-43.127816,19.18,Roads,B,6.61,52.3,Manhole,47.3,25,0.12401500938086306,1.892,Low Risk
"Sao Paulo, Brazil",-23.488406,-46.773103,92.58,Commercial,A,6.91,48.3,CurbInlet,81.6,100,0.14016227180527385,0.816,High Risk
"Paris, France",48.849606,2.385015,19.04,Residential,C,6.4,83.5,CurbInlet,52.9,10,0.0757396449704142,5.29,Low Risk
"Buenos Aires, Argentina",-34.531435,-58.258446,25.130000000000003,Roads,D,10.54,21.8,Manhole,47.2,2,0.4622807017543859,23.6,Low Risk
"Sydney, Australia",-33.785383,151.240146,14.37,Water,A,2.95,81.0,Manhole,30.5,5,0.035975609756097565,6.1,Medium Risk
"Bangkok, Thailand",13.7912,100.565226,8.42,Commercial,C,10.14,2.7,OpenChannel,69.1,50,2.7405405405405405,1.382,Low Risk
"Pune, India",18.463089,73.845764,27.52,Commercial,D,6.61,91.69999999999999,CurbInlet,33.6,100,0.07130528586839267,0.336,Low Risk
"Dhaka, Bangladesh",23.757949,90.356042,25.130000000000003,Roads,B,6.98,62.1,GratedInlet,134.7,50,0.11061806656101426,2.694,High Risk
"Doha, Qatar",25.335047,51.58992,64.53,Industrial,C,6.31,69.0,CurbInlet,17.2,2,0.09014285714285714,8.6,Low Risk
"Copenhagen, Denmark",55.710055,12.513682,75.66,Green,B,6.25,119.2,OpenChannel,30.5,2,0.051996672212978365,15.25,Low Risk
"Barcelona, Spain",41.445723,2.154841,10.23,Commercial,D,5.76,123.4,OpenChannel,25.6,10,0.04630225080385852,2.56,Low Risk
"Dhaka, Bangladesh",23.84048,90.430896,-3.0,Commercial,C,5.63,103.0,Manhole,44.7,25,0.054134615384615385,1.788,High Risk
"San Francisco, USA",37.806331,-122.39674,59.78,Roads,B,6.25,69.1,CurbInlet,43.6,2,0.0891583452211127,21.8,Low Risk
"Hanoi, Vietnam",20.962732,105.806597,69.93,Roads,A,7.42,47.3,Manhole,83.8,10,0.1536231884057971,8.379999999999999,High Risk
"Hong Kong, China",22.322486,114.298038,9.73,Residential,C,6.65,71.7,CurbInlet,67.8,25,0.09147180192572214,2.7119999999999997,Low Risk
"Lagos, Nigeria",6.572411,3.44056,21.62,Commercial,B,5.36,63.2,OpenChannel,76.8,50,0.08348909657320873,1.536,Low Risk
"Istanbul, Türkiye",40.909137,28.925473,18.23,Residential,A,5.26,306.4,CurbInlet,40.2,2,0.017111255692908264,20.1,Low Risk
"Sydney, Australia",-33.85022,151.235248,10.93,Residential,C,5.62,42.2,CurbInlet,29.9,5,0.1300925925925926,5.9799999999999995,Low Risk
"Durban, South Africa",-29.868751,31.08669,57.86,Commercial,B,8.08,132.6,GratedInlet,27.0,2,0.06047904191616767,13.5,Low Risk
"Amsterdam, Netherlands",52.365089,4.866484,12.38,Industrial,C,10.36,6.5,OpenChannel,23.2,50,1.3813333333333333,0.46399999999999997,Low Risk
"Amsterdam, Netherlands",52.238417,5.034896,3.36,Residential,B,5.73,1.0,GratedInlet,23.7,50,2.865,0.474,Medium Risk
"Vancouver, Canada",49.21732,-123.105318,8.0,Roads,B,3.84,168.2,GratedInlet,15.6,10,0.02269503546099291,1.56,Medium Risk
"Copenhagen, Denmark",55.720319,12.533721,23.48,Roads,A,6.25,99.8,Manhole,49.8,5,0.062003968253968256,9.959999999999999,Low Risk
"Istanbul, Türkiye",41.070838,28.94237,-3.0,Green,B,6.25,153.5,Manhole,61.4,100,0.040453074433656956,0.614,High Risk
"Riyadh, Saudi Arabia",24.710403,46.649768,32.95,Roads,B,8.97,30.4,CurbInlet,12.7,50,0.28566878980891725,0.254,Low Risk
"Tokyo, Japan",35.699059,139.62428,-1.02,Residential,B,2.25,156.9,CurbInlet,18.2,100,0.014249525015832805,0.182,Medium Risk
"Sydney, Australia",-33.857486,151.344074,4.55,Roads,C,8.3,178.1,OpenChannel,10.8,2,0.0463428252372976,5.4,Medium Risk
"Lima, Peru",-12.067927,-77.153291,-3.0,Industrial,C,6.25,161.0,Manhole,27.8,5,0.038580246913580245,5.5600000000000005,High Risk
"Seoul, South Korea",37.451855,126.841319,39.29,Industrial,C,8.48,19.6,Manhole,57.3,10,0.4116504854368932,5.7299999999999995,Low Risk
"Kolkata, India",22.597976,88.403509,51.59,Residential,C,2.02,79.9,Manhole,31.0,2,0.024969097651421506,15.5,Medium Risk
"Buenos Aires, Argentina",-34.527147,-58.364573,32.13,Residential,C,4.18,34.5,GratedInlet,30.1,5,0.11774647887323943,6.0200000000000005,Low Risk
"Hanoi, Vietnam",20.949414,105.798996,6.57,Residential,D,6.32,129.6,OpenChannel,143.3,5,0.04839203675344564,28.660000000000004,High Risk
"Sydney, Australia",-33.915805,151.185478,12.64,Green,B,6.57,106.5,Manhole,22.0,5,0.061116279069767444,4.4,Low Risk
"Istanbul, Türkiye",40.971305,29.10124,-3.0,Green,A,2.98,91.69999999999999,Manhole,31.0,2,0.03214670981661273,15.5,Medium Risk
"Rio de Janeiro, Brazil",-22.919874,-43.06313,3.57,Green,D,2.25,161.8,OpenChannel,29.0,10,0.01382063882063882,2.9,Medium Risk
"Lagos, Nigeria",6.58171,3.247115,-3.0,Informal,B,9.57,114.7,Manhole,67.7,100,0.08271391529818496,0.677,Medium Risk
"Guangzhou, China",23.203753,113.294124,21.74,Roads,C,9.53,62.0,Manhole,150.0,100,0.15126984126984125,1.5,High Risk
"Guangzhou, China",23.217971,113.179588,10.35,Roads,B,7.73,88.7,Manhole,115.5,100,0.08617614269788183,1.155,High Risk
"Cape Town, South Africa",-34.001171,18.43076,118.01,Residential,B,5.32,129.2,Manhole,20.3,100,0.04086021505376344,0.203,Low Risk
"Hanoi, Vietnam",21.10357,105.710172,13.92,Industrial,C,8.18,50.5,CurbInlet,66.0,5,0.15883495145631069,13.2,Low Risk
"Rome, Italy",41.924244,12.483199,41.29,Industrial,A,8.37,140.9,CurbInlet,12.6,5,0.058985200845665955,2.52,Low Risk
"Athens, Greece",37.810721,23.762692,67.0,Residential,C,4.23,81.7,GratedInlet,27.7,100,0.051148730350665056,0.27699999999999997,Low Risk
"Paris, France",48.998964,2.328633,57.09,Industrial,C,9.02,78.6,GratedInlet,57.2,25,0.11331658291457286,2.2880000000000003,Low Risk
"Karachi, Pakistan",24.866421,66.958002,38.53,Residential,B,3.76,131.0,Manhole,13.1,2,0.028484848484848484,6.55,Low Risk
"Dubai, UAE",25.230442,55.221772,109.31,Residential,B,3.0,26.5,GratedInlet,19.5,2,0.10909090909090909,9.75,Medium Risk
"Sydney, Australia",-33.905229,151.251384,-1.21,Roads,B,6.48,109.8,GratedInlet,68.7,5,0.058483754512635384,13.74,Medium Risk
"Kuala Lumpur, Malaysia",3.062267,101.616347,79.72,Residential,C,5.32,20.4,CurbInlet,85.3,5,0.24859813084112153,17.06,High Risk
"Dubai, UAE",25.132368,55.151454,25.130000000000003,Green,D,4.07,17.4,OpenChannel,23.0,5,0.22119565217391307,4.6,Low Risk
"Tehran, Iran",35.621826,51.334416,123.39,Residential,B,6.05,333.0,OpenChannel,81.8,10,0.01811377245508982,8.18,High Risk
"Houston, USA",29.648864,-95.361247,-3.0,Residential,B,6.01,57.9,GratedInlet,26.9,25,0.10203735144312394,1.0759999999999998,Medium Risk
"New Orleans, USA",30.000897,-90.104285,-0.81,Mixed,C,6.25,91.69999999999999,Manhole,23.1,25,0.06742179072276161,0.924,Medium Risk
"Bogotá, Colombia",4.696227,-74.208417,129.25,Residential,C,4.92,360.9,OpenChannel,47.0,5,0.013594915722575297,9.4,Low Risk
"Doha, Qatar",25.35973,51.621339,31.52,Residential,B,2.91,128.1,GratedInlet,21.6,2,0.02254066615027111,10.8,Medium Risk
"Rotterdam, Netherlands",51.898676,4.378857,-0.41,Residential,D,5.39,102.3,CurbInlet,35.1,25,0.05217812197483059,1.4040000000000001,High Risk
"Guangzhou, China",23.164792,113.204835,2.4,Industrial,B,7.9,265.3,OpenChannel,62.9,100,0.029665790461885094,0.629,Medium Risk
"Houston, USA",29.623672,-95.481678,24.52,Roads,B,10.45,143.3,OpenChannel,29.8,5,0.07241857241857241,5.96,Low Risk
"Hanoi, Vietnam",20.992364,105.91933,107.83,Water,D,5.29,274.3,Manhole,67.9,100,0.019215401380312386,0.679,Low Risk
"Taipei, Taiwan",24.915453,121.623325,9.8,Residential,D,2.05,57.1,CurbInlet,20.2,10,0.035283993115318414,2.02,Medium Risk
"Copenhagen, Denmark",55.787396,12.554853,31.69,Green,A,7.35,38.6,CurbInlet,61.3,2,0.18560606060606058,30.65,Low Risk
"Paris, France",48.761506,2.279032,65.66,Green,B,5.97,234.9,OpenChannel,54.8,10,0.025307333615938954,5.4799999999999995,Low Risk
"Hyderabad, India",17.446439,78.510455,38.39,Industrial,C,6.25,45.8,CurbInlet,65.0,50,0.13354700854700854,1.3,Low Risk
"Osaka, Japan",34.794127,135.475521,-3.0,Residential,D,3.95,100.8,Manhole,26.6,25,0.0388015717092338,1.064,High Risk
"New Orleans, USA",29.993916,-90.124973,16.74,Commercial,C,8.33,6.9,GratedInlet,25.8,2,1.0544303797468355,12.9,Low Risk
"Rotterdam, Netherlands",52.016854,4.38432,9.06,Residential,B,6.32,34.0,CurbInlet,28.8,5,0.18057142857142858,5.76,Low Risk
"San Francisco, USA",37.825889,-122.467796,-3.0,Water,A,6.84,484.3,OpenChannel,47.7,50,0.014094374613641046,0.9540000000000001,Medium Risk
"Philadelphia, USA",39.982121,-75.17028,101.31,Roads,A,8.31,64.8,CurbInlet,38.2,10,0.12629179331306992,3.8200000000000003,Low Risk
"Lima, Peru",-11.99669,-77.191942,55.11,Commercial,C,2.83,86.6,GratedInlet,24.1,5,0.032305936073059364,4.82,Medium Risk
"Tokyo, Japan",35.682099,139.728964,64.25,Industrial,C,6.75,166.7,OpenChannel,27.5,10,0.04025044722719141,2.75,Low Risk
"Houston, USA",29.724891,-95.267475,2.16,Industrial,D,8.07,79.9,Manhole,44.8,10,0.09975278121137206,4.4799999999999995,High Risk
"Philadelphia, USA",39.872179,-75.078438,72.9,Industrial,B,8.73,89.8,Manhole,30.7,5,0.09614537444933921,6.14,Low Risk
"Doha, Qatar",25.175249,51.602579,73.06,Green,A,5.42,246.3,CurbInlet,12.8,10,0.02191670036393045,1.28,Low Risk
"Dubai, UAE",25.006856,55.272927,24.81,Residential,D,8.51,158.3,OpenChannel,24.4,2,0.05342121782799748,12.2,Low Risk
"Riyadh, Saudi Arabia",24.682785,46.563709,112.11,Roads,D,6.25,6.1,Manhole,6.6,25,0.8802816901408451,0.264,Low Risk
"Shanghai, China",31.196289,121.326268,0.51,Residential,B,6.25,72.4,CurbInlet,29.9,10,0.08514986376021798,2.9899999999999998,Medium Risk
"Ahmedabad, India",23.006888,72.603361,14.16,Roads,B,5.83,101.9,OpenChannel,31.1,10,0.05665694849368318,3.1100000000000003,Low Risk
"Accra, Ghana",5.615897,-0.220944,12.76,Commercial,B,3.79,84.5,Manhole,46.9,2,0.04432748538011696,23.45,Low Risk
"Colombo, Sri Lanka",6.879043,79.734498,25.130000000000003,Informal,B,9.74,236.4,Manhole,70.3,2,0.041027801179443976,35.15,Low Risk
"Barcelona, Spain",41.387392,2.162235,24.94,Commercial,D,4.62,91.69999999999999,CurbInlet,36.5,10,0.04983818770226538,3.65,Low Risk
"Mumbai, India",19.060576,72.787831,10.01,Green,C,6.25,346.5,CurbInlet,66.3,10,0.017985611510791366,6.63,Low Risk
"Miami, USA",25.750458,-80.115828,22.12,Residential,C,7.15,84.2,Manhole,56.5,25,0.08392018779342723,2.26,Low Risk
"Amsterdam, Netherlands",52.264567,4.856939,20.69,Industrial,B,9.87,8.9,Manhole,37.5,25,0.9969696969696968,1.5,Low Risk
"Lagos, Nigeria",6.450344,3.308068,26.47,Mixed,C,6.25,45.1,Manhole,106.5,25,0.13557483731019523,4.26,High Risk
"Jakarta, Indonesia",-6.1315,106.913555,12.88,Commercial,A,7.94,77.7,CurbInlet,38.8,2,0.1008894536213469,19.4,Low Risk
"London, UK",51.536526,-0.126175,25.130000000000003,Green,B,5.3,204.2,GratedInlet,59.4,50,0.025828460038986357,1.188,Low Risk
"Jakarta, Indonesia",-6.261836,106.835969,-3.0,Residential,B,3.44,495.5,CurbInlet,59.8,5,0.006928499496475327,11.959999999999999,Medium Risk
"Taipei, Taiwan",25.023869,121.611464,65.27,Residential,C,5.95,174.8,OpenChannel,39.5,2,0.0338452787258248,19.75,Low Risk
"Manila, Philippines",14.568699,120.971235,14.8,Water,A,5.16,139.2,OpenChannel,55.0,5,0.03680456490727532,11.0,Low Risk
"Colombo, Sri Lanka",7.009007,79.879127,25.130000000000003,Green,C,3.69,49.6,CurbInlet,64.7,10,0.07292490118577075,6.470000000000001,Low Risk
"Athens, Greece",37.955957,23.657734,35.57,Green,C,5.33,242.3,CurbInlet,49.5,50,0.021907110563090835,0.99,Low Risk
"Auckland, New Zealand",-36.805508,174.85519,33.99,Roads,C,6.25,101.1,Manhole,39.4,2,0.061214495592556324,19.7,Low Risk
"Tehran, Iran",35.680205,51.389679,134.3,Green,B,3.35,173.2,OpenChannel,37.3,2,0.019230769230769232,18.65,Low Risk
"Auckland, New Zealand",-36.861797,174.712693,50.51,Commercial,B,7.88,38.0,CurbInlet,29.9,2,0.20205128205128206,14.95,Low Risk
"Singapore, Singapore",1.252309,103.854667,14.1,Green,A,2.7,89.7,OpenChannel,64.0,100,0.029768467475192944,0.64,Medium Risk
"Rio de Janeiro, Brazil",-22.944504,-43.127643,10.84,Residential,B,7.54,113.4,Manhole,68.1,50,0.0659090909090909,1.3619999999999999,Low Risk
"Delhi, India",28.618269,77.167282,37.25,Mixed,C,7.73,91.69999999999999,GratedInlet,23.3,50,0.08338727076591156,0.466,Low Risk
"Washington DC, USA",39.025949,-76.967405,90.38,Institutional,B,8.02,91.69999999999999,OpenChannel,20.4,25,0.08651564185544769,0.816,Low Risk
"Riyadh, Saudi Arabia",24.800656,46.70975,-3.0,Residential,B,6.25,105.7,OpenChannel,11.9,10,0.05857544517338332,1.19,Medium Risk
"London, UK",51.486471,-0.184546,88.49,Residential,A,4.21,26.1,CurbInlet,52.0,5,0.15535055350553503,10.4,Low Risk
"Rotterdam, Netherlands",51.881165,4.458376,8.53,Green,B,3.41,91.69999999999999,OpenChannel,30.8,5,0.03678532901833873,6.16,Low Risk
"Pune, India",18.566523,73.879818,62.33,Roads,A,6.46,64.5,GratedInlet,42.4,5,0.09862595419847328,8.48,Low Risk
"Guangzhou, China",23.084975,113.294863,2.33,Roads,D,8.65,82.8,Manhole,60.6,25,0.1032219570405728,2.424,High Risk
"Delhi, India",28.548825,77.28749,52.25,Roads,D,5.75,89.6,CurbInlet,29.2,25,0.06346578366445917,1.168,Low Risk
"Seoul, South Korea",37.510694,126.950338,-0.97,Commercial,B,3.71,91.69999999999999,CurbInlet,14.3,10,0.04002157497303129,1.4300000000000002,Medium Risk
"Lagos, Nigeria",6.457545,3.592481,25.130000000000003,Informal,A,4.83,484.6,CurbInlet,46.3,2,0.00994645799011532,23.15,Low Risk
"Hanoi, Vietnam",20.976332,105.909185,34.21,Roads,D,8.35,82.7,GratedInlet,59.6,10,0.09976105137395459,5.96,Low Risk
"Rio de Janeiro, Brazil",-22.95048,-43.107141,16.09,Green,C,3.93,104.1,Manhole,102.1,25,0.03739295908658421,4.084,High Risk
"San Francisco, USA",37.831048,-122.392542,66.84,Roads,C,7.11,91.69999999999999,Manhole,18.1,5,0.07669902912621361,3.62,Low Risk
"Philadelphia, USA",39.991368,-75.222027,89.99,Residential,A,6.25,143.9,GratedInlet,39.1,10,0.04313319530710835,3.91,Low Risk
"Taipei, Taiwan",24.915641,121.535731,92.47,Residential,C,7.46,147.9,Manhole,31.1,50,0.05010073875083949,0.622,Low Risk
"Bengaluru, India",13.096619,77.745298,111.43,Residential,A,6.47,64.9,GratedInlet,29.9,5,0.09817905918057662,5.9799999999999995,Low Risk
"Rome, Italy",41.963134,12.411697,57.71,Residential,B,3.94,299.2,CurbInlet,33.9,5,0.01312458361092605,6.779999999999999,Low Risk
"Barcelona, Spain",41.450522,2.148901,25.130000000000003,Commercial,A,10.96,91.69999999999999,Manhole,33.0,5,0.11823085221143476,6.6,Low Risk
"Dubai, UAE",25.262453,55.290175,23.0,Roads,C,5.7,28.0,GratedInlet,32.3,5,0.19655172413793104,6.459999999999999,Low Risk
"Hanoi, Vietnam",21.06506,105.831464,33.82,Green,B,4.67,60.6,GratedInlet,48.0,5,0.0758116883116883,9.6,Low Risk
"Washington DC, USA",38.972791,-77.073906,78.27,Roads,C,4.97,54.5,Manhole,25.7,2,0.08954954954954955,12.85,Low Risk
"Rotterdam, Netherlands",52.070673,4.404017,11.59,Institutional,A,2.02,350.0,GratedInlet,27.7,2,0.005754985754985755,13.85,Medium Risk
"Mexico City, Mexico",19.442076,-99.139077,31.76,Residential,A,4.36,89.6,GratedInlet,43.5,5,0.04812362030905078,8.7,Low Risk
"Rome, Italy",41.96101,12.37277,73.87,Mixed,B,10.3,128.9,OpenChannel,30.9,2,0.07929176289453425,15.45,Low Risk
"Singapore, Singapore",1.412227,103.891056,18.29,Green,D,6.25,367.6,GratedInlet,38.8,5,0.01695604991861096,7.76,Low Risk
"Hamburg, Germany",53.539526,10.03608,3.33,Residential,B,4.56,72.0,GratedInlet,21.4,10,0.06246575342465753,2.1399999999999997,Medium Risk
"Barcelona, Spain",41.428525,2.1894,25.33,Industrial,C,6.25,45.5,GratedInlet,25.7,5,0.13440860215053763,5.14,Low Risk
"Brisbane, Australia",-27.544612,153.071716,58.05,Residential,D,6.25,23.1,Manhole,13.1,25,0.2593360995850622,0.524,Low Risk
"Tokyo, Japan",35.708829,139.649493,22.08,Industrial,C,6.82,445.0,CurbInlet,28.4,2,0.015291479820627804,14.2,Low Risk
"Buenos Aires, Argentina",-34.555028,-58.454621,-3.0,Residential,A,6.25,33.7,Manhole,58.9,10,0.18011527377521613,5.89,Medium Risk
"Sao Paulo, Brazil",-23.487059,-46.749838,9.83,Residential,A,4.48,44.3,Manhole,44.3,10,0.09889624724061812,4.43,Low Risk
"Singapore, Singapore",1.330576,103.715584,12.87,Commercial,B,5.25,41.2,GratedInlet,45.9,25,0.12440758293838862,1.8359999999999999,Low Risk
"Brisbane, Australia",-27.340339,153.135637,65.11,Commercial,A,9.53,52.5,GratedInlet,27.3,25,0.17813084112149533,1.092,Low Risk
"Mumbai, India",19.092199,72.943521,7.78,Residential,B,6.36,304.0,OpenChannel,29.7,5,0.020852459016393442,5.9399999999999995,Medium Risk
"Paris, France",48.904419,2.455045,25.130000000000003,Commercial,B,11.42,387.1,CurbInlet,50.5,25,0.02942540582324143,2.02,Low Risk
"Jakarta, Indonesia",-6.298172,106.880719,-0.12,Roads,B,6.72,70.2,CurbInlet,88.4,25,0.0943820224719101,3.536,High Risk
"Mumbai, India",18.979018,73.018621,16.15,Roads,D,6.87,258.5,OpenChannel,112.4,25,0.02647398843930636,4.496,High Risk
"Lagos, Nigeria",6.592352,3.488523,33.93,Water,B,2.09,296.4,CurbInlet,77.9,25,0.007027572293207801,3.116,Medium Risk
"Sao Paulo, Brazil",-23.534136,-46.579372,78.06,Residential,A,6.25,175.3,Manhole,42.6,2,0.03545093590470788,21.3,Low Risk
"Doha, Qatar",25.252322,51.539407,32.12,Green,B,4.69,95.6,GratedInlet,9.3,2,0.04855072463768117,4.65,Low Risk
"London, UK",51.485491,-0.146689,79.28,Roads,A,7.38,51.3,GratedInlet,36.3,50,0.14110898661567878,0.726,Low Risk
"Buenos Aires, Argentina",-34.531524,-58.471922,25.130000000000003,Roads,B,8.39,49.9,CurbInlet,31.0,5,0.16483300589390965,6.2,Low Risk
"Philadelphia, USA",39.971407,-75.106479,4.01,Roads,C,4.1,155.5,OpenChannel,24.0,10,0.026198083067092648,2.4,Medium Risk
"Chennai, India",13.091605,80.28485,7.64,Roads,C,4.22,91.69999999999999,Manhole,56.4,10,0.045523193096008635,5.64,Medium Risk
"Athens, Greece",37.866733,23.730246,6.08,Roads,D,9.48,61.6,GratedInlet,26.3,5,0.15143769968051118,5.26,Medium Risk
"Paris, France",48.728522,2.528125,17.32,Residential,B,6.37,28.9,CurbInlet,29.4,10,0.21304347826086958,2.94,Low Risk
"San Francisco, USA",37.742872,-122.357207,0.81,Residential,C,6.25,57.9,GratedInlet,21.1,2,0.10611205432937182,10.55,Medium Risk
"Shanghai, China",31.263069,121.456684,-2.79,Roads,A,9.14,91.69999999999999,Manhole,59.6,25,0.09859762675296657,2.384,Medium Risk
"Durban, South Africa",-29.757564,31.073678,-3.0,Mixed,C,10.19,105.5,OpenChannel,20.1,25,0.09568075117370892,0.804,Medium Risk
"Dubai, UAE",25.253629,55.225868,33.86,Residential,B,7.03,159.0,CurbInlet,24.5,5,0.043937500000000004,4.9,Low Risk
"Ahmedabad, India",23.045779,72.583178,59.89,Roads,A,7.19,27.8,Manhole,20.4,2,0.24965277777777778,10.2,Low Risk
"Philadelphia, USA",39.992433,-75.126319,25.130000000000003,Residential,B,7.73,42.7,OpenChannel,33.1,50,0.1768878718535469,0.662,Low Risk
"Bengaluru, India",12.995856,77.622202,9.84,Industrial,B,5.62,68.7,GratedInlet,37.5,5,0.0806312769010043,7.5,Low Risk
"Osaka, Japan",34.559784,135.409085,54.86,Mixed,C,4.91,91.69999999999999,OpenChannel,38.8,2,0.05296655879180152,19.4,Low Risk
"Seoul, South Korea",37.605762,126.963086,45.7,Informal,A,10.45,220.6,Manhole,31.0,25,0.04715703971119133,1.24,Low Risk
"Kolkata, India",22.555843,88.257818,70.48,Roads,D,8.44,111.7,Manhole,40.9,10,0.07488908606921028,4.09,Low Risk
"Philadelphia, USA",40.114737,-75.143184,22.35,Commercial,C,5.36,83.8,Manhole,33.5,5,0.06320754716981132,6.7,Low Risk
"Accra, Ghana",5.619345,-0.166021,16.15,Water,B,1.53,199.7,OpenChannel,106.4,10,0.007623318385650225,10.64,High Risk
"London, UK",51.582485,-0.093592,52.39,Commercial,C,5.16,72.2,GratedInlet,21.2,5,0.07049180327868852,4.24,Low Risk
"New York, USA",40.469026,-73.898442,10.38,Roads,D,4.97,51.5,Manhole,17.9,50,0.09466666666666666,0.358,Low Risk
"Kolkata, India",22.381509,88.363866,-3.0,Green,D,2.07,286.0,OpenChannel,13.7,25,0.007212543554006968,0.5479999999999999,High Risk
"Ahmedabad, India",22.958424,72.628355,50.67,Roads,B,6.09,96.0,CurbInlet,29.9,50,0.06278350515463918,0.598,Low Risk
"Tokyo, Japan",35.642743,139.610345,115.22,Roads,B,9.97,91.69999999999999,CurbInlet,21.1,5,0.10755124056094932,4.220000000000001,Low Risk
"Delhi, India",28.667313,77.171789,3.61,Green,C,7.72,31.3,Manhole,27.7,25,0.23900928792569662,1.1079999999999999,Medium Risk
"Paris, France",48.890238,2.281881,86.73,Informal,D,7.77,232.6,CurbInlet,17.8,25,0.03326198630136986,0.7120000000000001,Low Risk
"Buenos Aires, Argentina",-34.637909,-58.451537,14.56,Green,C,2.2,182.8,OpenChannel,27.4,10,0.011969532100108813,2.7399999999999998,Medium Risk
"Istanbul, Türkiye",40.94383,29.012533,3.14,Residential,B,4.49,160.0,CurbInlet,48.3,10,0.027888198757763976,4.83,Medium Risk
"Jakarta, Indonesia",-6.263678,106.699099,6.99,Industrial,D,9.2,70.8,Manhole,43.7,10,0.12813370473537605,4.37,Medium Risk
"Accra, Ghana",5.501045,-0.31867,14.89,Industrial,C,9.01,14.7,OpenChannel,37.9,5,0.5738853503184713,7.58,Low Risk
"Guangzhou, China",23.13066,113.311123,8.59,Residential,B,4.49,127.9,GratedInlet,96.1,25,0.034833204034134986,3.844,High Risk
"Jakarta, Indonesia",-6.129638,106.846254,27.7,Residential,D,4.05,21.9,CurbInlet,57.3,50,0.17685589519650655,1.146,Low Risk
"Kuala Lumpur, Malaysia",3.127104,101.743543,31.49,Residential,C,7.02,125.0,CurbInlet,59.8,10,0.05571428571428571,5.9799999999999995,Low Risk
"Seoul, South Korea",37.522017,126.963951,25.130000000000003,Roads,B,7.4,131.1,Manhole,30.5,5,0.056018168054504165,6.1,Low Risk
"Mumbai, India",19.075387,72.866257,8.39,Roads,D,6.25,247.9,OpenChannel,49.6,10,0.02511048613901165,4.96,Low Risk
"Karachi, Pakistan",24.906362,67.043272,85.99,Residential,A,3.62,75.6,Manhole,22.9,10,0.04725848563968669,2.29,Low Risk
"Colombo, Sri Lanka",6.926764,79.964027,11.45,Residential,A,3.41,91.69999999999999,OpenChannel,66.0,5,0.03678532901833873,13.2,Low Risk
"Chennai, India",12.971753,80.189964,21.13,Residential,D,7.33,112.6,CurbInlet,146.9,10,0.06452464788732394,14.690000000000001,High Risk
"Bangkok, Thailand",13.761988,100.512892,12.56,Commercial,B,6.25,140.7,GratedInlet,42.0,5,0.04410726887791108,8.4,Low Risk
"Lima, Peru",-12.077452,-77.123727,63.17,Green,D,6.08,108.1,OpenChannel,34.7,25,0.05572868927589368,1.3880000000000001,Low Risk
"Accra, Ghana",5.621065,-0.167653,13.0,Commercial,B,6.25,82.3,CurbInlet,32.0,50,0.07503001200480193,0.64,Low Risk
"Delhi, India",28.598775,77.327263,44.96,Roads,A,6.25,96.0,GratedInlet,22.8,100,0.06443298969072164,0.228,Low Risk
"Ho Chi Minh City, Vietnam",10.802583,106.639595,92.6,Institutional,C,6.25,133.0,Manhole,54.4,25,0.04664179104477612,2.176,Low Risk
"Rotterdam, Netherlands",51.868593,4.420131,7.27,Roads,B,10.09,252.9,CurbInlet,27.3,2,0.039740055139818826,13.65,Medium Risk
"Hong Kong, China",22.239929,114.104931,5.1,Residential,C,6.25,461.6,CurbInlet,120.8,25,0.013510592304366622,4.832,High Risk
"Hyderabad, India",17.461849,78.502935,49.8,Green,A,3.45,147.8,CurbInlet,54.9,10,0.023185483870967742,5.49,Low Risk
"Pune, India",18.489338,73.932663,38.04,Commercial,B,6.26,38.2,GratedInlet,29.4,10,0.15969387755102038,2.94,Low Risk
"Doha, Qatar",25.169715,51.669037,31.69,Residential,A,6.25,67.8,CurbInlet,22.3,50,0.09084302325581396,0.446,Low Risk
"Guangzhou, China",23.148222,113.215364,25.130000000000003,Green,B,4.01,355.0,Manhole,44.3,5,0.011264044943820224,8.86,Low Risk
"Rome, Italy",41.803617,12.487216,-3.0,Industrial,D,7.51,91.6,GratedInlet,63.8,10,0.08110151187904968,6.38,High Risk
"Chennai, India",13.092705,80.278673,6.76,Green,B,6.25,244.9,Manhole,82.8,50,0.025416836112240746,1.656,High Risk
"Bogotá, Colombia",4.705286,-74.032794,48.3,Roads,D,7.43,83.5,Manhole,30.2,2,0.08792899408284023,15.1,Low Risk
"Rotterdam, Netherlands",51.917995,4.490178,21.27,Residential,B,3.37,36.2,CurbInlet,53.1,50,0.09059139784946237,1.062,Low Risk
"Amsterdam, Netherlands",52.322792,4.935204,12.77,Roads,B,9.85,137.4,OpenChannel,37.9,10,0.07117052023121387,3.79,Low Risk
"Dubai, UAE",25.271056,55.398226,59.31,Roads,D,11.15,478.9,CurbInlet,31.4,5,0.023234007084809338,6.279999999999999,Low Risk
"Sao Paulo, Brazil",-23.557311,-46.654938,73.62,Roads,B,7.66,91.6,Manhole,26.6,100,0.08272138228941685,0.266,Low Risk
"Mexico City, Mexico",19.395159,-99.191503,25.130000000000003,Green,A,6.28,346.2,Manhole,43.2,25,0.018087557603686636,1.7280000000000002,Low Risk
"Istanbul, Türkiye",40.943331,29.028535,-3.0,Commercial,B,6.25,4.6,Manhole,52.8,10,1.1160714285714286,5.279999999999999,High Risk
"Houston, USA",29.814959,-95.325245,-3.0,Roads,A,6.25,96.4,GratedInlet,26.8,50,0.06416837782340862,0.536,Medium Risk
"Brisbane, Australia",-27.499348,153.047463,-3.0,Green,B,3.76,98.7,Manhole,59.4,5,0.037713139418254764,11.879999999999999,High Risk
"Shanghai, China",31.112199,121.483122,10.65,Residential,A,6.68,91.69999999999999,GratedInlet,23.9,5,0.0720604099244876,4.779999999999999,Low Risk
"Vancouver, Canada",49.254097,-122.992308,3.8,Mixed,A,11.85,77.4,CurbInlet,74.5,25,0.15114795918367346,2.98,Medium Risk
"Manila, Philippines",14.59056,121.022218,8.87,Roads,C,6.43,48.4,CurbInlet,49.4,25,0.13016194331983805,1.976,Low Risk
"Mumbai, India",19.117053,73.007688,8.8,Institutional,A,3.5,133.4,Manhole,70.1,25,0.026041666666666664,2.804,Low Risk
"Mexico City, Mexico",19.488129,-99.072101,59.09,Institutional,B,4.44,118.7,CurbInlet,24.4,25,0.037092731829573934,0.976,Low Risk
"Hyderabad, India",17.443307,78.351735,110.32,Commercial,B,6.22,62.6,Manhole,38.0,2,0.09779874213836477,19.0,Low Risk
"Seoul, South Korea",37.533384,126.879821,112.08,Industrial,B,8.62,228.9,OpenChannel,41.3,10,0.03749456285341452,4.13,Low Risk
"Washington DC, USA",38.819708,-77.063099,27.81,Roads,A,9.4,91.5,Manhole,22.5,2,0.10162162162162162,11.25,Low Risk
"Lima, Peru",-11.986187,-76.954354,0.02,Residential,B,6.93,176.7,CurbInlet,39.8,2,0.038998311761395614,19.9,Medium Risk
"San Francisco, USA",37.726372,-122.481088,-3.0,Water,D,6.49,176.9,OpenChannel,17.5,10,0.03648116919617763,1.75,High Risk
"Nairobi, Kenya",-1.319486,36.826243,-3.0,Roads,B,7.46,91.69999999999999,CurbInlet,44.4,10,0.08047464940668825,4.4399999999999995,Medium Risk
"Kolkata, India",22.560685,88.275529,29.41,Commercial,B,5.25,67.0,CurbInlet,42.0,2,0.07720588235294118,21.0,Low Risk
"Singapore, Singapore",1.160615,103.679864,12.77,Residential,B,4.28,81.8,OpenChannel,49.8,50,0.05169082125603865,0.996,Low Risk
"Dubai, UAE",25.122209,55.161431,15.77,Residential,B,5.9,61.0,CurbInlet,18.2,5,0.09516129032258065,3.6399999999999997,Low Risk
"Manila, Philippines",14.647308,120.966319,-3.0,Roads,D,5.04,59.5,Manhole,78.2,25,0.08330578512396694,3.128,High Risk
"Rio de Janeiro, Brazil",-23.022128,-43.209847,16.8,Mixed,B,9.33,14.9,GratedInlet,58.9,50,0.5867924528301887,1.178,Low Risk
"Cape Town, South Africa",-34.038614,18.436743,85.96,Industrial,D,6.25,91.69999999999999,Manhole,44.7,50,0.06742179072276161,0.894,Low Risk
"Paris, France",48.773623,2.362798,28.8,Residential,B,3.62,61.0,CurbInlet,51.9,5,0.05838709677419355,10.379999999999999,Low Risk
"Barcelona, Spain",41.405399,2.107381,13.09,Mixed,B,6.58,91.69999999999999,CurbInlet,47.1,25,0.07098166127292342,1.8840000000000001,Low Risk
"Hyderabad, India",17.34567,78.435331,47.43,Roads,B,4.54,115.8,CurbInlet,19.5,5,0.03886986301369863,3.9,Low Risk
"Durban, South Africa",-29.908283,31.042215,13.76,Industrial,C,10.15,154.6,OpenChannel,41.1,10,0.06523136246786633,4.11,Low Risk
"Riyadh, Saudi Arabia",24.733444,46.584946,108.86,Industrial,D,9.64,74.1,Manhole,36.8,5,0.12836218375499336,7.359999999999999,Low Risk
"Tehran, Iran",35.645564,51.461274,153.53,Roads,B,7.36,249.7,OpenChannel,16.9,5,0.029357798165137616,3.38,Low Risk
"Nairobi, Kenya",-1.331729,36.851342,47.56,Green,D,1.83,145.6,Manhole,29.4,2,0.012482946793997272,14.7,Medium Risk
"Durban, South Africa",-29.816668,30.933896,29.33,Residential,A,5.04,25.0,Manhole,25.1,10,0.19384615384615383,2.5100000000000002,Low Risk
"Philadelphia, USA",39.962015,-75.161309,36.1,Roads,B,4.97,243.2,OpenChannel,28.5,10,0.02035217035217035,2.85,Low Risk
"Ahmedabad, India",23.196883,72.733346,48.24,Roads,C,4.88,129.2,Manhole,66.9,50,0.03748079877112136,1.338,Low Risk
"Jakarta, Indonesia",-6.150071,106.69981,15.64,Industrial,A,6.2,60.0,Manhole,53.8,2,0.10163934426229508,26.9,Low Risk
"Colombo, Sri Lanka",6.782412,79.757041,7.66,Commercial,D,7.59,32.6,OpenChannel,44.4,5,0.22589285714285712,8.879999999999999,Medium Risk
"Lima, Peru",-11.999194,-77.046337,43.27,Industrial,A,7.37,33.1,GratedInlet,19.6,5,0.2161290322580645,3.9200000000000004,Low Risk
"Doha, Qatar",25.184421,51.583828,25.130000000000003,Roads,B,4.27,33.6,CurbInlet,20.6,5,0.12341040462427744,4.12,Low Risk
"Philadelphia, USA",39.830636,-75.160047,26.28,Commercial,B,5.14,13.6,OpenChannel,34.9,5,0.35205479452054794,6.9799999999999995,Low Risk
"Singapore, Singapore",1.409454,103.889985,9.54,Residential,B,3.25,91.69999999999999,GratedInlet,104.8,25,0.03505933117583603,4.192,High Risk
"London, UK",51.486246,-0.139597,38.75,Roads,D,9.66,192.9,OpenChannel,51.5,50,0.049819494584837545,1.03,Low Risk
"Jakarta, Indonesia",-6.244949,106.706336,20.6,Roads,A,6.07,225.3,OpenChannel,35.9,2,0.026822801590808663,17.95,Low Risk
"Mexico City, Mexico",19.548505,-99.064033,18.59,Water,B,1.81,229.5,GratedInlet,47.4,10,0.007852494577006508,4.74,Medium Risk
"San Francisco, USA",37.852055,-122.430698,25.130000000000003,Residential,C,6.73,17.2,Manhole,56.0,2,0.3697802197802198,28.0,Low Risk
"Pune, India",18.386667,73.967328,51.25,Roads,B,5.87,91.69999999999999,OpenChannel,36.4,5,0.06332254584681771,7.279999999999999,Low Risk
"Vancouver, Canada",49.239396,-123.140558,15.27,Water,C,7.14,49.1,GratedInlet,23.1,10,0.14251497005988023,2.31,Low Risk
"Chennai, India",13.074335,80.220845,14.61,Residential,B,4.95,162.3,OpenChannel,70.9,50,0.030312308634415187,1.4180000000000001,Low Risk
"Miami, USA",25.755035,-79.975037,5.29,Residential,A,2.69,21.7,GratedInlet,28.3,2,0.11850220264317181,14.15,Medium Risk
"Istanbul, Türkiye",40.889105,29.058041,101.53,Commercial,B,10.58,135.7,CurbInlet,53.9,50,0.07739575713240673,1.078,Low Risk
"Barcelona, Spain",41.463531,2.082965,12.51,Residential,C,7.31,69.7,GratedInlet,51.8,50,0.10339462517680338,1.036,Low Risk
"Lagos, Nigeria",6.555921,3.406728,21.92,Commercial,C,10.43,363.4,OpenChannel,36.9,2,0.02862239297475302,18.45,Low Risk
"Lima, Peru",-12.059378,-77.080852,29.21,Green,B,2.46,333.8,CurbInlet,30.6,50,0.007347670250896057,0.612,Medium Risk
"Lagos, Nigeria",6.513477,3.441327,-3.0,Roads,C,6.7,98.9,CurbInlet,39.1,5,0.06706706706706707,7.82,High Risk
"Buenos Aires, Argentina",-34.53649,-58.348884,70.81,Mixed,A,7.2,190.2,OpenChannel,25.0,5,0.03765690376569038,5.0,Low Risk
"New Orleans, USA",29.956204,-90.08749,8.71,Commercial,C,6.71,91.3,GratedInlet,24.4,25,0.07269772481040086,0.976,Low Risk
"Durban, South Africa",-29.835853,30.98201,77.37,Roads,C,10.47,22.5,CurbInlet,20.9,10,0.44553191489361704,2.09,Low Risk
"Shenzhen, China",22.655303,113.931653,1.6,Commercial,D,8.32,28.9,CurbInlet,57.1,2,0.2782608695652174,28.55,High Risk
"Bangkok, Thailand",13.86683,100.382149,19.54,Industrial,B,4.78,79.0,CurbInlet,97.0,2,0.059750000000000004,48.5,High Risk
"Auckland, New Zealand",-36.782513,174.791502,70.32,Green,D,3.82,236.3,OpenChannel,26.7,50,0.016097766540244415,0.534,Low Risk
"Durban, South Africa",-29.864562,30.996099,-3.0,Residential,D,3.96,54.4,CurbInlet,30.2,25,0.07148014440433213,1.208,High Risk
"Bangkok, Thailand",13.695715,100.533076,2.99,Residential,D,6.68,105.6,GratedInlet,33.9,5,0.06266416510318949,6.779999999999999,Medium Risk
"Rome, Italy",41.936646,12.538349,29.11,Roads,A,5.54,91.69999999999999,CurbInlet,72.7,25,0.05976267529665589,2.908,Low Risk
"Karachi, Pakistan",24.871737,67.003027,88.89,Commercial,A,4.47,65.6,CurbInlet,32.1,2,0.06711711711711713,16.05,Low Risk
"San Francisco, USA",37.690249,-122.392396,46.22,Commercial,C,8.42,154.1,GratedInlet,15.0,5,0.054287556415215994,3.0,Low Risk
"Sao Paulo, Brazil",-23.496734,-46.433007,19.87,Commercial,C,4.55,57.2,Manhole,47.5,2,0.0781786941580756,23.75,Low Risk
"Singapore, Singapore",1.271992,103.805096,14.19,Roads,B,8.52,84.4,OpenChannel,60.0,25,0.09976580796252926,2.4,Low Risk
"Rome, Italy",42.026394,12.391153,48.77,Residential,D,2.9,102.2,GratedInlet,41.1,10,0.028100775193798447,4.11,Medium Risk
"Sao Paulo, Brazil",-23.507695,-46.765201,128.63,Residential,C,5.68,93.4,CurbInlet,57.9,25,0.060169491525423724,2.316,Low Risk
"Riyadh, Saudi Arabia",24.904087,46.524995,25.130000000000003,Commercial,D,3.6,30.2,Manhole,18.0,5,0.11538461538461539,3.6,Low Risk
"Durban, South Africa",-29.904586,31.047679,34.79,Industrial,B,5.55,507.0,CurbInlet,18.1,2,0.0109251968503937,9.05,Low Risk
"Hanoi, Vietnam",21.007812,105.847113,122.69,Residential,C,6.98,33.5,OpenChannel,53.1,5,0.20231884057971017,10.620000000000001,Low Risk
"Osaka, Japan",34.617177,135.531037,106.75,Industrial,B,10.24,23.1,GratedInlet,31.2,2,0.42489626556016596,15.6,Low Risk
"Brisbane, Australia",-27.476446,152.988144,47.72,Residential,C,8.49,22.8,GratedInlet,23.0,2,0.35672268907563026,11.5,Low Risk
"Houston, USA",29.797016,-95.385727,2.67,Commercial,B,11.48,38.5,GratedInlet,26.1,10,0.29063291139240505,2.6100000000000003,Medium Risk
"New York, USA",40.655767,-73.973597,47.77,Residential,C,3.51,38.3,Manhole,39.9,5,0.08931297709923665,7.9799999999999995,Low Risk
"Rotterdam, Netherlands",52.020667,4.48802,17.01,Green,C,4.27,292.0,Manhole,28.6,2,0.014573378839590442,14.3,Low Risk
"Guangzhou, China",23.090813,113.237465,-1.15,Green,A,5.74,254.0,CurbInlet,74.9,10,0.02250980392156863,7.49,Medium Risk
"Washington DC, USA",38.968952,-77.014721,89.08,Residential,D,3.66,131.1,GratedInlet,28.0,10,0.02770628311884936,2.8,Low Risk
"Karachi, Pakistan",24.797458,66.813457,101.91,Institutional,C,5.03,231.1,CurbInlet,36.8,5,0.02167169323567428,7.359999999999999,Low Risk
"Chennai, India",13.085968,80.268848,17.48,Industrial,D,6.68,409.9,OpenChannel,87.2,50,0.01625699683621319,1.744,High Risk
"Cape Town, South Africa",-34.062037,18.40062,41.31,Mixed,C,5.81,90.8,CurbInlet,31.7,2,0.06328976034858387,15.85,Low Risk
"Auckland, New Zealand",-36.874419,174.887109,62.75,Residential,B,4.15,61.7,Manhole,56.2,5,0.06618819776714514,11.24,Low Risk
"Shenzhen, China",22.518045,114.052657,-3.0,Roads,C,9.45,49.8,CurbInlet,111.8,25,0.1860236220472441,4.4719999999999995,High Risk
"Amsterdam, Netherlands",52.477076,4.916432,3.67,Roads,C,5.32,69.6,CurbInlet,10.1,25,0.07535410764872522,0.40399999999999997,Medium Risk
"Singapore, Singapore",1.235723,103.753477,11.63,Industrial,B,10.28,274.9,OpenChannel,77.8,25,0.03725987676694455,3.112,Low Risk
"Rotterdam, Netherlands",51.92346,4.398333,1.87,Industrial,D,6.25,52.7,Manhole,43.6,5,0.11638733705772811,8.72,High Risk
"Manila, Philippines",14.62007,121.050932,23.82,Green,D,6.25,216.8,OpenChannel,73.1,25,0.02869605142332415,2.924,Low Risk
"Taipei, Taiwan",24.940458,121.604363,25.130000000000003,Residential,D,2.76,48.6,Manhole,49.9,25,0.05564516129032258,1.996,Medium Risk
"Osaka, Japan",34.564401,135.491588,8.8,Roads,C,4.68,88.8,GratedInlet,59.0,100,0.05211581291759465,0.59,Low Risk
"Accra, Ghana",5.492264,-0.166883,13.4,Residential,C,3.49,61.9,GratedInlet,150.0,100,0.05548489666136725,1.5,High Risk
"Lagos, Nigeria",6.662943,3.494447,27.26,Residential,A,3.83,126.0,OpenChannel,48.0,10,0.03015748031496063,4.8,Low Risk
"Athens, Greece",37.910108,23.689854,54.09,Industrial,D,8.38,409.6,OpenChannel,30.0,25,0.02040915733073551,1.2,Low Risk
"Tokyo, Japan",35.676908,139.715177,41.42,Green,C,4.2,139.8,GratedInlet,31.8,50,0.029829545454545452,0.636,Low Risk
"Copenhagen, Denmark",55.705705,12.593475,22.61,Industrial,C,9.35,27.3,GratedInlet,22.8,2,0.33038869257950526,11.4,Low Risk
"Karachi, Pakistan",24.836456,66.972998,83.99,Commercial,B,9.59,47.6,CurbInlet,58.0,10,0.19732510288065844,5.8,Low Risk
"Taipei, Taiwan",24.916641,121.583707,100.83,Commercial,B,4.28,74.7,Manhole,38.2,10,0.05653896961690885,3.8200000000000003,Low Risk
"Sao Paulo, Brazil",-23.464615,-46.611385,38.38,Commercial,C,7.45,34.5,OpenChannel,42.1,25,0.20985915492957746,1.6840000000000002,Low Risk
"Kolkata, India",22.539001,88.465002,85.38,Green,B,2.25,174.5,Manhole,57.0,2,0.01282051282051282,28.5,Medium Risk
"Cape Town, South Africa",-33.918674,18.451922,50.24,Residential,D,5.67,48.0,GratedInlet,18.2,5,0.11571428571428571,3.6399999999999997,Low Risk
"Delhi, India",28.635472,77.344476,76.8,Industrial,D,6.57,36.1,CurbInlet,62.2,2,0.177088948787062,31.1,Low Risk
"Hanoi, Vietnam",21.088588,105.857753,-3.0,Industrial,B,8.54,115.0,CurbInlet,32.6,5,0.0736206896551724,6.5200000000000005,Medium Risk
"Istanbul, Türkiye",40.957551,29.10837,24.83,Residential,C,6.25,18.5,Manhole,40.0,2,0.32051282051282054,20.0,Low Risk
"Osaka, Japan",34.74935,135.550278,-3.0,Green,D,2.67,292.1,CurbInlet,39.5,10,0.009109518935516887,3.95,High Risk
"Ahmedabad, India",22.868827,72.758322,35.78,Industrial,A,5.79,91.69999999999999,CurbInlet,24.6,2,0.06245954692556635,12.3,Low Risk
"Bogotá, Colombia",4.719281,-74.137331,-3.0,Residential,A,3.75,150.4,CurbInlet,24.7,25,0.02476882430647292,0.988,Medium Risk
"Vancouver, Canada",49.333262,-123.025642,13.1,Mixed,A,6.25,7.4,GratedInlet,61.9,2,0.7440476190476191,30.95,Low Risk
"Guangzhou, China",23.285744,113.283006,25.130000000000003,Residential,A,4.58,12.6,CurbInlet,75.2,10,0.33676470588235297,7.5200000000000005,Low Risk
"Tokyo, Japan",35.813078,139.651669,-0.71,Industrial,D,6.84,92.2,Manhole,34.9,5,0.07339055793991416,6.9799999999999995,High Risk
"Athens, Greece",37.961924,23.775224,25.130000000000003,Green,C,6.25,351.0,Manhole,54.4,10,0.01775568181818182,5.4399999999999995,Low Risk
"Cape Town, South Africa",-33.969035,18.322638,202.72,Industrial,D,7.12,162.6,CurbInlet,35.0,2,0.043520782396088024,17.5,Low Risk
"Singapore, Singapore",1.349995,103.856521,19.45,Residential,A,7.08,130.4,CurbInlet,65.6,10,0.053881278538812784,6.56,Low Risk
"Karachi, Pakistan",24.891112,67.095459,25.130000000000003,Industrial,B,4.92,400.0,CurbInlet,18.0,10,0.012269326683291771,1.8,Low Risk
"Ho Chi Minh City, Vietnam",10.801121,106.658887,10.88,Green,B,8.17,147.3,CurbInlet,70.5,100,0.05509103169251517,0.705,Low Risk
"Osaka, Japan",34.503467,135.566862,97.81,Commercial,D,10.51,91.69999999999999,OpenChannel,29.6,10,0.11337648327939591,2.96,Low Risk
"Houston, USA",29.734851,-95.367471,81.43,Mixed,B,3.79,30.3,Manhole,20.4,10,0.12108626198083067,2.04,Low Risk
"Karachi, Pakistan",24.845006,67.137882,230.96,Residential,C,4.31,170.9,Manhole,34.4,5,0.025072716695753342,6.88,Low Risk
"Rome, Italy",41.886342,12.522925,-3.0,Mixed,A,6.0,122.6,Manhole,18.2,2,0.04854368932038835,9.1,Medium Risk
"Rotterdam, Netherlands",51.925171,4.543845,8.06,Roads,A,8.28,114.2,OpenChannel,40.6,2,0.071875,20.3,Low Risk
"Mumbai, India",19.059062,72.939655,2.8,Residential,A,6.25,35.9,CurbInlet,57.3,5,0.16937669376693767,11.459999999999999,Medium Risk
"Accra, Ghana",5.653046,-0.213407,13.38,Residential,B,5.17,97.1,Manhole,61.7,5,0.0527013251783894,12.34,Low Risk
"Miami, USA",25.687468,-80.178397,7.89,Water,B,7.01,162.5,OpenChannel,53.8,10,0.04287461773700306,5.38,Medium Risk
"London, UK",51.648201,0.009707,50.63,Residential,B,5.2,96.8,CurbInlet,38.2,5,0.053169734151329244,7.640000000000001,Low Risk
"Rio de Janeiro, Brazil",-22.847835,-43.168922,3.53,Roads,A,4.43,33.8,Manhole,62.4,10,0.12729885057471266,6.24,Medium Risk
"Buenos Aires, Argentina",-34.684341,-58.387273,-3.0,Commercial,C,11.16,79.2,Manhole,24.6,50,0.13915211970074812,0.49200000000000005,Medium Risk
"Shanghai, China",31.340696,121.3909,16.21,Roads,B,8.98,92.5,CurbInlet,17.2,10,0.09604278074866311,1.72,Low Risk
"Accra, Ghana",5.713856,-0.155188,19.23,Roads,A,3.93,28.7,GratedInlet,93.6,50,0.13232323232323234,1.8719999999999999,High Risk
"Seoul, South Korea",37.624126,126.997375,48.6,Green,B,7.27,60.5,OpenChannel,54.8,2,0.11821138211382114,27.4,Low Risk
"Riyadh, Saudi Arabia",24.748862,46.707945,31.08,Roads,C,10.01,79.1,Manhole,14.6,2,0.12496878901373284,7.3,Low Risk
"Bogotá, Colombia",4.827368,-74.079459,86.14,Industrial,B,5.06,207.1,CurbInlet,37.8,2,0.02431523306102835,18.9,Low Risk
"Amsterdam, Netherlands",52.369307,4.893947,25.130000000000003,Residential,B,3.17,16.0,GratedInlet,34.8,5,0.1864705882352941,6.959999999999999,Low Risk
"Lima, Peru",-12.121319,-76.973366,-3.0,Roads,A,5.87,26.6,CurbInlet,49.7,50,0.21268115942028984,0.9940000000000001,Medium Risk
"Jakarta, Indonesia",-6.214388,106.7287,2.29,Commercial,B,7.71,91.69999999999999,CurbInlet,140.8,50,0.08317152103559872,2.8160000000000003,High Risk
"Vancouver, Canada",49.229423,-123.064892,0.54,Green,B,1.54,255.5,GratedInlet,23.1,50,0.006003898635477583,0.462,Medium Risk
"Auckland, New Zealand",-36.777294,174.72991,52.24,Institutional,B,5.86,80.8,Manhole,35.8,5,0.07163814180929096,7.159999999999999,Low Risk
"Seoul, South Korea",37.550299,127.093896,-3.0,Commercial,D,9.75,82.6,GratedInlet,49.7,10,0.11662679425837322,4.970000000000001,High Risk
"Chennai, India",13.158168,80.346084,10.05,Green,D,3.9,523.1,CurbInlet,103.8,25,0.007441327990841442,4.152,High Risk
"Auckland, New Zealand",-36.887958,174.707513,58.0,Mixed,C,8.37,52.6,GratedInlet,51.0,2,0.15615671641791043,25.5,Low Risk
"Philadelphia, USA",39.95512,-75.114547,38.1,Roads,A,8.24,17.4,Manhole,30.7,25,0.44782608695652176,1.228,Low Risk
"Ho Chi Minh City, Vietnam",10.766218,106.701474,9.42,Roads,B,10.36,121.9,CurbInlet,28.2,10,0.08429617575264442,2.82,Low Risk
"Ahmedabad, India",23.109766,72.510081,26.84,Roads,A,5.28,110.4,GratedInlet,28.4,25,0.0473967684021544,1.136,Low Risk
"Mexico City, Mexico",19.411528,-98.989933,8.49,Industrial,B,4.15,40.7,GratedInlet,16.9,50,0.09952038369304557,0.33799999999999997,Low Risk
"London, UK",51.606573,-0.061731,27.18,Roads,D,6.11,7.1,Manhole,59.8,10,0.7543209876543211,5.9799999999999995,Low Risk
"Osaka, Japan",34.727556,135.373805,-3.0,Residential,A,4.33,215.2,CurbInlet,13.6,10,0.020027752081406107,1.3599999999999999,Medium Risk
"Dubai, UAE",25.317464,55.26053,21.61,Roads,B,5.48,47.4,CurbInlet,30.4,2,0.11322314049586778,15.2,Low Risk
"Rio de Janeiro, Brazil",-22.959798,-43.216563,4.43,Commercial,A,3.18,164.7,CurbInlet,43.9,10,0.0191913095956548,4.39,Medium Risk
"Ho Chi Minh City, Vietnam",10.915452,106.656895,6.17,Residential,B,5.72,128.2,CurbInlet,95.8,25,0.04427244582043344,3.832,High Risk
"Shenzhen, China",22.416014,113.990211,4.77,Residential,B,6.08,112.2,GratedInlet,37.6,25,0.05371024734982332,1.504,Medium Risk
"Tokyo, Japan",35.730363,139.661608,88.18,Residential,D,5.71,91.69999999999999,GratedInlet,20.6,2,0.061596548004315,10.3,Low Risk
"Brisbane, Australia",-27.514029,152.932383,36.66,Residential,D,2.07,129.5,CurbInlet,28.5,10,0.01586206896551724,2.85,Medium Risk
"Paris, France",48.864973,2.399368,41.55,Roads,A,8.76,32.7,GratedInlet,7.0,5,0.2599406528189911,1.4,Low Risk
"Dubai, UAE",25.284412,55.322374,96.86,Residential,A,5.31,26.7,CurbInlet,28.8,25,0.19169675090252708,1.1520000000000001,Low Risk
"Seoul, South Korea",37.591389,126.960039,21.32,Residential,B,4.41,51.2,Manhole,35.5,10,0.08448275862068966,3.55,Low Risk
"Riyadh, Saudi Arabia",24.796394,46.658875,111.79,Roads,B,7.71,53.7,Manhole,21.5,10,0.1409506398537477,2.15,Low Risk
"Bengaluru, India",13.037432,77.493175,25.130000000000003,Green,B,4.83,112.9,Manhole,20.9,2,0.04240561896400351,10.45,Low Risk
"Vancouver, Canada",49.226887,-123.141713,2.14,Commercial,A,6.37,227.0,OpenChannel,25.8,5,0.02793859649122807,5.16,Medium Risk
"Washington DC, USA",39.025691,-77.044375,60.72,Roads,D,6.25,73.1,OpenChannel,14.5,2,0.08434547908232119,7.25,Low Risk
"Sao Paulo, Brazil",-23.53946,-46.609679,40.4,Industrial,D,6.19,91.69999999999999,CurbInlet,109.5,10,0.06677454153182309,10.95,High Risk
"Seoul, South Korea",37.55904,126.911568,55.37,Commercial,B,8.6,511.3,CurbInlet,43.7,5,0.016787038844427095,8.74,Low Risk
"Kolkata, India",22.529005,88.303404,32.44,Green,A,1.78,74.9,OpenChannel,67.3,10,0.023451910408432145,6.7299999999999995,Medium Risk
"Buenos Aires, Argentina",-34.576375,-58.36159,59.71,Commercial,B,5.04,58.0,Manhole,38.9,5,0.08542372881355932,7.779999999999999,Low Risk
"Tokyo, Japan",35.706335,139.638521,92.96,Residential,A,2.77,91.69999999999999,Manhole,23.5,10,0.029881337648327944,2.35,Medium Risk
"Chennai, India",13.100024,80.240578,8.26,Green,D,6.25,98.5,Manhole,42.0,5,0.06281407035175879,8.4,Low Risk
"Istanbul, Türkiye",41.029481,28.879465,74.66,Commercial,B,7.14,41.0,OpenChannel,46.5,10,0.16999999999999998,4.65,Low Risk
"New York, USA",40.721553,-73.90918,8.62,Green,C,4.78,91.69999999999999,Manhole,41.4,5,0.051564185544768076,8.28,Low Risk
"Athens, Greece",38.016074,23.719803,59.37,Residential,B,6.25,189.7,CurbInlet,15.9,10,0.03277399056109072,1.59,Low Risk
"Dhaka, Bangladesh",23.765604,90.299735,104.12,Residential,A,4.37,173.4,Manhole,81.2,50,0.025057339449541284,1.624,High Risk
"Buenos Aires, Argentina",-34.715362,-58.318522,13.39,Roads,D,4.34,48.8,GratedInlet,37.3,2,0.08714859437751005,18.65,Low Risk
"Taipei, Taiwan",24.979429,121.44545,115.02,Roads,A,7.56,55.7,Manhole,61.7,10,0.13333333333333333,6.17,Low Risk
"Kuala Lumpur, Malaysia",3.106396,101.66905,21.13,Green,C,6.78,78.4,GratedInlet,42.7,5,0.0853904282115869,8.540000000000001,Low Risk
"Doha, Qatar",25.274993,51.57755,7.68,Green,D,2.28,149.3,OpenChannel,17.5,2,0.015169660678642713,8.75,Medium Risk
"Seoul, South Korea",37.562224,126.881014,49.71,Roads,C,6.44,12.9,OpenChannel,82.0,25,0.4633093525179856,3.28,High Risk
"Guangzhou, China",23.12453,113.428776,10.34,Residential,B,4.27,202.0,OpenChannel,48.1,10,0.021034482758620687,4.8100000000000005,Low Risk
"Auckland, New Zealand",-36.937066,174.75811,83.5,Institutional,B,7.31,91.69999999999999,GratedInlet,30.2,2,0.07885652642934197,15.1,Low Risk
"Miami, USA",25.800998,-80.113941,7.22,Commercial,B,7.95,64.3,OpenChannel,61.8,5,0.12174578866768761,12.36,Medium Risk
"Philadelphia, USA",39.989085,-75.233734,61.93,Roads,B,5.75,57.9,CurbInlet,33.6,2,0.09762308998302208,16.8,Low Risk
"Rome, Italy",41.799145,12.562069,119.8,Water,B,5.05,371.9,Manhole,36.0,2,0.01354250469294717,18.0,Low Risk
"Rotterdam, Netherlands",51.920018,4.585554,-3.0,Industrial,B,6.25,91.69999999999999,CurbInlet,10.8,10,0.06742179072276161,1.08,Medium Risk
"New Orleans, USA",29.972918,-89.890887,-2.2,Green,D,3.73,110.3,Manhole,62.6,2,0.03351302785265049,31.3,High Risk
"Chennai, India",13.050758,80.290913,17.82,Water,D,6.25,181.7,OpenChannel,63.7,10,0.034209085933223866,6.37,Low Risk
"New York, USA",40.794321,-74.021741,75.91,Residential,D,5.86,66.7,CurbInlet,33.9,2,0.08655834564254063,16.95,Low Risk
"Bengaluru, India",12.95821,77.647817,69.99,Residential,B,6.99,160.8,OpenChannel,25.4,2,0.04320148331273176,12.7,Low Risk
"Delhi, India",28.496687,77.09244,61.12,Commercial,A,9.74,91.69999999999999,GratedInlet,18.8,5,0.10507011866235169,3.7600000000000002,Low Risk
"New York, USA",40.71672,-73.861444,58.78,Industrial,D,8.11,133.6,OpenChannel,32.9,5,0.06025260029717682,6.58,Low Risk
"Amsterdam, Netherlands",52.427907,4.939044,10.62,Industrial,C,5.63,91.69999999999999,Manhole,37.3,5,0.06073354908306365,7.459999999999999,Low Risk
"Barcelona, Spain",41.332087,2.167525,1.11,Green,A,6.25,351.6,GratedInlet,62.9,2,0.01772546795235394,31.45,Medium Risk
"Singapore, Singapore",1.483285,103.900062,11.06,Commercial,C,10.0,56.9,Manhole,144.7,25,0.17271157167530224,5.787999999999999,High Risk
"Manila, Philippines",14.566038,120.852999,3.15,Commercial,A,6.33,97.0,Manhole,31.9,10,0.06459183673469387,3.19,Medium Risk
"Dubai, UAE",25.184891,55.225678,123.34,Green,B,6.46,91.69999999999999,OpenChannel,25.3,5,0.0696871628910464,5.0600000000000005,Low Risk
"Paris, France",48.836778,2.310792,77.21,Residential,B,2.79,156.2,CurbInlet,56.0,25,0.017748091603053438,2.24,Medium Risk
"Paris, France",48.922826,2.352367,79.62,Industrial,C,9.19,240.0,CurbInlet,16.2,10,0.03813278008298755,1.6199999999999999,Low Risk
"Rio de Janeiro, Brazil",-22.950281,-43.215423,6.64,Roads,B,7.96,406.7,CurbInlet,35.4,2,0.019524159921510915,17.7,Medium Risk
"Lagos, Nigeria",6.654152,3.309417,9.39,Residential,D,7.34,91.69999999999999,GratedInlet,92.6,100,0.07918015102481123,0.9259999999999999,High Risk
"Karachi, Pakistan",24.790519,67.083915,27.84,Residential,A,8.56,282.5,OpenChannel,44.9,2,0.030194003527336862,22.45,Low Risk
"Barcelona, Spain",41.384355,2.196118,20.01,Commercial,A,6.25,91.69999999999999,OpenChannel,51.6,2,0.06742179072276161,25.8,Low Risk
"Seoul, South Korea",37.646547,127.056846,48.99,Roads,B,5.44,181.7,CurbInlet,43.4,50,0.029775588396278054,0.868,Low Risk
"Tehran, Iran",35.69927,51.368767,23.53,Green,B,6.25,78.8,CurbInlet,25.5,10,0.07832080200501254,2.55,Low Risk
"Barcelona, Spain",41.354655,2.116044,3.97,Industrial,D,8.4,134.8,CurbInlet,63.2,10,0.06185567010309278,6.32,High Risk
"Seoul, South Korea",37.451059,127.095087,27.41,Mixed,B,5.57,92.1,Manhole,19.8,2,0.05982814178302901,9.9,Low Risk
"Barcelona, Spain",41.33393,2.079141,11.55,Residential,D,2.68,91.69999999999999,GratedInlet,36.8,2,0.02891046386192018,18.4,Medium Risk
"Hyderabad, India",17.395219,78.467234,-3.0,Green,B,5.98,317.8,CurbInlet,67.3,25,0.01875784190715182,2.6919999999999997,Medium Risk
"Paris, France",48.785642,2.295906,0.91,Roads,C,4.14,212.8,OpenChannel,19.2,5,0.019363891487371374,3.84,Medium Risk
"Pune, India",18.557733,73.835559,18.49,Residential,B,7.4,21.9,CurbInlet,34.7,50,0.3231441048034935,0.6940000000000001,Low Risk
"Hanoi, Vietnam",21.155727,105.927384,95.78,Roads,C,10.3,84.3,CurbInlet,58.2,2,0.12075029308323565,29.1,Low Risk
"Hong Kong, China",22.385708,114.091498,19.32,Residential,D,3.69,84.0,GratedInlet,59.5,2,0.04341176470588235,29.75,Low Risk
"Miami, USA",25.687676,-80.224335,24.24,Industrial,B,6.25,146.8,CurbInlet,48.1,10,0.042286874154262515,4.8100000000000005,Low Risk
"Nairobi, Kenya",-1.266473,36.854011,40.6,Industrial,C,6.25,102.2,CurbInlet,18.3,2,0.060562015503875966,9.15,Low Risk
"Karachi, Pakistan",24.743924,67.064448,76.74,Green,C,1.93,181.7,CurbInlet,36.9,2,0.01056376573617953,18.45,Medium Risk
"Athens, Greece",37.928723,23.771009,79.46,Residential,A,6.72,151.7,GratedInlet,44.0,50,0.04400785854616896,0.88,Low Risk
"Tokyo, Japan",35.697292,139.727487,-3.0,Industrial,B,8.85,119.6,GratedInlet,24.5,25,0.07338308457711443,0.98,Medium Risk
"Dubai, UAE",25.165849,55.274383,52.63,Commercial,B,6.32,21.2,GratedInlet,28.7,2,0.2846846846846847,14.35,Low Risk
"Ahmedabad, India",23.033187,72.516645,57.11,Residential,B,6.74,4.4,GratedInlet,85.7,10,1.248148148148148,8.57,High Risk
"London, UK",51.606119,-0.199949,4.53,Commercial,B,5.29,77.2,GratedInlet,29.1,5,0.06764705882352941,5.82,Medium Risk
"New York, USA",40.724905,-73.955546,18.97,Roads,B,6.25,38.3,Manhole,18.7,10,0.15903307888040713,1.8699999999999999,Low Risk
"Rotterdam, Netherlands",51.918612,4.556792,14.91,Commercial,D,7.79,322.1,CurbInlet,21.3,2,0.02411018260600433,10.65,Low Risk
"Shenzhen, China",22.412241,114.007163,20.16,Water,A,6.92,174.4,CurbInlet,45.3,100,0.03945267958950969,0.45299999999999996,Low Risk
"Rotterdam, Netherlands",51.806263,4.414151,11.25,Residential,A,7.23,2.9,CurbInlet,16.9,10,1.853846153846154,1.69,Low Risk
"Amsterdam, Netherlands",52.298764,4.857421,8.56,Commercial,C,8.19,206.2,OpenChannel,25.9,10,0.039527027027027026,2.59,Low Risk
"Istanbul, Türkiye",41.027308,29.009141,-1.13,Commercial,A,5.62,62.5,Manhole,55.2,5,0.08850393700787401,11.040000000000001,Medium Risk
"Lagos, Nigeria",6.474107,3.442357,12.03,Roads,B,5.15,29.0,Manhole,77.9,10,0.1716666666666667,7.790000000000001,Low Risk
"Seoul, South Korea",37.492462,126.990787,8.83,Green,C,6.0,176.6,Manhole,22.4,25,0.033783783783783786,0.8959999999999999,Low Risk
"Bengaluru, India",12.961648,77.58493,117.67,Commercial,A,6.25,62.0,Manhole,17.7,100,0.0992063492063492,0.177,Low Risk
"Tokyo, Japan",35.680356,139.662405,25.55,Industrial,A,6.25,127.8,GratedInlet,39.1,2,0.04852484472049689,19.55,Low Risk
"London, UK",51.497118,-0.041803,81.24,Commercial,D,7.93,50.7,GratedInlet,44.7,2,0.15338491295938103,22.35,Low Risk
"Ho Chi Minh City, Vietnam",10.92502,106.675929,-3.0,Commercial,A,8.67,148.9,CurbInlet,64.4,10,0.05783855903935957,6.44,Medium Risk
"Athens, Greece",37.892256,23.797698,50.78,Roads,C,6.32,82.2,CurbInlet,28.4,5,0.07596153846153847,5.68,Low Risk
"Dubai, UAE",25.244772,55.186025,93.3,Roads,D,9.06,9.3,CurbInlet,18.3,2,0.8796116504854369,9.15,Low Risk
"Durban, South Africa",-29.923792,30.997219,24.4,Commercial,C,9.62,160.7,Manhole,40.5,5,0.059492888064316636,8.1,Low Risk
"Tokyo, Japan",35.57812,139.625853,11.01,Green,B,6.59,302.2,CurbInlet,32.2,10,0.021734828496042215,3.22,Low Risk
"Vancouver, Canada",49.238915,-123.121716,12.72,Commercial,A,8.43,125.6,CurbInlet,24.9,2,0.06658767772511849,12.45,Low Risk
"Ahmedabad, India",23.03801,72.5872,35.42,Residential,D,7.53,265.5,OpenChannel,28.9,50,0.028255159474671672,0.578,Low Risk
"Rio de Janeiro, Brazil",-22.858851,-43.25054,21.91,Roads,B,8.14,34.7,Manhole,150.0,100,0.2280112044817927,1.5,High Risk
"Rio de Janeiro, Brazil",-22.994501,-43.101616,25.130000000000003,Residential,C,6.0,26.9,GratedInlet,62.9,5,0.21505376344086022,12.58,Low Risk
"Montreal, Canada",45.500057,-73.586596,76.27,Commercial,B,11.15,381.2,OpenChannel,39.1,2,0.029173207744636317,19.55,Low Risk
"San Francisco, USA",37.826049,-122.328795,21.89,Commercial,C,6.25,65.5,GratedInlet,20.2,10,0.09398496240601503,2.02,Low Risk
"Seoul, South Korea",37.567798,126.956861,38.8,Roads,B,9.36,117.5,Manhole,44.4,50,0.0789873417721519,0.888,Low Risk
"Bengaluru, India",13.01005,77.555386,6.65,Residential,B,4.07,231.1,CurbInlet,36.3,10,0.017535545023696683,3.63,Medium Risk
"Taipei, Taiwan",24.986882,121.53115,-3.0,Green,A,4.33,301.6,GratedInlet,48.0,50,0.014309319233311302,0.96,Medium Risk
"Dhaka, Bangladesh",23.888506,90.339194,108.82,Residential,A,7.67,110.0,CurbInlet,51.4,5,0.0690990990990991,10.28,Low Risk
"Mexico City, Mexico",19.483605,-99.14579,26.43,Residential,B,3.09,25.3,Manhole,25.0,50,0.11749049429657794,0.5,Low Risk
"Sydney, Australia",-33.846433,151.259898,-3.0,Roads,C,6.66,35.4,GratedInlet,15.0,5,0.18296703296703298,3.0,Medium Risk
"Rio de Janeiro, Brazil",-22.856211,-43.220677,10.5,Industrial,B,10.04,62.0,Manhole,57.3,2,0.15936507936507935,28.65,Low Risk
"Montreal, Canada",45.428028,-73.548254,25.130000000000003,Commercial,A,10.81,393.7,CurbInlet,44.0,50,0.02738788953635673,0.88,Low Risk
"Houston, USA",29.793072,-95.403405,7.35,Industrial,B,4.24,81.2,Manhole,35.1,5,0.05158150851581508,7.0200000000000005,Medium Risk
"Philadelphia, USA",39.945637,-75.086163,-3.0,Green,B,7.22,183.6,GratedInlet,27.8,25,0.03911159263271939,1.112,Medium Risk
"Nairobi, Kenya",-1.280229,36.861153,25.94,Residential,C,7.23,135.9,Manhole,37.6,10,0.05281227173119065,3.7600000000000002,Low Risk
"Manila, Philippines",14.560454,121.091822,18.38,Commercial,D,3.89,35.9,CurbInlet,35.2,5,0.10542005420054201,7.040000000000001,Low Risk
"Rotterdam, Netherlands",52.076691,4.345768,19.02,Residential,C,4.89,52.2,Manhole,19.3,10,0.09191729323308269,1.9300000000000002,Low Risk
"Karachi, Pakistan",24.898027,67.033468,68.19,Residential,C,5.26,91.69999999999999,CurbInlet,101.1,10,0.05674217907227616,10.11,High Risk
"Istanbul, Türkiye",41.092732,28.96912,19.92,Commercial,A,9.1,383.5,OpenChannel,21.8,5,0.02366710013003901,4.36,Low Risk
"Sydney, Australia",-33.840815,151.110503,-3.0,Residential,A,5.03,107.4,CurbInlet,49.0,2,0.046402214022140224,24.5,Medium Risk
"Sao Paulo, Brazil",-23.384985,-46.642727,33.91,Residential,D,5.54,82.5,CurbInlet,49.9,100,0.06634730538922155,0.499,Low Risk
"Lagos, Nigeria",6.457921,3.376924,7.31,Residential,D,5.81,97.0,CurbInlet,55.9,25,0.05928571428571428,2.2359999999999998,Medium Risk
"Istanbul, Türkiye",40.962648,28.919203,47.04,Roads,B,6.42,46.2,GratedInlet,38.0,2,0.13601694915254237,19.0,Low Risk
"Athens, Greece",37.917748,23.724886,30.24,Residential,D,4.82,101.5,GratedInlet,48.2,10,0.04702439024390244,4.82,Low Risk
"Dubai, UAE",25.105064,55.18167,101.45,Green,B,4.06,56.2,GratedInlet,11.8,10,0.07097902097902097,1.1800000000000002,Low Risk
"Bengaluru, India",13.070386,77.600701,25.130000000000003,Commercial,A,6.22,484.6,OpenChannel,44.5,10,0.012808896210873146,4.45,Low Risk
"Miami, USA",25.797083,-80.288222,5.77,Residential,B,6.25,5.5,GratedInlet,50.2,5,0.9615384615384616,10.040000000000001,Medium Risk
"Nairobi, Kenya",-1.335747,36.862613,39.74,Commercial,D,7.35,91.69999999999999,Manhole,42.1,2,0.07928802588996764,21.05,Low Risk
"Bogotá, Colombia",4.711807,-74.191855,118.92,Commercial,B,7.59,118.1,OpenChannel,42.9,100,0.063727959697733,0.429,Low Risk
"Guangzhou, China",23.042909,113.261943,21.52,Residential,A,6.51,74.1,CurbInlet,77.3,100,0.0866844207723036,0.773,Low Risk
"Mexico City, Mexico",19.37845,-99.131296,17.01,Residential,B,4.23,53.8,CurbInlet,25.0,25,0.07718978102189782,1.0,Low Risk
"Delhi, India",28.607774,77.191759,38.63,Residential,B,6.19,41.6,GratedInlet,19.0,50,0.14530516431924884,0.38,Low Risk
"Durban, South Africa",-29.848912,31.088916,31.31,Residential,B,6.61,95.0,GratedInlet,28.1,25,0.06885416666666667,1.124,Low Risk
"Tokyo, Japan",35.584399,139.665241,9.44,Roads,D,4.07,116.1,CurbInlet,68.9,5,0.034756618274978654,13.780000000000001,High Risk
"Mumbai, India",19.137518,72.867525,14.39,Commercial,A,6.25,90.4,CurbInlet,100.3,25,0.06838074398249452,4.012,High Risk
"Kuala Lumpur, Malaysia",3.068678,101.755229,106.68,Mixed,B,6.3,104.5,GratedInlet,46.0,5,0.05971563981042654,9.2,Low Risk
"Tehran, Iran",35.646003,51.342766,104.22,Industrial,D,9.67,70.6,CurbInlet,41.8,50,0.13505586592178773,0.836,Low Risk
"Athens, Greece",38.022791,23.833288,66.16,Commercial,B,7.54,142.5,CurbInlet,22.4,25,0.05254355400696864,0.8959999999999999,Low Risk
"Vancouver, Canada",49.264808,-123.165397,9.63,Residential,B,2.52,210.3,OpenChannel,30.6,2,0.011926171320397538,15.3,Medium Risk
"Jakarta, Indonesia",-6.056781,106.821514,-3.0,Residential,B,8.22,0.7,Manhole,57.1,2,4.835294117647059,28.55,Medium Risk
"Mexico City, Mexico",19.50946,-99.103321,42.76,Mixed,D,6.25,120.5,CurbInlet,18.5,50,0.051440329218107,0.37,Low Risk
"Buenos Aires, Argentina",-34.635617,-58.310205,56.3,Residential,A,3.2,127.1,GratedInlet,16.1,2,0.024980483996877443,8.05,Low Risk
"Montreal, Canada",45.577672,-73.58425,4.74,Residential,B,2.2,56.1,Manhole,12.0,5,0.03852889667250438,2.4,Medium Risk
"Guangzhou, China",23.044224,113.367838,16.81,Residential,C,3.04,58.5,CurbInlet,44.3,2,0.051092436974789913,22.15,Low Risk
"Riyadh, Saudi Arabia",24.688676,46.652328,25.71,Residential,C,4.97,10.2,OpenChannel,15.7,2,0.44375000000000003,7.85,Low Risk
"Rome, Italy",41.78256,12.486334,52.0,Commercial,B,6.25,91.69999999999999,OpenChannel,36.8,25,0.06742179072276161,1.472,Low Risk
"Jakarta, Indonesia",-6.035702,106.887457,14.75,Commercial,C,7.34,90.0,GratedInlet,53.2,25,0.08065934065934066,2.128,Low Risk
"Dubai, UAE",25.168274,55.417493,37.58,Industrial,B,6.25,265.6,CurbInlet,19.7,10,0.02344336084021005,1.97,Low Risk
"Guangzhou, China",23.148759,113.251212,6.57,Industrial,B,8.34,264.2,CurbInlet,44.2,10,0.03144796380090498,4.42,Medium Risk
"Barcelona, Spain",41.488167,2.043373,9.84,Roads,A,4.2,164.6,OpenChannel,22.3,2,0.025362318840579712,11.15,Low Risk
"Montreal, Canada",45.421074,-73.591952,10.2,Industrial,A,6.25,59.4,OpenChannel,20.1,5,0.10347682119205298,4.0200000000000005,Low Risk
"Kuala Lumpur, Malaysia",3.042042,101.788406,82.72,Residential,C,7.78,91.69999999999999,Manhole,42.2,5,0.08392664509169365,8.440000000000001,Low Risk
"Accra, Ghana",5.490684,-0.111516,14.63,Residential,B,4.42,92.9,Manhole,66.6,2,0.0470713525026624,33.3,Low Risk
"Rome, Italy",41.953384,12.510633,65.33,Roads,B,5.48,65.8,CurbInlet,55.0,5,0.08203592814371259,11.0,Low Risk
"Dhaka, Bangladesh",23.845128,90.456822,72.43,Roads,C,9.5,53.2,CurbInlet,49.4,5,0.17527675276752766,9.879999999999999,Low Risk
"London, UK",51.47504,-0.070414,93.45,Roads,C,10.4,282.8,CurbInlet,12.8,2,0.03664552501761804,6.4,Low Risk
"Copenhagen, Denmark",55.657211,12.420329,29.72,Institutional,D,7.76,223.1,OpenChannel,32.3,2,0.03462739848282017,16.15,Low Risk
"Kuala Lumpur, Malaysia",3.088068,101.737583,-3.0,Industrial,B,5.16,156.0,CurbInlet,44.8,2,0.03286624203821656,22.4,Medium Risk
"Sao Paulo, Brazil",-23.395314,-46.711195,3.69,Residential,B,7.31,173.2,OpenChannel,135.1,10,0.04196326061997704,13.51,High Risk
"Taipei, Taiwan",25.106814,121.621154,70.62,Green,C,2.59,304.2,GratedInlet,44.7,5,0.008486238532110092,8.940000000000001,Medium Risk
"Chennai, India",13.194818,80.236627,-2.96,Residential,C,6.57,58.1,GratedInlet,97.1,25,0.11116751269035534,3.884,High Risk
"Shenzhen, China",22.469803,114.077696,7.54,Roads,B,6.25,91.69999999999999,GratedInlet,65.3,2,0.06742179072276161,32.65,Medium Risk
"Chennai, India",13.089149,80.228374,19.24,Institutional,D,7.83,319.3,OpenChannel,32.1,5,0.02444583203246956,6.42,Low Risk
"Shenzhen, China",22.513315,114.051555,19.77,Institutional,C,3.25,132.6,GratedInlet,55.6,25,0.024326347305389222,2.224,Low Risk
"Hamburg, Germany",53.544649,9.959612,83.28,Roads,D,8.27,49.4,CurbInlet,21.2,5,0.1640873015873016,4.24,Low Risk
"Seoul, South Korea",37.610638,127.014758,85.18,Institutional,A,4.88,144.8,GratedInlet,28.5,25,0.03347050754458161,1.14,Low Risk
"Lagos, Nigeria",6.423863,3.415447,15.35,Roads,B,8.66,154.3,OpenChannel,63.8,10,0.055763039278815194,6.38,Low Risk
"Ahmedabad, India",22.965626,72.521913,96.23,Industrial,C,9.21,12.6,CurbInlet,17.1,10,0.6772058823529412,1.7100000000000002,Low Risk
"Paris, France",48.712065,2.444819,7.61,Residential,B,5.13,171.1,OpenChannel,17.0,25,0.029808251016850668,0.68,Medium Risk
"Hyderabad, India",17.281983,78.569998,8.34,Green,A,5.66,436.0,GratedInlet,24.4,2,0.012951945080091534,12.2,Low Risk
"Singapore, Singapore",1.442608,103.708588,20.61,Residential,B,2.52,116.6,Manhole,71.8,25,0.02142857142857143,2.872,Medium Risk
"Accra, Ghana",5.643698,-0.162166,8.59,Mixed,A,7.43,11.1,Manhole,55.1,2,0.6140495867768595,27.55,Low Risk
"Kolkata, India",22.589321,88.388806,-3.0,Green,C,7.53,314.6,GratedInlet,21.3,25,0.02385931558935361,0.852,Medium Risk
"Montreal, Canada",45.509626,-73.451804,129.52,Green,A,6.18,151.9,CurbInlet,15.6,25,0.04041857423152387,0.624,Low Risk
"Hyderabad, India",17.424948,78.54891,71.92,Institutional,B,6.25,115.8,GratedInlet,46.7,5,0.05351027397260274,9.34,Low Risk
"Brisbane, Australia",-27.576618,152.984225,-3.0,Residential,D,6.68,208.8,CurbInlet,50.4,100,0.03183984747378455,0.504,High Risk
"Taipei, Taiwan",24.94851,121.648846,94.44,Green,C,7.91,52.9,GratedInlet,42.1,5,0.14675324675324675,8.42,Low Risk
"New York, USA",40.756099,-73.83419,56.4,Commercial,A,3.79,93.9,GratedInlet,23.6,5,0.039936775553213906,4.720000000000001,Low Risk
"Osaka, Japan",34.67978,135.445999,40.89,Water,C,6.41,87.8,GratedInlet,31.2,2,0.07218468468468468,15.6,Low Risk
"Montreal, Canada",45.485482,-73.514533,25.130000000000003,Commercial,D,10.72,582.3,CurbInlet,24.3,10,0.018378193039602267,2.43,Low Risk
"Singapore, Singapore",1.388615,103.866375,21.58,Residential,C,8.28,68.3,CurbInlet,56.5,10,0.11948051948051948,5.65,Low Risk
"Cape Town, South Africa",-33.96268,18.37983,58.15,Roads,C,5.24,91.69999999999999,GratedInlet,39.3,50,0.05652642934196333,0.7859999999999999,Low Risk
"Copenhagen, Denmark",55.687553,12.581923,42.4,Roads,A,4.29,10.6,GratedInlet,21.2,10,0.36982758620689654,2.12,Low Risk
"Vancouver, Canada",49.294209,-123.157237,1.46,Roads,C,4.15,78.9,CurbInlet,34.9,5,0.05193992490613267,6.9799999999999995,Medium Risk
"Kuala Lumpur, Malaysia",3.058789,101.853313,38.3,Industrial,B,3.07,159.2,GratedInlet,41.3,2,0.01916354556803995,20.65,Low Risk
"Sao Paulo, Brazil",-23.410277,-46.518911,71.39,Residential,C,8.17,28.0,Manhole,69.2,5,0.28172413793103446,13.84,Low Risk
"Riyadh, Saudi Arabia",24.754969,46.782258,57.54,Green,B,5.26,316.8,CurbInlet,26.6,2,0.016551290119572057,13.3,Low Risk
"Auckland, New Zealand",-36.817679,174.911271,19.61,Residential,C,6.77,106.5,CurbInlet,24.0,10,0.06297674418604651,2.4,Low Risk
"New Orleans, USA",29.892516,-90.170318,25.130000000000003,Water,C,6.67,308.1,Manhole,38.1,50,0.021578777094791328,0.762,Low Risk
"Osaka, Japan",34.769307,135.427237,25.130000000000003,Commercial,D,9.98,91.69999999999999,OpenChannel,23.9,100,0.10765911542610573,0.239,Low Risk
"Cape Town, South Africa",-33.955761,18.378494,161.75,Roads,A,4.97,66.1,OpenChannel,17.6,50,0.07406855439642325,0.35200000000000004,Low Risk
"Cape Town, South Africa",-33.89901,18.41436,147.49,Residential,A,7.81,56.7,GratedInlet,33.2,5,0.13535528596187174,6.640000000000001,Low Risk
"Athens, Greece",37.984756,23.849995,82.8,Green,B,4.3,96.9,CurbInlet,55.7,25,0.04392236976506639,2.228,Low Risk
"Delhi, India",28.687597,77.102149,26.41,Residential,D,7.03,113.3,CurbInlet,28.5,2,0.06150481189851269,14.25,Low Risk
"Hanoi, Vietnam",20.924179,105.800502,35.43,Commercial,B,6.13,89.6,CurbInlet,86.3,2,0.06766004415011038,43.15,High Risk
"Hamburg, Germany",53.549264,10.040641,59.01,Green,C,6.57,234.1,Manhole,28.0,10,0.02794555508294343,2.8,Low Risk
"Shanghai, China",31.287181,121.579084,20.5,Commercial,B,6.88,33.6,Manhole,23.0,50,0.19884393063583813,0.46,Low Risk
"Rome, Italy",41.971147,12.527637,64.85,Residential,A,6.61,98.4,CurbInlet,21.2,10,0.0664989939637827,2.12,Low Risk
"Nairobi, Kenya",-1.339947,36.832643,-3.0,Residential,A,4.21,30.2,CurbInlet,63.1,100,0.13493589743589743,0.631,Medium Risk
"Riyadh, Saudi Arabia",24.741981,46.73045,62.54,Commercial,A,9.65,76.6,CurbInlet,6.6,2,0.1243556701030928,3.3,Low Risk
"Bogotá, Colombia",4.726905,-74.079685,76.55,Commercial,C,9.91,1.5,GratedInlet,27.3,10,3.964,2.73,Low Risk
"Manila, Philippines",14.548602,120.981146,15.6,Roads,C,4.79,449.0,CurbInlet,66.8,5,0.010644444444444444,13.36,Low Risk
"Bengaluru, India",12.931142,77.554687,76.99,Roads,A,9.3,16.0,Manhole,21.8,5,0.5470588235294118,4.36,Low Risk
"Miami, USA",25.855535,-80.198193,9.25,Mixed,B,5.68,95.2,OpenChannel,58.2,100,0.05904365904365904,0.5820000000000001,Low Risk
"Jakarta, Indonesia",-6.218166,106.903756,8.18,Roads,D,8.12,86.4,CurbInlet,110.0,25,0.0929061784897025,4.4,High Risk
"Durban, South Africa",-29.970877,31.210716,25.130000000000003,Commercial,C,7.71,91.69999999999999,CurbInlet,55.8,10,0.08317152103559872,5.58,Low Risk
"Doha, Qatar",25.343754,51.505414,18.82,Industrial,B,10.11,0.2,CurbInlet,16.1,25,8.425,0.644,Low Risk
"Manila, Philippines",14.605876,120.985401,23.23,Industrial,C,7.7,152.9,Manhole,45.1,2,0.050032488628979854,22.55,Low Risk
"Athens, Greece",37.899109,23.759983,104.75,Industrial,B,5.6,22.6,GratedInlet,30.4,5,0.23728813559322032,6.08,Low Risk
"Shenzhen, China",22.588793,114.086297,25.17,Commercial,B,8.95,26.7,CurbInlet,73.7,10,0.3231046931407942,7.37,Low Risk
"Hanoi, Vietnam",20.991727,105.941163,36.65,Water,A,2.13,272.2,GratedInlet,106.2,50,0.007796486090775988,2.124,High Risk
"Riyadh, Saudi Arabia",24.767984,46.623534,74.74,Residential,B,3.71,450.8,CurbInlet,26.6,25,0.008211598052235503,1.064,Low Risk
"Lima, Peru",-11.971033,-76.982092,44.89,Green,C,3.63,284.2,CurbInlet,31.8,25,0.012727910238429173,1.272,Low Risk
"Buenos Aires, Argentina",-34.665907,-58.456668,2.04,Roads,D,6.36,29.5,GratedInlet,28.5,25,0.20852459016393443,1.14,Medium Risk
"Houston, USA",29.715167,-95.319324,8.77,Residential,D,5.43,16.1,GratedInlet,24.9,2,0.31754385964912274,12.45,Low Risk
"Auckland, New Zealand",-36.803558,174.834619,25.130000000000003,Roads,D,5.61,24.2,GratedInlet,56.1,50,0.22261904761904763,1.122,Low Risk
"Guangzhou, China",23.103793,113.319953,20.18,Residential,A,4.31,183.8,OpenChannel,64.5,2,0.023322510822510818,32.25,Low Risk
"Bogotá, Colombia",4.808008,-74.054397,113.02,Residential,D,2.52,138.9,CurbInlet,34.9,2,0.018012866333095068,17.45,Medium Risk
"Ho Chi Minh City, Vietnam",10.833817,106.619147,29.02,Residential,A,4.14,52.7,Manhole,46.0,10,0.0770949720670391,4.6,Low Risk
"Manila, Philippines",14.606947,120.99373,5.06,Roads,A,11.25,44.6,CurbInlet,58.2,5,0.24671052631578946,11.64,Medium Risk
"Mexico City, Mexico",19.357464,-99.12844,19.02,Mixed,A,5.37,371.4,OpenChannel,19.1,5,0.01441997851772288,3.8200000000000003,Low Risk
"Taipei, Taiwan",24.961497,121.620848,92.24,Green,C,3.66,204.6,Manhole,26.2,10,0.017801556420233466,2.62,Low Risk
"Cape Town, South Africa",-33.964841,18.486111,33.05,Mixed,B,6.5,171.1,OpenChannel,57.2,25,0.037768739105171416,2.2880000000000003,Low Risk
"Hong Kong, China",22.389775,114.215259,25.130000000000003,Institutional,B,4.75,341.8,GratedInlet,30.1,25,0.013856476079346557,1.204,Low Risk
"Auckland, New Zealand",-36.803481,174.776147,78.57,Green,B,4.96,272.6,CurbInlet,45.7,25,0.018128654970760234,1.828,Low Risk
"Bogotá, Colombia",4.656296,-74.033901,25.130000000000003,Residential,A,4.31,124.4,OpenChannel,35.7,25,0.034370015948963314,1.4280000000000002,Low Risk
"Chennai, India",13.116296,80.329644,-0.75,Roads,A,6.22,1.5,GratedInlet,84.9,2,2.488,42.45,High Risk
"Tehran, Iran",35.819623,51.394449,76.43,Commercial,C,6.17,7.8,GratedInlet,23.1,25,0.7011363636363636,0.924,Low Risk
"Miami, USA",25.782317,-80.209354,31.44,Commercial,C,8.62,59.9,GratedInlet,39.6,10,0.14154351395730705,3.96,Low Risk
"Auckland, New Zealand",-36.785281,174.830626,39.53,Residential,D,4.05,12.9,GratedInlet,53.9,2,0.2913669064748201,26.95,Low Risk
"Rio de Janeiro, Brazil",-22.842461,-43.115485,22.58,Green,D,6.25,136.1,CurbInlet,80.4,50,0.045587162654996356,1.608,High Risk
"Hong Kong, China",22.343025,114.251022,8.55,Industrial,A,7.99,76.3,GratedInlet,69.6,2,0.10336351875808539,34.8,Low Risk
"Montreal, Canada",45.443847,-73.429551,41.18,Commercial,B,9.58,211.3,CurbInlet,31.4,5,0.04512482336316533,6.279999999999999,Low Risk
"Bengaluru, India",13.030968,77.563192,115.93,Residential,C,8.04,47.8,Manhole,26.3,2,0.16475409836065574,13.15,Low Risk
"Buenos Aires, Argentina",-34.609054,-58.402068,97.35,Institutional,A,3.6,50.8,GratedInlet,38.4,25,0.0694980694980695,1.536,Low Risk
"Kuala Lumpur, Malaysia",3.278635,101.621308,37.62,Commercial,B,6.25,462.3,CurbInlet,33.3,5,0.013490179149579106,6.659999999999999,Low Risk
"Sao Paulo, Brazil",-23.505863,-46.69631,-3.0,Residential,D,3.42,33.2,Manhole,74.6,100,0.09999999999999999,0.746,High Risk
"Barcelona, Spain",41.446164,2.15167,10.44,Green,B,4.77,121.9,Manhole,21.8,50,0.038812042310821804,0.436,Low Risk
"Hyderabad, India",17.372948,78.483084,52.5,Institutional,D,6.21,39.1,CurbInlet,39.3,100,0.15486284289276808,0.39299999999999996,Low Risk
"Barcelona, Spain",41.400731,2.348711,25.130000000000003,Roads,D,8.4,133.2,Manhole,26.6,25,0.06259314456035768,1.064,Low Risk
"Barcelona, Spain",41.473524,2.169929,8.47,Green,A,2.65,274.4,OpenChannel,30.6,10,0.009622367465504721,3.06,Medium Risk
"Sydney, Australia",-33.778406,151.007708,23.55,Residential,C,4.14,147.9,CurbInlet,22.8,2,0.027803895231699124,11.4,Low Risk
"Ho Chi Minh City, Vietnam",10.805255,106.532446,49.8,Industrial,B,8.46,142.0,OpenChannel,113.9,25,0.05916083916083917,4.556,High Risk
"Seoul, South Korea",37.600999,127.048486,39.4,Industrial,A,11.99,280.1,CurbInlet,59.5,25,0.042653859836357166,2.38,Low Risk
"Houston, USA",29.761917,-95.223688,42.16,Residential,C,4.86,80.2,Manhole,29.4,2,0.05985221674876848,14.7,Low Risk
"Istanbul, Türkiye",40.925616,29.038261,58.26,Commercial,B,7.06,22.1,Manhole,38.2,5,0.3056277056277056,7.640000000000001,Low Risk
"Guangzhou, China",23.110999,113.292868,25.130000000000003,Roads,A,6.99,64.9,CurbInlet,59.8,10,0.10606980273141123,5.9799999999999995,Low Risk
"Rome, Italy",41.998871,12.358626,86.37,Roads,B,8.06,31.8,OpenChannel,23.3,5,0.2457317073170732,4.66,Low Risk
"Seoul, South Korea",37.715654,126.944669,50.97,Industrial,A,7.04,36.0,Manhole,39.5,5,0.19027027027027027,7.9,Low Risk
"Chennai, India",13.010744,80.375494,23.52,Water,D,5.44,96.4,CurbInlet,67.6,2,0.05585215605749487,33.8,Low Risk
"Singapore, Singapore",1.32802,103.840906,4.62,Roads,D,9.37,122.8,CurbInlet,62.3,2,0.07568659127625202,31.15,High Risk
"Manila, Philippines",14.640602,120.94778,9.13,Roads,C,11.04,94.6,Manhole,83.2,25,0.11548117154811716,3.3280000000000003,High Risk
"Cape Town, South Africa",-34.022991,18.382392,172.86,Commercial,C,9.07,25.4,Manhole,15.1,2,0.34356060606060607,7.55,Low Risk
"Tehran, Iran",35.661801,51.419294,77.72,Roads,B,6.49,37.1,GratedInlet,41.4,2,0.17034120734908137,20.7,Low Risk
"Hanoi, Vietnam",20.932164,105.834002,1.24,Residential,B,4.3,356.0,OpenChannel,48.8,25,0.012044817927170867,1.952,Medium Risk
"Washington DC, USA",38.853632,-77.017289,32.67,Residential,A,7.87,140.0,CurbInlet,19.9,10,0.05581560283687943,1.9899999999999998,Low Risk
"Rome, Italy",41.865368,12.463617,55.57,Green,D,6.25,309.5,CurbInlet,25.8,50,0.020128824476650563,0.516,Low Risk
"Barcelona, Spain",41.247366,2.282893,29.99,Residential,B,5.83,363.0,CurbInlet,21.7,5,0.016016483516483517,4.34,Low Risk
"New York, USA",40.737487,-73.995302,1.89,Roads,B,5.69,58.0,CurbInlet,30.1,2,0.0964406779661017,15.05,Medium Risk
"Bangkok, Thailand",13.639605,100.447973,18.27,Green,B,3.71,235.0,CurbInlet,52.3,5,0.015720338983050846,10.459999999999999,Low Risk
"San Francisco, USA",37.690761,-122.447183,117.43,Water,B,6.43,184.7,GratedInlet,48.2,50,0.03462574044157243,0.9640000000000001,Low Risk
"Vancouver, Canada",49.398319,-123.051989,10.81,Roads,B,5.43,139.0,CurbInlet,26.5,10,0.038785714285714284,2.65,Low Risk
"Lagos, Nigeria",6.453225,3.444304,15.6,Residential,C,7.83,261.1,OpenChannel,68.0,10,0.02987409385730637,6.8,Low Risk
"Karachi, Pakistan",24.898686,66.891892,85.67,Residential,D,5.14,67.8,CurbInlet,25.1,5,0.0747093023255814,5.0200000000000005,Low Risk
"Nairobi, Kenya",-1.274471,36.915126,43.51,Residential,C,5.51,39.1,CurbInlet,27.6,2,0.13740648379052367,13.8,Low Risk
"Rio de Janeiro, Brazil",-22.913215,-43.076669,25.130000000000003,Commercial,A,5.85,51.2,GratedInlet,56.8,25,0.11206896551724137,2.272,Low Risk
"Bangkok, Thailand",13.765259,100.498268,-3.0,Institutional,B,2.72,245.7,CurbInlet,123.9,100,0.011025537089582491,1.239,High Risk
"Guangzhou, China",23.126431,113.213918,19.53,Green,B,3.74,185.6,GratedInlet,45.3,25,0.020042872454448017,1.8119999999999998,Low Risk
"Vancouver, Canada",49.246365,-123.271269,0.42,Residential,B,6.07,100.7,Manhole,16.3,5,0.05968534906588004,3.2600000000000002,Medium Risk
"Kolkata, India",22.547799,88.380892,78.3,Roads,B,6.01,54.3,Manhole,14.3,5,0.10867992766726944,2.8600000000000003,Low Risk
"Ahmedabad, India",22.893699,72.622101,15.29,Roads,D,6.25,211.6,OpenChannel,34.3,100,0.02939793038570085,0.34299999999999997,Low Risk
"Karachi, Pakistan",24.807795,66.99834,105.56,Institutional,B,8.42,178.4,Manhole,22.0,5,0.046934225195094756,4.4,Low Risk
"Doha, Qatar",25.214714,51.630436,25.130000000000003,Institutional,B,5.65,174.8,Manhole,12.0,2,0.03213879408418657,6.0,Low Risk
"Osaka, Japan",34.726999,135.536731,61.87,Roads,C,6.25,348.8,OpenChannel,49.4,10,0.01786735277301315,4.9399999999999995,Low Risk
"New York, USA",40.803047,-74.025288,25.130000000000003,Green,A,6.25,181.8,GratedInlet,27.1,5,0.03419037199124726,5.42,Low Risk
"Accra, Ghana",5.651272,-0.128163,18.23,Industrial,B,10.4,57.3,GratedInlet,63.5,50,0.17838765008576332,1.27,Low Risk
"Tokyo, Japan",35.762058,139.839086,25.130000000000003,Commercial,C,4.32,71.0,GratedInlet,26.3,5,0.060000000000000005,5.26,Low Risk
"Philadelphia, USA",39.983999,-75.132577,25.130000000000003,Residential,C,3.39,91.69999999999999,GratedInlet,53.9,2,0.03656957928802589,26.95,Low Risk
"Dubai, UAE",25.068373,55.285384,63.85,Residential,D,4.27,135.3,OpenChannel,18.3,10,0.03132795304475421,1.83,Low Risk
"Tokyo, Japan",35.651205,139.68554,31.76,Institutional,B,2.31,91.69999999999999,OpenChannel,52.8,5,0.02491909385113269,10.559999999999999,Medium Risk
"Bengaluru, India",12.922471,77.554136,-3.0,Residential,D,4.89,114.9,CurbInlet,30.7,2,0.042191544434857634,15.35,High Risk
"Philadelphia, USA",40.123272,-75.191678,6.36,Industrial,C,7.09,75.6,Manhole,21.6,2,0.09255874673629243,10.8,Medium Risk
"Montreal, Canada",45.416428,-73.621757,67.5,Industrial,A,10.53,274.8,OpenChannel,24.4,50,0.03817984046410442,0.488,Low Risk
"Mexico City, Mexico",19.381123,-99.212596,75.33,Commercial,D,6.1,15.8,CurbInlet,22.5,25,0.3630952380952381,0.9,Low Risk
"Copenhagen, Denmark",55.63322,12.561643,63.36,Roads,A,8.64,181.4,Manhole,43.9,25,0.04736842105263158,1.756,Low Risk
"Hong Kong, China",22.174391,114.143083,25.130000000000003,Green,A,4.57,86.8,GratedInlet,67.8,5,0.0520501138952164,13.559999999999999,Low Risk
"Sydney, Australia",-33.801126,151.266614,28.7,Green,B,5.06,137.4,GratedInlet,18.1,5,0.03656069364161849,3.62,Low Risk
"Sydney, Australia",-33.763008,151.145601,24.72,Commercial,A,7.05,87.0,OpenChannel,56.2,5,0.08011363636363636,11.24,Low Risk
"Istanbul, Türkiye",40.857703,28.977783,80.15,Commercial,B,6.43,101.2,Manhole,65.6,5,0.06291585127201565,13.12,Low Risk
"Tehran, Iran",35.831363,51.361433,221.6,Residential,B,2.39,33.3,CurbInlet,28.0,2,0.0696793002915452,14.0,Medium Risk
"Ho Chi Minh City, Vietnam",10.955132,106.585713,-3.0,Green,B,4.35,149.8,Manhole,98.8,25,0.02884615384615384,3.952,High Risk
"Nairobi, Kenya",-1.377434,36.843458,64.11,Commercial,D,9.62,195.6,OpenChannel,28.8,25,0.04893184130213631,1.1520000000000001,Low Risk
"Karachi, Pakistan",24.787714,67.019748,135.42,Mixed,B,4.54,222.7,OpenChannel,28.7,5,0.020295037997317838,5.74,Low Risk
"Cape Town, South Africa",-33.923586,18.438608,229.62,Industrial,C,4.26,79.5,CurbInlet,26.6,5,0.05291925465838509,5.32,Low Risk
"Athens, Greece",38.01255,23.536377,52.17,Roads,B,8.01,149.5,Manhole,51.4,5,0.053222591362126245,10.28,Low Risk
"New Orleans, USA",29.909035,-90.095794,15.98,Roads,A,9.93,83.9,GratedInlet,53.4,25,0.11696113074204946,2.136,Low Risk
"Paris, France",48.883937,2.383855,97.75,Roads,C,4.63,203.0,CurbInlet,33.7,10,0.022696078431372547,3.37,Low Risk
"Delhi, India",28.559749,77.126573,61.78,Roads,A,6.08,44.1,GratedInlet,26.6,25,0.13481152993348114,1.064,Low Risk
"Buenos Aires, Argentina",-34.56333,-58.394846,50.97,Residential,B,8.59,100.8,Manhole,36.4,10,0.0843811394891945,3.6399999999999997,Low Risk
"Guangzhou, China",23.064156,113.259637,1.27,Roads,C,5.58,146.7,OpenChannel,66.1,2,0.037779282329045365,33.05,High Risk
"Barcelona, Spain",41.313,2.150599,1.13,Industrial,B,10.03,161.0,OpenChannel,23.2,5,0.061913580246913576,4.64,Medium Risk
"Delhi, India",28.655384,77.207959,36.68,Residential,B,2.4,33.6,CurbInlet,61.6,2,0.06936416184971098,30.8,Medium Risk
"Pune, India",18.441407,73.916035,32.25,Residential,C,7.28,391.1,OpenChannel,21.8,10,0.0185666921703647,2.18,Low Risk
"Tehran, Iran",35.714427,51.340693,-3.0,Mixed,A,6.41,109.9,GratedInlet,48.7,2,0.05779981965734896,24.35,Medium Risk
"Accra, Ghana",5.598972,-0.173373,16.28,Residential,B,4.57,64.5,Manhole,121.6,50,0.06977099236641222,2.432,High Risk
"Copenhagen, Denmark",55.821219,12.667444,34.01,Residential,B,8.16,67.1,GratedInlet,36.3,25,0.11982378854625551,1.452,Low Risk
"Shenzhen, China",22.427389,114.1101,18.97,Commercial,C,7.09,121.4,GratedInlet,26.5,2,0.057924836601307185,13.25,Low Risk
"Singapore, Singapore",1.357708,103.936421,-3.0,Residential,B,4.42,24.4,CurbInlet,93.9,5,0.17401574803149608,18.78,High Risk
"Lagos, Nigeria",6.530892,3.344391,7.97,Residential,B,5.14,235.2,OpenChannel,48.2,5,0.02176121930567316,9.64,Medium Risk
"Ahmedabad, India",22.997733,72.543062,-3.0,Green,D,6.71,102.9,GratedInlet,24.8,5,0.0645813282001925,4.96,High Risk
"Lima, Peru",-12.185943,-77.113097,-3.0,Institutional,A,7.36,210.2,Manhole,29.9,5,0.03484848484848485,5.9799999999999995,Medium Risk
"Rotterdam, Netherlands",51.965733,4.51216,24.57,Water,B,4.43,396.1,Manhole,32.3,5,0.011155880130949382,6.459999999999999,Low Risk
"Rio de Janeiro, Brazil",-22.839366,-43.159471,0.09,Roads,B,8.42,82.0,OpenChannel,30.4,5,0.10144578313253012,6.08,Medium Risk
"Istanbul, Türkiye",41.021233,28.955362,33.55,Green,A,4.05,547.3,CurbInlet,14.1,2,0.007386467262447565,7.05,Low Risk
"Houston, USA",29.704903,-95.424514,38.72,Green,B,6.8,183.2,OpenChannel,47.5,10,0.03691639522258415,4.75,Low Risk
"Seoul, South Korea",37.538009,126.958233,65.0,Industrial,D,5.68,4.2,GratedInlet,19.6,25,1.0923076923076922,0.784,Low Risk
"Chennai, India",12.962468,80.220942,6.55,Mixed,B,11.67,39.8,Manhole,72.9,50,0.2860294117647059,1.4580000000000002,Medium Risk
"Shanghai, China",31.211958,121.480151,5.04,Residential,D,7.32,75.5,Manhole,15.8,25,0.09568627450980392,0.632,Medium Risk
"Hanoi, Vietnam",21.065491,105.869351,72.89,Commercial,C,4.05,413.6,CurbInlet,91.8,50,0.009768451519536902,1.8359999999999999,High Risk
"Kolkata, India",22.636815,88.480345,23.44,Institutional,C,5.62,190.9,CurbInlet,19.0,5,0.029286086503387182,3.8,Low Risk
"Ahmedabad, India",23.152251,72.620499,76.04,Industrial,B,8.45,158.7,OpenChannel,16.3,2,0.05291170945522855,8.15,Low Risk
"Taipei, Taiwan",24.988898,121.456815,-3.0,Institutional,B,3.9,91.69999999999999,Manhole,26.4,5,0.04207119741100324,5.279999999999999,Medium Risk
"Rome, Italy",41.910042,12.453541,68.92,Commercial,B,8.17,85.4,GratedInlet,48.9,2,0.09456018518518518,24.45,Low Risk
"San Francisco, USA",37.864756,-122.406965,197.0,Roads,C,6.94,76.5,Manhole,49.6,50,0.08954838709677419,0.992,Low Risk
"Miami, USA",25.612902,-80.189683,-3.0,Industrial,B,6.98,78.3,CurbInlet,107.7,50,0.08802017654476672,2.154,High Risk
"Shenzhen, China",22.494308,114.020974,15.57,Commercial,D,6.25,91.69999999999999,Manhole,45.8,50,0.06742179072276161,0.9159999999999999,Low Risk
"Vancouver, Canada",49.258451,-123.17403,22.46,Roads,B,7.49,2.2,Manhole,23.4,10,2.3406249999999997,2.34,Low Risk
"Accra, Ghana",5.414722,-0.088166,23.66,Industrial,D,8.26,515.6,CurbInlet,142.1,25,0.015989159891598916,5.684,High Risk
"Mumbai, India",19.075088,72.852303,11.11,Residential,C,3.97,521.2,OpenChannel,49.8,10,0.007602451168134814,4.9799999999999995,Low Risk
"Sydney, Australia",-33.757865,151.279085,18.59,Roads,A,8.26,112.1,CurbInlet,46.9,10,0.07303271441202476,4.6899999999999995,Low Risk
"Karachi, Pakistan",24.856188,66.998696,37.38,Roads,C,7.55,52.6,GratedInlet,18.7,10,0.14085820895522388,1.8699999999999999,Low Risk
"Shenzhen, China",22.506467,114.016399,22.18,Residential,D,6.25,225.7,OpenChannel,70.0,10,0.02756947507719453,7.0,Low Risk
"Washington DC, USA",38.886564,-77.23782,58.04,Industrial,A,6.25,359.6,CurbInlet,24.1,5,0.01733222407099279,4.82,Low Risk
"Delhi, India",28.621814,77.108786,25.11,Industrial,B,7.05,34.8,CurbInlet,20.4,5,0.19692737430167598,4.08,Low Risk
"Dhaka, Bangladesh",23.842502,90.293506,25.130000000000003,Residential,C,6.25,75.0,GratedInlet,46.1,5,0.08223684210526316,9.22,Low Risk
"San Francisco, USA",37.769701,-122.51693,129.68,Industrial,A,9.69,27.6,GratedInlet,13.9,2,0.33881118881118877,6.95,Low Risk
"Ho Chi Minh City, Vietnam",10.850292,106.583407,67.51,Residential,D,4.71,91.69999999999999,CurbInlet,88.2,50,0.050809061488673146,1.764,High Risk
"Mumbai, India",19.019091,72.878652,9.0,Industrial,B,5.17,89.4,GratedInlet,77.1,50,0.05719026548672566,1.5419999999999998,Low Risk
"Montreal, Canada",45.449574,-73.639542,-3.0,Residential,B,6.57,35.7,Manhole,60.4,2,0.1790190735694823,30.2,High Risk
"San Francisco, USA",37.925131,-122.35205,116.05,Residential,D,4.54,91.69999999999999,CurbInlet,17.8,2,0.04897518878101403,8.9,Low Risk
"Montreal, Canada",45.578477,-73.490355,90.4,Roads,D,7.39,86.1,Manhole,56.3,25,0.08484500574052813,2.252,Low Risk
"Paris, France",48.940415,2.417538,47.56,Commercial,D,7.32,56.8,GratedInlet,20.2,10,0.12664359861591695,2.02,Low Risk
"Hanoi, Vietnam",20.966861,105.805459,47.09,Residential,C,3.8,91.0,GratedInlet,32.0,2,0.041304347826086954,16.0,Low Risk
"Montreal, Canada",45.520842,-73.556784,55.52,Roads,B,5.26,1.8,Manhole,35.0,5,1.8785714285714286,7.0,Low Risk
"Chennai, India",13.043488,80.312848,25.130000000000003,Green,B,4.44,477.6,CurbInlet,92.5,100,0.009277058086084413,0.925,High Risk
"Athens, Greece",38.0412,23.787572,58.08,Commercial,B,6.69,91.69999999999999,CurbInlet,29.6,2,0.07216828478964403,14.8,Low Risk
"Colombo, Sri Lanka",6.844215,79.966316,13.78,Roads,B,8.86,30.2,GratedInlet,48.6,50,0.28397435897435896,0.972,Low Risk
"Shenzhen, China",22.427106,113.984216,18.84,Roads,B,10.62,103.5,GratedInlet,150.0,10,0.1016267942583732,15.0,High Risk
"Rome, Italy",42.016936,12.43799,38.14,Industrial,C,5.06,126.2,CurbInlet,61.2,5,0.039779874213836476,12.24,Low Risk
"Hyderabad, India",17.33485,78.475457,56.76,Roads,C,3.68,61.7,OpenChannel,42.4,25,0.05869218500797448,1.696,Low Risk
"Brisbane, Australia",-27.421422,153.010535,4.27,Residential,C,6.61,97.3,CurbInlet,32.6,5,0.06724313326551373,6.5200000000000005,Medium Risk
"Tehran, Iran",35.588926,51.446636,14.9,Residential,C,6.25,74.4,CurbInlet,19.5,25,0.08289124668435012,0.78,Low Risk
"Hyderabad, India",17.298054,78.47148,66.0,Roads,C,4.4,414.1,CurbInlet,29.5,10,0.010599855456516502,2.95,Low Risk
"Dubai, UAE",25.262982,55.200676,-3.0,Commercial,D,10.06,5.9,CurbInlet,28.3,50,1.4579710144927536,0.5660000000000001,High Risk
"San Francisco, USA",37.770827,-122.510646,25.82,Residential,B,7.24,18.3,Manhole,41.2,5,0.37512953367875645,8.24,Low Risk
"Buenos Aires, Argentina",-34.649843,-58.43978,81.45,Roads,B,4.08,49.3,OpenChannel,24.9,5,0.08111332007952286,4.9799999999999995,Low Risk
"Pune, India",18.524937,73.814449,25.95,Roads,B,5.96,72.7,CurbInlet,41.2,25,0.08086838534599729,1.6480000000000001,Low Risk
"Miami, USA",25.690416,-80.186522,18.66,Residential,A,2.48,240.7,OpenChannel,51.2,25,0.010260653702937526,2.048,Medium Risk
"Osaka, Japan",34.717852,135.538486,-0.72,Green,C,7.66,51.1,CurbInlet,33.7,2,0.1470249520153551,16.85,Medium Risk
"Athens, Greece",38.033513,23.826746,54.78,Residential,D,6.96,367.7,CurbInlet,28.4,5,0.01887713588283157,5.68,Low Risk
"Hamburg, Germany",53.4559,9.780049,13.73,Mixed,D,5.17,88.8,CurbInlet,23.8,5,0.05757238307349666,4.76,Low Risk
"Lima, Peru",-11.928835,-77.041465,18.21,Green,D,6.25,183.8,CurbInlet,56.1,25,0.03382034632034632,2.244,Low Risk
"Amsterdam, Netherlands",52.393364,4.860393,17.3,Residential,B,5.04,43.6,GratedInlet,22.7,5,0.11300448430493273,4.54,Low Risk
"Philadelphia, USA",39.892493,-75.336858,-3.0,Residential,A,6.91,77.3,Manhole,26.9,25,0.08825031928480205,1.0759999999999998,Medium Risk
"Karachi, Pakistan",24.805227,66.891722,54.74,Roads,A,9.55,100.4,GratedInlet,41.8,2,0.09418145956607495,20.9,Low Risk
"Brisbane, Australia",-27.53867,152.895221,32.43,Residential,C,6.47,94.0,GratedInlet,26.9,5,0.06810526315789474,5.38,Low Risk
"Singapore, Singapore",1.424151,103.837049,12.62,Commercial,B,7.45,127.7,Manhole,90.4,25,0.057886557886557895,3.616,High Risk
"Mumbai, India",19.07751,72.94902,12.35,Residential,B,4.56,91.69999999999999,CurbInlet,101.2,100,0.04919093851132686,1.012,High Risk
"Brisbane, Australia",-27.398341,152.964019,71.84,Commercial,A,8.0,8.5,GratedInlet,25.0,5,0.8421052631578947,5.0,Low Risk
"Montreal, Canada",45.491276,-73.512573,21.09,Green,C,3.92,91.69999999999999,CurbInlet,49.9,2,0.042286947141316075,24.95,Low Risk
"Shanghai, China",31.257964,121.445585,11.93,Green,B,2.36,212.2,CurbInlet,45.9,5,0.011069418386491557,9.18,Medium Risk
"Ho Chi Minh City, Vietnam",10.908047,106.696275,68.79,Industrial,B,10.34,18.0,GratedInlet,88.7,25,0.5442105263157895,3.548,High Risk
"Kolkata, India",22.606191,88.426115,60.72,Residential,C,6.29,31.6,GratedInlet,38.4,2,0.19294478527607362,19.2,Low Risk
"Nairobi, Kenya",-1.345391,36.911639,84.96,Roads,A,7.09,74.7,Manhole,53.6,2,0.09365918097754293,26.8,Low Risk
"Copenhagen, Denmark",55.575553,12.58227,38.84,Residential,C,6.37,53.8,GratedInlet,16.9,5,0.11624087591240877,3.38,Low Risk
"Rotterdam, Netherlands",51.813262,4.530548,17.24,Commercial,B,8.62,28.5,CurbInlet,23.2,2,0.2922033898305085,11.6,Low Risk
"Lagos, Nigeria",6.655946,3.349189,-3.0,Commercial,B,6.25,27.9,Manhole,59.3,25,0.21626297577854672,2.372,High Risk
"Hyderabad, India",17.534133,78.452728,48.82,Industrial,B,6.6,95.8,GratedInlet,21.8,5,0.06818181818181818,4.36,Low Risk
"Hyderabad, India",17.260506,78.491001,54.79,Residential,B,4.26,32.1,CurbInlet,25.2,2,0.12870090634441086,12.6,Low Risk
"Brisbane, Australia",-27.351046,153.056745,53.06,Residential,B,4.75,51.6,Manhole,71.3,100,0.0903041825095057,0.713,Low Risk
"Osaka, Japan",34.739115,135.457097,55.96,Residential,B,3.78,54.8,Manhole,56.1,25,0.06774193548387097,2.244,Low Risk
"Houston, USA",29.868966,-95.257333,25.130000000000003,Residential,D,2.79,47.1,CurbInlet,24.1,5,0.058004158004158,4.82,Medium Risk
"Buenos Aires, Argentina",-34.515843,-58.313986,75.11,Industrial,D,6.25,17.8,CurbInlet,31.9,10,0.3324468085106383,3.19,Low Risk
"Shanghai, China",31.170739,121.54174,25.130000000000003,Residential,B,7.47,49.6,CurbInlet,42.0,2,0.1476284584980237,21.0,Low Risk
"San Francisco, USA",37.815956,-122.488656,86.36,Roads,B,8.2,50.5,Manhole,29.3,5,0.15922330097087378,5.86,Low Risk
"Vancouver, Canada",49.258525,-123.04016,3.84,Green,A,3.6,5.8,OpenChannel,21.3,25,0.5294117647058824,0.852,Medium Risk
"Singapore, Singapore",1.332586,103.980494,12.8,Roads,D,7.53,177.3,OpenChannel,37.2,50,0.04223219293325855,0.7440000000000001,Low Risk
"Tehran, Iran",35.680479,51.264527,85.88,Green,D,6.07,10.2,Manhole,21.4,50,0.5419642857142858,0.428,Low Risk
"Rio de Janeiro, Brazil",-22.926,-43.286912,25.130000000000003,Commercial,A,9.44,21.3,CurbInlet,61.3,10,0.42331838565022417,6.13,Low Risk
"Athens, Greece",38.154795,23.735582,-3.0,Roads,C,7.25,94.9,GratedInlet,34.6,5,0.07559958289885296,6.92,Medium Risk
"Manila, Philippines",14.616066,121.007999,7.38,Roads,D,9.85,104.4,Manhole,68.2,25,0.09345351043643263,2.728,Medium Risk
"Copenhagen, Denmark",55.627448,12.49886,1.6,Green,D,1.37,408.5,GratedInlet,43.5,5,0.003345543345543346,8.7,High Risk
"Buenos Aires, Argentina",-34.588974,-58.302313,3.21,Mixed,B,3.32,304.4,CurbInlet,23.8,2,0.010870988867059594,11.9,Medium Risk
"Houston, USA",29.859559,-95.307096,47.8,Residential,D,2.11,141.7,CurbInlet,32.2,50,0.014786264891380518,0.644,Medium Risk
"Manila, Philippines",14.612137,120.992023,12.2,Mixed,A,10.64,215.9,OpenChannel,97.1,2,0.04905486399262333,48.55,High Risk
"Philadelphia, USA",39.880627,-75.167382,36.32,Residential,D,4.71,146.5,CurbInlet,33.6,100,0.03193220338983051,0.336,Low Risk
"Ho Chi Minh City, Vietnam",10.779423,106.610244,41.48,Commercial,B,9.46,150.0,Manhole,69.1,2,0.06264900662251656,34.55,Low Risk
"Amsterdam, Netherlands",52.366831,4.811591,2.53,Residential,C,3.6,91.69999999999999,CurbInlet,22.0,5,0.03883495145631068,4.4,Medium Risk
"Colombo, Sri Lanka",6.894666,79.88156,-3.0,Residential,A,8.02,73.3,GratedInlet,48.6,2,0.1079407806191117,24.3,Medium Risk
"Athens, Greece",38.130941,23.768172,27.17,Residential,C,3.49,149.9,Manhole,21.6,2,0.023127899271040423,10.8,Low Risk
"Manila, Philippines",14.595448,120.898268,15.85,Institutional,B,2.68,312.9,OpenChannel,32.9,2,0.008537750876075185,16.45,Medium Risk
"Auckland, New Zealand",-36.843867,174.844799,77.37,Industrial,A,6.25,122.0,Manhole,26.5,2,0.0508130081300813,13.25,Low Risk
"Kolkata, India",22.619382,88.338351,13.4,Residential,B,6.25,309.4,OpenChannel,51.1,10,0.020135309278350517,5.11,Low Risk
"Houston, USA",29.826891,-95.302413,49.99,Green,A,6.59,229.9,GratedInlet,38.5,5,0.028540493720225206,7.7,Low Risk
"Delhi, India",28.832793,77.225627,23.83,Commercial,C,9.26,101.8,Manhole,31.8,5,0.09007782101167315,6.36,Low Risk
"Rio de Janeiro, Brazil",-22.894916,-43.157179,27.68,Commercial,C,7.29,91.69999999999999,CurbInlet,44.5,10,0.07864077669902914,4.45,Low Risk
"Auckland, New Zealand",-36.986417,174.673069,-3.0,Mixed,B,5.73,61.7,GratedInlet,22.7,2,0.09138755980861245,11.35,Medium Risk
"Pune, India",18.552754,73.838376,99.17,Commercial,D,4.72,91.69999999999999,CurbInlet,18.2,2,0.05091693635382956,9.1,Low Risk
"Amsterdam, Netherlands",52.267951,4.934529,19.43,Roads,B,7.04,36.5,CurbInlet,40.8,5,0.18773333333333334,8.16,Low Risk
"Chennai, India",13.066405,80.271944,-2.27,Green,D,2.8,10.2,OpenChannel,30.0,5,0.25,6.0,High Risk
"Guangzhou, China",22.991159,113.279219,-0.48,Industrial,C,7.29,53.3,Manhole,79.0,10,0.13425414364640884,7.9,High Risk
"Accra, Ghana",5.51432,-0.273402,2.66,Residential,D,2.66,16.8,GratedInlet,55.9,2,0.149438202247191,27.95,High Risk
"Brisbane, Australia",-27.438641,152.95405,-3.0,Roads,B,6.97,34.2,CurbInlet,58.3,10,0.19801136363636362,5.83,High Risk
"Kuala Lumpur, Malaysia",3.072135,101.764502,49.74,Roads,B,7.66,91.69999999999999,CurbInlet,65.6,50,0.08263214670981663,1.3119999999999998,Low Risk
"Rio de Janeiro, Brazil",-22.842444,-43.135264,11.05,Roads,A,7.0,63.9,Manhole,57.3,50,0.10785824345146378,1.146,Low Risk
"Rotterdam, Netherlands",51.922868,4.464238,11.38,Industrial,D,8.94,115.6,GratedInlet,24.5,5,0.07667238421955402,4.9,Low Risk
"Mexico City, Mexico",19.52886,-99.223483,10.74,Informal,D,6.03,125.2,OpenChannel,48.9,5,0.04778129952456418,9.78,Low Risk
"Amsterdam, Netherlands",52.401169,4.898555,25.58,Commercial,C,6.98,18.4,CurbInlet,69.8,5,0.35979381443298974,13.959999999999999,Low Risk
"Amsterdam, Netherlands",52.467316,4.937162,4.27,Residential,C,2.59,91.69999999999999,Manhole,19.0,2,0.02793959007551241,9.5,Medium Risk
"Lima, Peru",-12.170019,-77.078821,47.66,Mixed,C,5.14,11.7,GratedInlet,24.0,25,0.4047244094488189,0.96,Low Risk
"Tokyo, Japan",35.756445,139.562503,43.66,Residential,C,8.34,236.6,CurbInlet,37.4,10,0.0351010101010101,3.7399999999999998,Low Risk
"Buenos Aires, Argentina",-34.648581,-58.368667,77.0,Residential,C,6.36,150.8,CurbInlet,19.4,2,0.04189723320158103,9.7,Low Risk
"New Orleans, USA",30.038725,-90.080276,17.35,Residential,A,4.81,50.7,GratedInlet,16.2,2,0.09303675048355899,8.1,Low Risk
"Manila, Philippines",14.555095,120.768753,12.07,Green,B,4.06,91.69999999999999,Manhole,57.2,5,0.043797195253505936,11.440000000000001,Low Risk
"Shenzhen, China",22.490704,113.964178,0.78,Roads,C,8.41,397.0,CurbInlet,81.3,50,0.021130653266331657,1.626,High Risk
"Vancouver, Canada",49.173845,-123.112801,5.01,Water,B,2.84,144.3,CurbInlet,34.2,5,0.01954576737783895,6.840000000000001,Medium Risk
"Lagos, Nigeria",6.620824,3.400229,21.96,Roads,B,5.64,114.8,CurbInlet,105.5,25,0.04870466321243523,4.22,High Risk
"Kolkata, India",22.569592,88.332511,39.42,Residential,D,3.9,337.1,OpenChannel,61.7,5,0.011535048802129546,12.34,Low Risk
"Paris, France",48.917427,2.332029,37.67,Green,C,1.56,192.6,Manhole,31.0,2,0.008057851239669423,15.5,Medium Risk
"New Orleans, USA",29.896449,-90.179243,5.01,Residential,B,2.8,103.9,CurbInlet,19.0,50,0.026692087702573877,0.38,Medium Risk
"Washington DC, USA",38.913162,-77.099411,5.78,Green,B,2.36,189.2,GratedInlet,69.6,25,0.012407991587802314,2.784,Medium Risk
"Lima, Peru",-11.93475,-76.991743,59.11,Roads,A,11.01,86.3,GratedInlet,30.9,50,0.1261168384879725,0.618,Low Risk
"Hyderabad, India",17.389693,78.449162,91.95,Green,C,2.76,245.1,GratedInlet,40.3,10,0.011214953271028037,4.029999999999999,Medium Risk
"Ahmedabad, India",22.897953,72.606306,41.87,Residential,C,5.32,91.69999999999999,CurbInlet,41.3,2,0.05738942826321468,20.65,Low Risk
"Mumbai, India",19.063252,72.850282,15.95,Green,D,3.62,205.7,CurbInlet,29.2,5,0.01751330430575714,5.84,Low Risk
"Cape Town, South Africa",-33.896849,18.499685,8.14,Residential,C,6.45,88.2,CurbInlet,49.3,10,0.07230941704035874,4.93,Low Risk
"Nairobi, Kenya",-1.242107,36.812667,25.130000000000003,Commercial,B,6.25,44.3,CurbInlet,30.3,2,0.13796909492273732,15.15,Low Risk
"Cape Town, South Africa",-33.96996,18.495431,166.51,Commercial,D,7.84,30.4,CurbInlet,22.9,5,0.24968152866242038,4.58,Low Risk
"Barcelona, Spain",41.393543,2.131962,31.29,Residential,B,6.25,53.2,Manhole,31.4,10,0.11531365313653136,3.1399999999999997,Low Risk
"Bangkok, Thailand",13.731776,100.509883,21.09,Residential,B,7.53,80.4,GratedInlet,74.9,25,0.0925061425061425,2.9960000000000004,Low Risk
"Seoul, South Korea",37.556517,127.136495,4.49,Residential,C,6.63,14.5,OpenChannel,29.4,2,0.42774193548387096,14.7,Medium Risk
"Mexico City, Mexico",19.469832,-99.133643,-3.0,Residential,B,6.88,94.3,CurbInlet,22.1,2,0.07219307450157397,11.05,Medium Risk
"Mexico City, Mexico",19.510033,-99.120559,73.79,Residential,B,4.73,14.6,CurbInlet,34.0,100,0.30320512820512824,0.34,Low Risk
"Shanghai, China",31.189183,121.511178,-3.0,Residential,A,3.98,43.1,Manhole,34.0,5,0.09024943310657596,6.8,Medium Risk
"Delhi, India",28.541521,77.260555,62.59,Green,B,7.0,282.0,GratedInlet,38.2,100,0.024734982332155476,0.382,Low Risk
"Washington DC, USA",38.834521,-77.080256,78.02,Residential,D,7.17,469.9,OpenChannel,16.1,10,0.01522616266723296,1.61,Low Risk
"Bogotá, Colombia",4.710353,-73.994234,149.35,Residential,B,6.85,71.5,Manhole,28.7,25,0.09448275862068965,1.148,Low Risk
"Dhaka, Bangladesh",23.827949,90.555143,68.73,Residential,C,2.28,72.5,CurbInlet,60.9,50,0.031020408163265303,1.218,Medium Risk
"Seoul, South Korea",37.511903,126.934704,3.85,Roads,D,6.25,83.5,CurbInlet,25.0,5,0.07396449704142012,5.0,Medium Risk
"Osaka, Japan",34.664879,135.588003,60.36,Residential,C,8.65,46.3,GratedInlet,24.7,25,0.18287526427061312,0.988,Low Risk
"Nairobi, Kenya",-1.272552,36.839748,67.54,Residential,B,3.99,383.2,OpenChannel,30.5,5,0.010385216033315983,6.1,Low Risk
"Auckland, New Zealand",-36.806697,174.84902,67.38,Residential,B,2.98,18.8,Manhole,16.2,2,0.1505050505050505,8.1,Medium Risk
"Colombo, Sri Lanka",7.06202,79.839137,-3.0,Roads,B,5.23,88.0,OpenChannel,91.4,10,0.05876404494382023,9.14,High Risk
"Mexico City, Mexico",19.521565,-99.182136,54.14,Residential,A,3.79,50.3,CurbInlet,32.2,5,0.07387914230019493,6.44,Low Risk
"London, UK",51.561097,-0.163665,46.1,Commercial,A,6.25,127.9,Manhole,41.8,2,0.04848719937936385,20.9,Low Risk
"Dubai, UAE",25.217375,55.21513,25.130000000000003,Residential,C,8.77,30.0,CurbInlet,8.8,25,0.2829032258064516,0.35200000000000004,Low Risk
"Taipei, Taiwan",25.067548,121.586524,55.49,Commercial,B,7.24,7.6,GratedInlet,19.5,25,0.8418604651162791,0.78,Low Risk
"San Francisco, USA",37.783743,-122.39362,30.08,Commercial,A,6.25,68.1,Manhole,29.5,5,0.09044862518089726,5.9,Low Risk
"Vancouver, Canada",49.380721,-123.137158,4.44,Roads,A,10.36,146.6,Manhole,69.6,10,0.07018970189701897,6.959999999999999,Medium Risk
"Tokyo, Japan",35.71595,139.671483,54.31,Roads,B,8.66,86.8,GratedInlet,39.3,2,0.09863325740318907,19.65,Low Risk
"Singapore, Singapore",1.432169,103.680954,32.55,Roads,B,4.33,238.8,OpenChannel,52.8,5,0.01805671392827356,10.559999999999999,Low Risk
"Colombo, Sri Lanka",7.013326,79.848604,19.24,Mixed,A,6.25,93.0,CurbInlet,93.6,100,0.06648936170212766,0.9359999999999999,High Risk
"Houston, USA",29.694318,-95.276415,81.67,Industrial,C,9.33,114.4,GratedInlet,46.2,10,0.08084922010398614,4.62,Low Risk
"Dhaka, Bangladesh",23.760779,90.489076,51.0,Green,B,2.23,286.8,Manhole,89.6,25,0.007748436414176511,3.5839999999999996,High Risk
"Hong Kong, China",22.351501,114.125928,0.83,Mixed,B,5.63,11.4,GratedInlet,52.3,2,0.4540322580645161,26.15,Medium Risk
"Dhaka, Bangladesh",23.750655,90.454083,21.53,Residential,C,4.81,38.8,CurbInlet,121.6,10,0.12085427135678392,12.16,High Risk
"New Orleans, USA",29.873963,-90.106716,26.95,Roads,C,6.25,128.9,CurbInlet,30.8,5,0.0481139337952271,6.16,Low Risk
"Chennai, India",13.331655,80.401479,19.0,Residential,B,5.81,556.3,OpenChannel,71.0,25,0.01042526466893953,2.84,Low Risk
"Ho Chi Minh City, Vietnam",10.688585,106.681598,29.08,Industrial,B,9.61,7.4,CurbInlet,105.1,50,1.144047619047619,2.102,High Risk
"Mexico City, Mexico",19.435885,-99.093449,55.05,Industrial,B,5.24,82.2,CurbInlet,18.8,2,0.06298076923076923,9.4,Low Risk
"Barcelona, Spain",41.410612,2.041829,-0.04,Commercial,B,6.0,60.6,CurbInlet,26.9,2,0.09740259740259741,13.45,Medium Risk
"Lima, Peru",-12.042956,-76.968145,67.12,Residential,A,3.38,93.6,Manhole,33.3,2,0.03572938689217759,16.65,Low Risk
"Ahmedabad, India",23.166031,72.526356,-3.0,Commercial,A,7.19,456.0,CurbInlet,33.7,2,0.01573304157549234,16.85,Medium Risk
"Buenos Aires, Argentina",-34.520987,-58.382783,30.67,Commercial,B,6.23,751.7,CurbInlet,16.0,50,0.008276869934901024,0.32,Low Risk
"Kolkata, India",22.533176,88.221921,59.16,Mixed,C,5.29,194.0,OpenChannel,40.5,5,0.02712820512820513,8.1,Low Risk
"Accra, Ghana",5.593875,-0.204516,6.07,Residential,B,3.11,48.8,GratedInlet,129.5,100,0.06244979919678715,1.295,High Risk
"Singapore, Singapore",1.428376,103.898851,25.130000000000003,Residential,B,6.25,36.2,GratedInlet,45.8,25,0.16801075268817203,1.8319999999999999,Low Risk
"Philadelphia, USA",39.906391,-75.081549,65.66,Water,A,3.48,246.1,GratedInlet,48.6,10,0.014083367057871308,4.86,Low Risk
"Sydney, Australia",-33.818217,151.202654,-3.0,Residential,C,3.29,44.2,Manhole,56.2,25,0.07278761061946902,2.248,High Risk
"Mexico City, Mexico",19.318091,-99.020897,28.06,Green,D,3.59,100.6,Manhole,61.3,10,0.03533464566929134,6.13,Low Risk
"Pune, India",18.485636,73.834072,41.35,Residential,D,4.38,97.6,GratedInlet,60.5,100,0.04442190669371197,0.605,Low Risk
"Montreal, Canada",45.536632,-73.453494,81.28,Commercial,D,9.1,102.7,GratedInlet,25.9,5,0.08775313404050145,5.18,Low Risk
"Barcelona, Spain",41.371003,2.131939,-3.0,Industrial,C,8.24,52.5,CurbInlet,25.8,5,0.15401869158878506,5.16,Medium Risk
"Buenos Aires, Argentina",-34.620373,-58.331391,-3.0,Residential,C,6.26,109.0,CurbInlet,16.2,2,0.05690909090909091,8.1,Medium Risk
"Rio de Janeiro, Brazil",-23.037395,-43.121518,25.130000000000003,Residential,B,3.56,174.9,Manhole,76.3,100,0.02023877202956225,0.763,Low Risk
"Chennai, India",13.045491,80.24032,16.48,Residential,C,3.88,72.0,CurbInlet,123.3,100,0.05315068493150685,1.2329999999999999,High Risk
"Vancouver, Canada",49.2769,-123.055603,4.04,Green,C,3.23,195.3,Manhole,27.5,2,0.016454406520631685,13.75,Medium Risk
"Bengaluru, India",12.959208,77.511303,20.09,Residential,C,5.68,33.4,Manhole,18.4,50,0.16511627906976745,0.368,Low Risk
"Mexico City, Mexico",19.373213,-99.064587,19.58,Institutional,D,5.04,91.69999999999999,Manhole,77.5,100,0.05436893203883496,0.775,Low Risk
"New York, USA",40.672767,-74.003531,105.39,Water,D,4.28,127.1,CurbInlet,64.2,5,0.03341139734582358,12.84,Low Risk
"Montreal, Canada",45.526889,-73.657444,35.51,Industrial,A,4.48,68.4,GratedInlet,19.2,2,0.06455331412103746,9.6,Low Risk
"Miami, USA",25.811514,-80.368188,16.95,Institutional,B,5.89,349.4,OpenChannel,77.2,10,0.01680936073059361,7.720000000000001,Low Risk
"San Francisco, USA",37.804065,-122.549128,146.46,Residential,A,7.88,91.69999999999999,OpenChannel,77.7,10,0.08500539374325783,7.7700000000000005,Low Risk
"Lima, Peru",-11.882963,-77.014557,3.64,Commercial,B,5.46,171.6,OpenChannel,39.3,5,0.03163383545770568,7.859999999999999,Medium Risk
"Singapore, Singapore",1.334209,103.837504,27.02,Industrial,A,9.21,114.3,CurbInlet,87.9,50,0.07987857762359064,1.758,High Risk
"Mumbai, India",19.155942,72.792529,1.95,Commercial,C,4.79,93.5,OpenChannel,76.2,10,0.05068783068783069,7.62,High Risk
"Seoul, South Korea",37.600544,126.888601,51.2,Green,A,8.09,273.4,OpenChannel,31.0,5,0.02948250728862974,6.2,Low Risk
"Pune, India",18.403788,73.902711,25.130000000000003,Residential,C,3.95,34.3,CurbInlet,25.4,2,0.11189801699716716,12.7,Low Risk
"Jakarta, Indonesia",-6.277205,106.784594,8.61,Roads,B,10.95,25.9,GratedInlet,100.7,100,0.4070631970260223,1.0070000000000001,High Risk
"Hyderabad, India",17.500117,78.478042,46.77,Commercial,A,7.73,157.2,CurbInlet,19.1,25,0.048862199747155506,0.764,Low Risk
"Washington DC, USA",38.823015,-77.035041,95.27,Green,B,4.65,257.8,CurbInlet,14.1,5,0.01796754250386399,2.82,Low Risk
"Rio de Janeiro, Brazil",-22.847881,-42.994528,11.14,Residential,D,5.99,69.2,CurbInlet,67.1,5,0.08532763532763532,13.419999999999998,Low Risk
"New Orleans, USA",29.947837,-90.038943,7.98,Residential,D,7.67,120.5,OpenChannel,53.4,50,0.06312757201646091,1.068,Medium Risk
"Mumbai, India",19.16408,72.873119,18.26,Roads,D,7.29,28.1,CurbInlet,77.6,50,0.25051546391752577,1.5519999999999998,Low Risk
"Rotterdam, Netherlands",51.83093,4.54564,17.8,Green,C,4.96,212.8,CurbInlet,56.2,5,0.023199251637043963,11.24,Low Risk
"Nairobi, Kenya",-1.297923,36.87853,50.63,Roads,B,6.3,76.3,Manhole,24.1,5,0.0815006468305304,4.82,Low Risk
"Montreal, Canada",45.47141,-73.582564,51.3,Industrial,D,8.45,88.8,Manhole,22.0,2,0.09409799554565701,11.0,Low Risk
"Pune, India",18.421024,73.639976,56.46,Residential,D,7.89,100.9,Manhole,9.7,5,0.07742885181550539,1.94,Low Risk
"Lagos, Nigeria",6.661274,3.449798,-2.22,Residential,B,7.68,98.5,Manhole,94.4,2,0.0771859296482412,47.2,High Risk
"Kolkata, India",22.633762,88.454745,-3.0,Roads,C,5.05,8.8,GratedInlet,27.8,50,0.5153061224489796,0.556,High Risk
"Mexico City, Mexico",19.229836,-99.131476,23.08,Roads,D,8.51,84.8,CurbInlet,53.9,5,0.09918414918414918,10.78,Low Risk
"New Orleans, USA",29.971333,-90.089094,5.97,Industrial,C,7.69,23.3,GratedInlet,16.5,50,0.31646090534979426,0.33,Medium Risk
"Auckland, New Zealand",-36.787295,174.825867,28.8,Residential,B,2.92,18.1,CurbInlet,16.6,2,0.15287958115183245,8.3,Medium Risk
"Philadelphia, USA",40.014546,-75.182815,29.12,Industrial,B,10.81,410.7,OpenChannel,13.1,100,0.026256983240223467,0.131,Low Risk
"Philadelphia, USA",39.993009,-75.14022,28.33,Green,B,6.25,306.0,CurbInlet,12.4,10,0.02035830618892508,1.24,Low Risk
"Brisbane, Australia",-27.533231,153.07808,2.44,Commercial,C,10.86,23.3,GratedInlet,42.4,50,0.4469135802469135,0.848,Medium Risk
"Bangkok, Thailand",13.749231,100.516898,7.31,Industrial,D,6.25,73.5,CurbInlet,140.1,100,0.08389261744966443,1.401,High Risk
"London, UK",51.505878,-0.095656,84.1,Roads,A,7.93,132.4,Manhole,28.6,25,0.05944527736131933,1.1440000000000001,Low Risk
"Washington DC, USA",38.86408,-77.020537,110.13,Residential,B,6.58,117.3,CurbInlet,31.7,10,0.05562130177514793,3.17,Low Risk
"Bengaluru, India",13.067448,77.574496,51.11,Institutional,C,4.95,22.1,CurbInlet,54.2,10,0.21428571428571427,5.42,Low Risk
"Lagos, Nigeria",6.522605,3.405811,19.19,Residential,B,8.02,8.7,CurbInlet,55.7,50,0.8268041237113403,1.114,Low Risk
"Tehran, Iran",35.807749,51.459159,51.23,Green,B,3.95,58.7,CurbInlet,38.2,50,0.0661641541038526,0.764,Low Risk
"Miami, USA",25.693,-80.296988,9.24,Green,C,7.59,21.3,Manhole,79.8,50,0.34035874439461883,1.5959999999999999,Low Risk
"Barcelona, Spain",41.397694,2.217602,13.04,Water,D,3.05,311.2,GratedInlet,47.4,25,0.009769378603459321,1.896,Low Risk
"Amsterdam, Netherlands",52.282612,4.828149,7.53,Mixed,A,7.5,7.5,CurbInlet,20.9,5,0.8823529411764706,4.18,Medium Risk
"New York, USA",40.783956,-73.976593,74.42,Residential,A,7.07,91.69999999999999,Manhole,44.7,5,0.07626752966558793,8.940000000000001,Low Risk
"Copenhagen, Denmark",55.602411,12.505045,10.38,Residential,C,6.25,91.69999999999999,CurbInlet,25.0,10,0.06742179072276161,2.5,Low Risk
"Sao Paulo, Brazil",-23.588078,-46.627541,-3.0,Industrial,B,4.35,44.3,GratedInlet,32.9,2,0.09602649006622517,16.45,Medium Risk
"Barcelona, Spain",41.393959,2.143102,7.71,Residential,A,6.32,47.9,GratedInlet,41.1,2,0.1292433537832311,20.55,Medium Risk
"London, UK",51.448464,-0.212598,84.84,Roads,C,5.85,101.8,GratedInlet,17.0,2,0.05690661478599222,8.5,Low Risk
"Seoul, South Korea",37.50419,126.944613,77.66,Commercial,B,8.72,91.69999999999999,Manhole,32.1,5,0.094066882416397,6.42,Low Risk
"Barcelona, Spain",41.398164,2.126905,19.63,Green,A,6.54,0.6,OpenChannel,20.3,50,4.0874999999999995,0.406,Low Risk
"Bengaluru, India",12.976138,77.611628,57.09,Residential,C,6.22,91.69999999999999,Manhole,32.8,10,0.06709816612729234,3.28,Low Risk
"Lagos, Nigeria",6.514979,3.33293,15.82,Industrial,A,5.28,83.7,GratedInlet,65.3,5,0.06233766233766234,13.059999999999999,Low Risk
"Washington DC, USA",39.017167,-77.07019,78.09,Residential,C,7.43,131.7,Manhole,58.7,10,0.055990957045968355,5.87,Low Risk
"Durban, South Africa",-29.946583,30.979814,6.97,Green,B,2.36,176.2,CurbInlet,69.6,25,0.013318284424379233,2.784,Medium Risk
"Barcelona, Spain",41.34335,2.170248,2.98,Institutional,C,3.3,267.0,Manhole,27.8,10,0.012313432835820894,2.7800000000000002,Medium Risk
"Bengaluru, India",12.944588,77.604846,46.7,Residential,D,5.53,127.1,Manhole,53.2,5,0.04316939890710383,10.64,Low Risk
"Athens, Greece",38.028353,23.846257,-3.0,Green,B,2.07,308.9,GratedInlet,25.9,5,0.006679574056147144,5.18,Medium Risk
"Vancouver, Canada",49.148624,-123.235374,11.45,Residential,D,6.04,4.0,Manhole,30.1,5,1.208,6.0200000000000005,Low Risk
"Nairobi, Kenya",-1.232109,36.804535,65.25,Green,B,2.37,91.69999999999999,Manhole,30.5,5,0.025566343042071202,6.1,Medium Risk
"Tokyo, Japan",35.65098,139.654258,51.89,Residential,B,2.16,204.0,GratedInlet,77.9,5,0.01053658536585366,15.580000000000002,Medium Risk
"Rotterdam, Netherlands",51.800469,4.458381,10.48,Commercial,B,9.96,10.9,Manhole,16.7,25,0.8369747899159664,0.6679999999999999,Low Risk
"Riyadh, Saudi Arabia",24.85684,46.623439,37.7,Roads,B,8.41,91.69999999999999,GratedInlet,22.7,5,0.09072276159654802,4.54,Low Risk
"San Francisco, USA",37.816014,-122.536431,151.43,Roads,C,6.13,79.5,CurbInlet,37.7,10,0.07614906832298136,3.7700000000000005,Low Risk
"Houston, USA",29.847333,-95.439544,12.73,Commercial,B,7.24,3.9,Manhole,20.7,5,1.4775510204081632,4.14,Low Risk
"Istanbul, Türkiye",41.119431,28.928282,43.21,Green,B,2.53,528.1,CurbInlet,34.1,2,0.004781704781704781,17.05,Medium Risk
"Barcelona, Spain",41.4486,2.283317,15.44,Residential,D,6.25,172.7,OpenChannel,42.7,5,0.03598157743235464,8.540000000000001,Low Risk
"Vancouver, Canada",49.251723,-123.260832,15.51,Roads,C,7.18,30.2,CurbInlet,13.5,2,0.23012820512820512,6.75,Low Risk
"Shenzhen, China",22.679786,114.159815,8.29,Industrial,A,5.64,49.8,Manhole,40.1,2,0.1110236220472441,20.05,Low Risk
"Athens, Greece",38.033884,23.578047,48.85,Industrial,A,4.28,53.3,GratedInlet,27.8,2,0.07882136279926336,13.9,Low Risk
"Lagos, Nigeria",6.452143,3.451479,10.75,Commercial,D,4.2,88.8,CurbInlet,150.0,25,0.0467706013363029,6.0,High Risk
"Delhi, India",28.642975,77.252889,115.03,Roads,C,5.94,38.1,Manhole,35.3,50,0.15191815856777494,0.706,Low Risk
"Kuala Lumpur, Malaysia",3.268223,101.811036,-3.0,Green,B,5.92,342.5,CurbInlet,90.5,10,0.017234352256186317,9.05,High Risk
"Lima, Peru",-11.921741,-77.057409,21.76,Roads,D,3.36,17.4,OpenChannel,41.1,50,0.1826086956521739,0.8220000000000001,Low Risk
"Riyadh, Saudi Arabia",24.744683,46.520647,-3.0,Commercial,D,5.8,233.5,OpenChannel,8.3,50,0.024733475479744135,0.166,Medium Risk
"Kolkata, India",22.43023,88.480132,62.88,Industrial,B,10.9,312.1,CurbInlet,29.0,5,0.03481315873522836,5.8,Low Risk
"Sydney, Australia",-33.838687,151.308888,0.69,Green,A,4.79,293.8,OpenChannel,55.2,10,0.0162483039348711,5.5200000000000005,Medium Risk
"Chennai, India",13.113494,80.204258,12.63,Green,B,4.56,122.3,Manhole,105.8,25,0.03698296836982968,4.232,High Risk
"New Orleans, USA",29.94437,-90.053915,7.8,Green,A,1.83,160.9,GratedInlet,55.2,5,0.011303273625694873,11.040000000000001,Medium Risk
"Brisbane, Australia",-27.419556,152.902017,65.19,Residential,B,4.56,91.69999999999999,GratedInlet,26.3,2,0.04919093851132686,13.15,Low Risk
"Buenos Aires, Argentina",-34.559001,-58.336407,115.15,Industrial,D,5.9,82.1,CurbInlet,36.2,2,0.07099879663056559,18.1,Low Risk
"Bangkok, Thailand",13.69144,100.41412,-3.0,Roads,A,7.79,614.2,CurbInlet,45.7,5,0.012662548764629388,9.14,Medium Risk
"Rotterdam, Netherlands",51.782672,4.526668,7.64,Commercial,A,4.09,105.1,Manhole,28.2,10,0.03854853911404336,2.82,Medium Risk
"Copenhagen, Denmark",55.796699,12.555078,37.76,Industrial,C,4.29,6.1,GratedInlet,24.3,10,0.6042253521126761,2.43,Low Risk
"Auckland, New Zealand",-36.879021,174.741063,53.9,Residential,C,3.27,143.9,CurbInlet,66.2,10,0.022567287784679087,6.62,Low Risk
"Istanbul, Türkiye",41.012371,28.958532,52.79,Roads,B,3.51,91.69999999999999,GratedInlet,46.5,5,0.037864077669902914,9.3,Low Risk
"Dhaka, Bangladesh",23.762614,90.371019,88.93,Roads,B,8.38,162.7,Manhole,61.9,10,0.05119120342089188,6.1899999999999995,Low Risk
"Philadelphia, USA",40.025695,-75.205585,16.0,Roads,B,4.3,129.9,GratedInlet,46.3,10,0.03284950343773873,4.63,Low Risk
"Karachi, Pakistan",24.911529,67.172185,55.01,Residential,C,4.83,124.1,CurbInlet,47.1,50,0.03860911270983214,0.9420000000000001,Low Risk
"Mexico City, Mexico",19.50178,-99.225414,77.49,Residential,B,6.25,1.5,Manhole,28.5,5,2.5,5.7,Low Risk
"Amsterdam, Netherlands",52.399425,4.908386,11.84,Commercial,B,9.25,64.4,Manhole,30.6,100,0.1414373088685015,0.306,Low Risk
"Istanbul, Türkiye",41.123456,28.889117,107.02,Commercial,C,9.83,160.0,GratedInlet,25.6,2,0.061055900621118014,12.8,Low Risk
"Seoul, South Korea",37.48406,126.900766,17.16,Roads,A,3.69,103.0,CurbInlet,61.6,25,0.03548076923076923,2.464,Low Risk
"Lima, Peru",-12.035297,-77.092359,61.91,Industrial,C,7.0,373.4,CurbInlet,28.2,25,0.018696581196581196,1.128,Low Risk
"Rome, Italy",41.884839,12.44155,40.91,Industrial,D,7.3,92.2,GratedInlet,19.0,2,0.07832618025751073,9.5,Low Risk
"Karachi, Pakistan",24.653109,66.915227,25.130000000000003,Residential,B,4.62,49.7,Manhole,54.7,100,0.09112426035502959,0.547,Low Risk
"Riyadh, Saudi Arabia",24.657116,46.606386,50.55,Roads,C,6.08,37.3,Manhole,13.4,2,0.15874673629242822,6.7,Low Risk
"Brisbane, Australia",-27.398254,153.121061,20.78,Roads,B,5.95,320.4,OpenChannel,22.7,100,0.01851275668948351,0.22699999999999998,Low Risk
"Philadelphia, USA",40.000949,-75.257334,21.56,Green,C,4.18,282.1,CurbInlet,16.6,50,0.014765100671140938,0.332,Low Risk
"Mumbai, India",19.135957,72.897326,5.73,Roads,B,6.64,138.5,OpenChannel,46.0,2,0.047598566308243724,23.0,Medium Risk
"Cape Town, South Africa",-33.825432,18.476241,113.28,Roads,D,5.43,78.8,CurbInlet,25.2,50,0.06804511278195488,0.504,Low Risk
"Copenhagen, Denmark",55.722272,12.540012,40.07,Roads,C,10.88,260.9,OpenChannel,62.8,10,0.041542573501336395,6.279999999999999,Low Risk
"Chennai, India",13.021981,80.245154,-3.0,Residential,B,3.86,146.1,CurbInlet,61.5,10,0.026240652617267164,6.15,High Risk
"Manila, Philippines",14.667464,120.930625,11.68,Green,D,3.69,402.5,CurbInlet,116.9,50,0.009144981412639405,2.338,High Risk
"Dhaka, Bangladesh",23.856682,90.461885,99.39,Roads,A,6.66,146.9,GratedInlet,43.7,100,0.04503042596348884,0.43700000000000006,Low Risk
"Washington DC, USA",38.930413,-76.865026,96.57,Roads,B,10.24,140.7,CurbInlet,44.3,10,0.07226534932956952,4.43,Low Risk
"Miami, USA",25.800385,-80.128648,17.1,Residential,B,4.07,117.1,Manhole,42.9,5,0.03446232006773921,8.58,Low Risk
"Hong Kong, China",22.371143,114.152424,11.49,Residential,C,5.2,73.1,GratedInlet,47.8,25,0.07017543859649124,1.912,Low Risk
"Buenos Aires, Argentina",-34.587583,-58.38188,-3.0,Industrial,C,8.83,98.7,OpenChannel,68.6,25,0.08856569709127382,2.7439999999999998,High Risk
"Manila, Philippines",14.61148,121.084784,14.04,Green,D,3.76,159.4,Manhole,59.3,10,0.023441396508728177,5.93,Low Risk
"Cape Town, South Africa",-33.862239,18.510836,221.63,Green,B,3.48,162.9,OpenChannel,19.9,2,0.021232458816351434,9.95,Low Risk
"Sao Paulo, Brazil",-23.517757,-46.665563,81.19,Industrial,B,9.67,71.3,CurbInlet,66.8,5,0.13374827109266943,13.36,Low Risk
"Dhaka, Bangladesh",23.770822,90.406331,-3.0,Commercial,A,9.49,78.0,Manhole,47.0,10,0.12012658227848101,4.7,Medium Risk
"Ho Chi Minh City, Vietnam",10.844813,106.584776,53.29,Commercial,D,6.74,335.6,CurbInlet,41.3,50,0.020023767082590613,0.826,Low Risk
"Ahmedabad, India",23.015209,72.586834,5.94,Industrial,A,4.72,191.8,CurbInlet,18.8,50,0.024481327800829872,0.376,Medium Risk
"Seoul, South Korea",37.508342,127.021785,39.0,Industrial,B,9.11,18.0,CurbInlet,19.4,5,0.4794736842105263,3.88,Low Risk
"Ho Chi Minh City, Vietnam",10.844343,106.678593,33.8,Residential,C,6.25,58.4,CurbInlet,38.5,2,0.10521885521885523,19.25,Low Risk
"Tokyo, Japan",35.697121,139.666878,96.48,Residential,C,3.59,20.8,CurbInlet,38.3,2,0.1646788990825688,19.15,Low Risk
"Rotterdam, Netherlands",52.084604,4.493236,3.79,Industrial,C,4.15,124.4,GratedInlet,35.1,5,0.03309409888357257,7.0200000000000005,Medium Risk
"Barcelona, Spain",41.245247,2.10476,5.4,Residential,B,5.52,38.4,Manhole,22.7,10,0.14010152284263958,2.27,Medium Risk
"Rome, Italy",41.870543,12.328795,56.14,Roads,C,9.0,245.4,OpenChannel,30.5,25,0.036525974025974024,1.22,Low Risk
"Doha, Qatar",25.341679,51.416266,67.21,Residential,C,4.77,63.4,Manhole,30.9,10,0.07406832298136645,3.09,Low Risk
"Rotterdam, Netherlands",51.964541,4.440018,3.78,Green,C,6.25,350.6,GratedInlet,41.4,5,0.017775881683731513,8.28,Medium Risk
"Manila, Philippines",14.575281,121.005397,-3.0,Residential,A,6.2,91.69999999999999,CurbInlet,46.1,2,0.06688241639697952,23.05,Medium Risk
"Chennai, India",13.125843,80.264888,25.130000000000003,Industrial,D,10.02,49.1,CurbInlet,104.7,5,0.19999999999999998,20.94,High Risk
"Vancouver, Canada",49.262389,-123.043046,16.1,Green,A,6.98,33.2,Manhole,26.9,10,0.204093567251462,2.69,Low Risk
"Brisbane, Australia",-27.585299,153.022692,-3.0,Roads,D,8.61,203.7,CurbInlet,37.6,2,0.042061553492916466,18.8,High Risk
"Hyderabad, India",17.49578,78.422704,42.14,Commercial,C,5.94,91.69999999999999,Manhole,41.8,50,0.06407766990291264,0.836,Low Risk
"Dubai, UAE",25.179043,55.318947,84.93,Roads,A,9.39,161.0,CurbInlet,24.5,2,0.057962962962962966,12.25,Low Risk
"Cape Town, South Africa",-34.01394,18.444154,23.59,Residential,C,4.94,192.4,OpenChannel,31.7,5,0.025542916235780765,6.34,Low Risk
"Ahmedabad, India",23.044635,72.497931,38.5,Residential,C,5.99,382.9,OpenChannel,25.7,10,0.0156030216202136,2.57,Low Risk
"Vancouver, Canada",49.29266,-123.122796,12.62,Roads,B,8.19,48.8,CurbInlet,23.1,25,0.1644578313253012,0.924,Low Risk
"Nairobi, Kenya",-1.343593,36.961326,54.95,Residential,A,5.88,186.5,CurbInlet,34.9,50,0.03136,0.698,Low Risk
"Mexico City, Mexico",19.398948,-99.085444,51.51,Green,A,5.3,222.3,OpenChannel,47.8,10,0.02373488580385132,4.779999999999999,Low Risk
"Bengaluru, India",12.997025,77.673815,22.26,Commercial,C,9.55,39.9,CurbInlet,30.2,100,0.23349633251833743,0.302,Low Risk
"Riyadh, Saudi Arabia",24.83752,46.612715,82.39,Commercial,B,5.98,45.2,GratedInlet,13.5,5,0.12943722943722943,2.7,Low Risk
"New Orleans, USA",30.01675,-90.061069,12.13,Industrial,D,7.46,9.4,Manhole,27.9,50,0.7173076923076923,0.5579999999999999,Low Risk
"New Orleans, USA",29.856911,-90.091856,22.91,Residential,B,4.32,55.7,GratedInlet,50.5,10,0.0761904761904762,5.05,Low Risk
"Jakarta, Indonesia",-6.161354,106.786826,25.130000000000003,Roads,C,5.32,92.9,GratedInlet,90.6,10,0.05665601703940362,9.059999999999999,High Risk
"Brisbane, Australia",-27.630363,152.946992,52.85,Roads,B,6.25,95.6,Manhole,21.7,25,0.06469979296066253,0.868,Low Risk
"Auckland, New Zealand",-36.790625,174.671998,-3.0,Residential,B,5.57,91.69999999999999,GratedInlet,68.2,10,0.06008629989212515,6.82,High Risk
"Accra, Ghana",5.64871,-0.123407,19.7,Water,B,5.76,260.2,Manhole,86.5,50,0.022052067381316997,1.73,High Risk
"Jakarta, Indonesia",-6.219765,106.813347,15.27,Industrial,B,7.02,82.8,CurbInlet,118.6,50,0.0837708830548926,2.372,High Risk
"Dubai, UAE",25.179262,55.324771,33.57,Residential,C,5.79,105.2,GratedInlet,17.0,5,0.054519774011299434,3.4,Low Risk
"Kuala Lumpur, Malaysia",3.215051,101.6995,29.95,Industrial,A,6.95,54.2,GratedInlet,31.9,50,0.12590579710144928,0.638,Low Risk
"Sao Paulo, Brazil",-23.648512,-46.647881,25.130000000000003,Commercial,B,4.67,23.3,CurbInlet,39.7,25,0.19218106995884773,1.588,Low Risk
"Mexico City, Mexico",19.406808,-99.224417,34.8,Residential,D,5.88,91.69999999999999,GratedInlet,19.2,25,0.06343042071197412,0.768,Low Risk
"Paris, France",48.849946,2.302564,28.62,Residential,B,6.02,112.9,CurbInlet,64.6,25,0.052853380158033356,2.5839999999999996,Low Risk
"Mexico City, Mexico",19.387161,-99.211268,-3.0,Industrial,B,10.48,98.8,Manhole,48.4,50,0.10501002004008017,0.968,Medium Risk
"Manila, Philippines",14.603027,120.987074,13.84,Commercial,B,8.49,65.5,GratedInlet,79.6,5,0.12766917293233082,15.919999999999998,Low Risk
"Tokyo, Japan",35.614035,139.557341,-2.91,Residential,A,2.84,23.4,Manhole,33.4,5,0.11639344262295082,6.68,Medium Risk
"Mexico City, Mexico",19.428049,-99.209168,69.84,Residential,B,7.73,64.7,CurbInlet,30.1,2,0.11765601217656012,15.05,Low Risk
"Bogotá, Colombia",4.71733,-74.179593,47.77,Commercial,B,4.51,324.0,OpenChannel,37.4,5,0.013876923076923077,7.4799999999999995,Low Risk
"Cape Town, South Africa",-33.858642,18.407795,53.81,Residential,C,7.84,91.6,GratedInlet,24.1,10,0.08466522678185745,2.41,Low Risk
"Bogotá, Colombia",4.726781,-74.105088,124.78,Residential,D,6.25,104.3,GratedInlet,42.3,5,0.059354226020892686,8.459999999999999,Low Risk
"Philadelphia, USA",39.937116,-75.279967,26.19,Industrial,A,9.69,65.7,GratedInlet,16.8,10,0.14527736131934033,1.6800000000000002,Low Risk
"Durban, South Africa",-29.900143,31.002225,38.72,Green,B,2.71,145.3,OpenChannel,20.6,5,0.018523581681476418,4.12,Medium Risk
"Mumbai, India",19.090451,72.879029,13.08,Commercial,B,10.48,35.2,CurbInlet,103.2,10,0.2895027624309392,10.32,High Risk
"Miami, USA",25.707607,-80.284818,25.130000000000003,Residential,D,7.36,91.69999999999999,CurbInlet,39.4,5,0.07939590075512407,7.88,Low Risk
"Montreal, Canada",45.552662,-73.587886,-3.0,Roads,D,4.99,73.5,GratedInlet,32.7,10,0.06697986577181209,3.2700000000000005,High Risk
"Amsterdam, Netherlands",52.354225,4.966751,21.2,Industrial,C,3.31,116.2,CurbInlet,26.5,10,0.028242320819112626,2.65,Low Risk
"Tokyo, Japan",35.555876,139.676039,53.25,Roads,C,4.98,345.1,CurbInlet,21.7,5,0.014388904940768565,4.34,Low Risk
"Istanbul, Türkiye",40.983225,29.027029,-3.0,Green,D,4.86,179.0,CurbInlet,22.4,10,0.027000000000000003,2.2399999999999998,High Risk
"Hanoi, Vietnam",21.032627,105.818381,32.89,Roads,D,8.33,56.5,CurbInlet,82.9,25,0.1448695652173913,3.3160000000000003,High Risk
"Buenos Aires, Argentina",-34.573344,-58.423029,71.92,Commercial,C,8.95,80.3,Manhole,11.7,2,0.1100861008610086,5.85,Low Risk
"Athens, Greece",38.025192,23.594532,0.57,Mixed,D,7.1,82.6,CurbInlet,43.6,2,0.08492822966507177,21.8,High Risk
"Guangzhou, China",23.077116,113.164569,18.45,Residential,D,8.11,69.7,CurbInlet,40.0,2,0.1147100424328147,20.0,Low Risk
"Bangkok, Thailand",13.714462,100.599855,11.45,Industrial,A,7.5,284.6,OpenChannel,61.6,2,0.02626050420168067,30.8,Low Risk
"Nairobi, Kenya",-1.28514,36.89165,3.03,Informal,D,10.95,129.3,OpenChannel,20.2,10,0.08403683806600153,2.02,Medium Risk
"Barcelona, Spain",41.353431,2.210294,23.04,Roads,B,9.95,65.2,Manhole,66.4,5,0.15030211480362535,13.280000000000001,Low Risk
"Vancouver, Canada",49.414537,-123.172791,14.84,Residential,A,4.13,63.4,GratedInlet,37.9,2,0.06413043478260869,18.95,Low Risk
"Guangzhou, China",23.123674,113.242171,32.0,Residential,C,6.92,17.6,Manhole,49.7,5,0.37204301075268814,9.940000000000001,Low Risk
"Hyderabad, India",17.414971,78.445944,17.06,Roads,D,5.66,91.69999999999999,GratedInlet,22.5,25,0.06105717367853291,0.9,Low Risk
"Rotterdam, Netherlands",51.976994,4.404026,1.31,Roads,A,8.0,66.3,Manhole,85.6,2,0.11887072808320952,42.8,High Risk
"Mumbai, India",19.012414,73.004597,19.16,Residential,B,6.25,91.69999999999999,OpenChannel,61.6,50,0.06742179072276161,1.232,Low Risk
"Rio de Janeiro, Brazil",-22.888814,-43.235628,5.85,Roads,B,7.91,52.0,Manhole,39.7,5,0.1492452830188679,7.94,Medium Risk
"Rome, Italy",41.966913,12.480707,78.15,Residential,D,7.49,63.4,CurbInlet,46.1,5,0.11630434782608695,9.22,Low Risk
"Rotterdam, Netherlands",51.981314,4.463838,22.15,Water,D,5.95,264.5,OpenChannel,40.8,2,0.0224105461393597,20.4,Low Risk
"Karachi, Pakistan",24.805292,66.910294,21.6,Roads,A,7.83,46.2,CurbInlet,31.3,10,0.16588983050847456,3.13,Low Risk
"Pune, India",18.433068,73.815346,56.79,Green,B,3.89,131.2,CurbInlet,28.2,2,0.02942511346444781,14.1,Low Risk
"Manila, Philippines",14.589462,121.012834,17.92,Roads,B,5.01,113.2,Manhole,43.2,2,0.043870402802101575,21.6,Low Risk
"Chennai, India",13.079066,80.226509,-3.0,Residential,C,4.78,2.7,OpenChannel,58.7,5,1.2918918918918918,11.74,High Risk
"Riyadh, Saudi Arabia",24.863433,46.676966,55.21,Residential,C,7.7,91.69999999999999,Manhole,10.2,10,0.0830636461704423,1.02,Low Risk
"Paris, France",48.857643,2.337157,89.94,Institutional,C,7.86,186.7,OpenChannel,55.9,25,0.04187533297815664,2.2359999999999998,Low Risk
"Kuala Lumpur, Malaysia",3.199504,101.748813,18.07,Residential,B,7.6,31.4,GratedInlet,38.4,10,0.2345679012345679,3.84,Low Risk
"Jakarta, Indonesia",-6.263213,106.99687,9.14,Green,C,6.95,444.1,CurbInlet,46.6,50,0.015614468658728375,0.932,Low Risk
"Karachi, Pakistan",24.743011,67.009559,59.69,Green,C,3.4,91.69999999999999,CurbInlet,42.8,2,0.03667745415318231,21.4,Low Risk
"Singapore, Singapore",1.363706,103.834076,8.39,Commercial,A,7.24,157.7,Manhole,50.0,2,0.04562066792690612,25.0,Low Risk
"Miami, USA",25.752475,-80.112103,4.49,Residential,C,3.97,91.69999999999999,CurbInlet,103.8,50,0.04282632146709817,2.076,High Risk
"Doha, Qatar",25.261039,51.503632,67.6,Residential,D,5.35,139.1,OpenChannel,13.6,5,0.038187009279086366,2.7199999999999998,Low Risk
"Philadelphia, USA",39.8863,-75.228163,101.36,Residential,C,7.06,66.2,OpenChannel,48.4,2,0.1050595238095238,24.2,Low Risk
"Durban, South Africa",-29.85575,31.064617,-3.0,Residential,D,3.25,86.6,CurbInlet,26.4,10,0.03710045662100457,2.6399999999999997,High Risk
"New York, USA",40.706011,-73.973711,56.04,Roads,B,6.25,75.4,GratedInlet,25.6,5,0.08180628272251309,5.12,Low Risk
"Rotterdam, Netherlands",51.887277,4.491502,9.57,Commercial,A,5.45,61.0,CurbInlet,28.9,10,0.08790322580645162,2.8899999999999997,Low Risk
"Vancouver, Canada",49.273406,-122.946161,11.92,Residential,A,4.97,26.8,CurbInlet,45.9,10,0.17877697841726617,4.59,Low Risk
"Buenos Aires, Argentina",-34.611733,-58.371467,55.55,Industrial,B,6.25,77.5,GratedInlet,44.1,5,0.07961783439490445,8.82,Low Risk
"Rotterdam, Netherlands",52.018151,4.611293,11.83,Green,B,4.11,139.4,Manhole,35.0,2,0.029273504273504274,17.5,Low Risk
"New York, USA",40.654663,-74.021046,87.5,Residential,B,5.07,115.8,Manhole,38.1,50,0.04340753424657535,0.762,Low Risk
"Vancouver, Canada",49.265586,-123.292949,9.66,Commercial,C,5.94,23.8,Manhole,67.4,10,0.23951612903225808,6.74,Low Risk
"Pune, India",18.396367,73.851769,25.130000000000003,Roads,B,9.98,198.8,GratedInlet,21.9,2,0.04994994994994995,10.95,Low Risk
"Tehran, Iran",35.810711,51.293965,47.38,Residential,B,3.46,128.2,CurbInlet,30.9,5,0.026780185758513934,6.18,Low Risk
"Durban, South Africa",-29.900187,31.052266,83.92,Industrial,C,5.89,136.4,CurbInlet,25.9,2,0.042867540029112076,12.95,Low Risk
"Dubai, UAE",25.224333,55.267213,22.12,Commercial,B,7.9,57.3,GratedInlet,11.1,10,0.13550600343053174,1.1099999999999999,Low Risk
"Delhi, India",28.632464,77.322625,25.79,Residential,B,7.58,91.69999999999999,Manhole,43.8,25,0.08176914778856527,1.7519999999999998,Low Risk
"Manila, Philippines",14.632851,120.918205,-3.0,Roads,C,6.25,81.1,OpenChannel,122.1,100,0.07612667478684532,1.2209999999999999,High Risk
"Dubai, UAE",25.289752,55.336821,2.28,Water,B,1.79,146.9,GratedInlet,13.7,25,0.012102772143340094,0.5479999999999999,Medium Risk
"Shenzhen, China",22.546913,114.226135,11.42,Industrial,A,7.67,146.5,CurbInlet,70.1,5,0.052,14.02,Low Risk
"Singapore, Singapore",1.280166,103.828157,10.83,Commercial,A,4.63,92.4,GratedInlet,62.3,50,0.049571734475374725,1.246,Low Risk
"Manila, Philippines",14.537242,121.007069,10.81,Green,B,4.85,239.5,Manhole,128.1,10,0.020166320166320164,12.809999999999999,High Risk
"Pune, India",18.444194,73.862385,90.15,Roads,A,9.85,273.3,CurbInlet,52.4,50,0.03590958804228946,1.048,Low Risk
"Vancouver, Canada",49.278027,-123.092482,-1.6,Roads,C,9.24,79.9,CurbInlet,40.9,2,0.11421508034610629,20.45,Medium Risk
"Pune, India",18.471644,73.905362,45.18,Industrial,B,8.22,91.69999999999999,CurbInlet,20.5,50,0.08867313915857607,0.41,Low Risk
"Taipei, Taiwan",25.079574,121.505348,38.52,Residential,D,6.54,23.4,CurbInlet,32.9,100,0.2680327868852459,0.32899999999999996,Low Risk
"Durban, South Africa",-29.813757,30.815757,32.67,Commercial,B,8.6,59.6,CurbInlet,33.4,25,0.1419141914191419,1.3359999999999999,Low Risk
"Miami, USA",25.7316,-80.217966,25.130000000000003,Green,A,3.1,304.4,CurbInlet,81.8,25,0.010150622134905044,3.272,High Risk
"Kolkata, India",22.647537,88.291138,46.75,Roads,D,5.68,175.7,OpenChannel,30.8,25,0.03214487832484437,1.232,Low Risk
"Athens, Greece",37.911131,23.757674,47.14,Green,B,5.24,179.9,GratedInlet,25.5,10,0.02896627971254837,2.55,Low Risk
"Auckland, New Zealand",-36.848344,174.75701,86.35,Residential,C,5.73,171.1,GratedInlet,41.2,2,0.03329459616502034,20.6,Low Risk
"Cape Town, South Africa",-33.873525,18.560059,5.74,Water,B,5.2,205.7,CurbInlet,49.5,100,0.025157232704402517,0.495,Medium Risk
"Hyderabad, India",17.344686,78.557904,72.66,Green,C,7.66,158.1,Manhole,38.4,5,0.0481458202388435,7.68,Low Risk
"Ho Chi Minh City, Vietnam",10.852161,106.725977,24.77,Roads,B,3.98,94.4,CurbInlet,103.5,50,0.04171907756813417,2.07,High Risk
"New Orleans, USA",29.950659,-90.132452,11.32,Green,B,3.74,222.8,Manhole,14.8,5,0.01671134941912422,2.96,Low Risk
"Hyderabad, India",17.55357,78.593907,44.83,Commercial,A,6.25,46.6,Manhole,21.1,5,0.13130252100840337,4.220000000000001,Low Risk
"Hanoi, Vietnam",20.964967,105.797097,52.4,Green,D,5.25,146.0,CurbInlet,63.2,10,0.03571428571428571,6.32,Low Risk
"Shenzhen, China",22.657544,114.01175,29.04,Industrial,D,9.93,68.1,CurbInlet,99.0,5,0.14370477568740955,19.8,High Risk
"Vancouver, Canada",49.28164,-123.023055,27.54,Residential,B,6.25,115.8,GratedInlet,27.7,25,0.05351027397260274,1.1079999999999999,Low Risk
"Vancouver, Canada",49.271834,-123.153985,9.18,Informal,A,3.32,315.5,GratedInlet,23.9,25,0.010489731437598735,0.956,Low Risk
"New York, USA",40.66335,-73.92624,34.72,Residential,B,6.94,2.8,GratedInlet,41.9,2,1.8263157894736843,20.95,Low Risk
"Jakarta, Indonesia",-6.220979,106.830298,-3.0,Commercial,A,8.94,194.3,OpenChannel,59.8,10,0.045775729646697384,5.9799999999999995,Medium Risk
"Copenhagen, Denmark",55.752492,12.564916,25.130000000000003,Green,A,5.55,139.0,CurbInlet,16.3,2,0.03964285714285714,8.15,Low Risk
"Istanbul, Türkiye",40.935012,29.092144,83.05,Commercial,C,10.0,115.9,CurbInlet,24.0,50,0.0855431993156544,0.48,Low Risk
"Philadelphia, USA",39.924458,-75.214648,66.86,Commercial,B,9.7,102.8,OpenChannel,51.2,25,0.09344894026974951,2.048,Low Risk
"Vancouver, Canada",49.317634,-123.108809,21.69,Residential,A,4.09,95.5,Manhole,56.8,25,0.04238341968911917,2.272,Low Risk
"Mumbai, India",18.987762,72.833014,8.11,Residential,C,3.43,9.8,Manhole,95.3,50,0.3175925925925926,1.906,High Risk
"Hanoi, Vietnam",21.025306,105.828029,100.93,Green,C,4.55,91.69999999999999,Manhole,55.1,10,0.04908306364617045,5.51,Low Risk
"Hamburg, Germany",53.514386,9.941728,2.42,Green,C,3.15,353.4,Manhole,18.8,2,0.008888261851015801,9.4,Medium Risk
"Shanghai, China",31.275797,121.467354,12.69,Commercial,B,6.87,91.69999999999999,OpenChannel,92.2,10,0.07411003236245955,9.22,High Risk
"Manila, Philippines",14.674282,120.970119,13.29,Roads,B,6.59,4.6,CurbInlet,38.8,5,1.1767857142857143,7.76,Low Risk
"Tehran, Iran",35.703458,51.495002,48.39,Residential,D,4.68,50.4,Manhole,45.3,25,0.09105058365758754,1.8119999999999998,Low Risk
"Kuala Lumpur, Malaysia",3.193663,101.71214,74.92,Residential,D,6.26,34.1,Manhole,40.5,2,0.17834757834757833,20.25,Low Risk
"Tokyo, Japan",35.596028,139.691305,17.06,Green,C,3.84,303.4,OpenChannel,30.0,2,0.0126149802890933,15.0,Low Risk
"Mexico City, Mexico",19.439423,-99.155878,25.130000000000003,Roads,C,8.79,53.9,CurbInlet,22.3,10,0.16010928961748633,2.23,Low Risk
"Nairobi, Kenya",-1.284704,36.837861,47.2,Residential,B,4.77,24.9,CurbInlet,31.3,2,0.18416988416988417,15.65,Low Risk
"Athens, Greece",37.96037,23.786262,43.66,Institutional,C,4.73,43.6,OpenChannel,51.3,5,0.10605381165919284,10.26,Low Risk
"Manila, Philippines",14.577747,120.971288,-3.0,Residential,A,7.06,305.5,OpenChannel,50.2,50,0.02303425774877651,1.004,Medium Risk
"Lima, Peru",-12.037439,-76.940324,-3.0,Industrial,A,9.09,43.8,CurbInlet,32.8,5,0.20290178571428572,6.56,Medium Risk
"Kolkata, India",22.749871,88.378939,70.6,Residential,D,2.57,58.8,CurbInlet,33.1,5,0.04297658862876254,6.62,Medium Risk
"Athens, Greece",37.973256,23.752313,75.23,Residential,B,7.62,20.5,GratedInlet,66.3,5,0.3544186046511628,13.26,Low Risk
"Dubai, UAE",25.147178,55.34666,69.76,Commercial,A,3.8,104.7,CurbInlet,13.3,25,0.03595080416272469,0.532,Low Risk
"Nairobi, Kenya",-1.325473,36.752709,57.42,Institutional,C,3.13,229.2,OpenChannel,55.2,100,0.013596872284969592,0.552,Low Risk
"Delhi, India",28.733684,77.224409,49.06,Roads,D,7.41,0.3,Manhole,29.4,5,5.7,5.88,Low Risk
"Chennai, India",13.070731,80.295652,0.6,Residential,A,7.79,43.6,OpenChannel,117.9,50,0.17466367713004483,2.358,High Risk
"Singapore, Singapore",1.407323,103.779475,7.84,Industrial,C,9.11,49.4,Manhole,56.8,2,0.18075396825396825,28.4,Medium Risk
"Shenzhen, China",22.625375,114.124214,25.130000000000003,Roads,C,9.34,127.5,Manhole,107.8,25,0.07268482490272374,4.312,High Risk
"Dubai, UAE",25.180777,55.367484,25.130000000000003,Residential,A,8.17,247.5,CurbInlet,13.1,10,0.03287726358148893,1.31,Low Risk
"Bogotá, Colombia",4.717888,-74.116387,110.57,Industrial,B,5.08,36.2,Manhole,54.7,50,0.13655913978494622,1.094,Low Risk
"Delhi, India",28.617247,77.109779,69.68,Commercial,A,9.54,16.7,Manhole,30.9,10,0.5389830508474576,3.09,Low Risk
"New York, USA",40.718008,-74.039586,11.78,Commercial,C,11.07,205.2,OpenChannel,35.1,2,0.053685741998060144,17.55,Low Risk
"Montreal, Canada",45.481854,-73.58664,25.130000000000003,Industrial,B,6.22,77.9,CurbInlet,50.3,100,0.0788339670468948,0.503,Low Risk
"Barcelona, Spain",41.498312,2.187095,1.34,Roads,D,5.24,91.6,GratedInlet,18.8,10,0.056587473002159834,1.8800000000000001,Medium Risk
"Auckland, New Zealand",-36.842567,174.835616,15.03,Roads,D,9.13,82.4,CurbInlet,20.8,10,0.10947242206235012,2.08,Low Risk
"Rome, Italy",41.856548,12.609637,-3.0,Roads,C,6.28,72.5,Manhole,17.6,2,0.0854421768707483,8.8,Medium Risk
"Washington DC, USA",38.926672,-76.991597,57.56,Roads,A,7.61,158.1,GratedInlet,33.8,2,0.04783155248271528,16.9,Low Risk
"Pune, India",18.550031,73.861598,49.34,Industrial,D,7.17,24.4,Manhole,17.8,25,0.28228346456692915,0.7120000000000001,Low Risk
"Doha, Qatar",25.36351,51.3671,42.73,Industrial,C,7.71,45.9,Manhole,27.7,5,0.16439232409381663,5.54,Low Risk
"Brisbane, Australia",-27.441952,153.104409,54.15,Roads,B,7.65,83.9,Manhole,36.2,50,0.09010600706713781,0.7240000000000001,Low Risk
"Rome, Italy",41.85157,12.479182,72.52,Green,C,4.97,428.7,OpenChannel,28.5,5,0.011566208983011403,5.7,Low Risk
"Istanbul, Türkiye",41.022895,28.899002,77.38,Commercial,A,5.83,19.2,OpenChannel,44.5,25,0.28861386138613865,1.78,Low Risk
"Copenhagen, Denmark",55.708036,12.591504,86.42,Residential,C,6.25,7.2,GratedInlet,37.0,50,0.7621951219512195,0.74,Low Risk
"New York, USA",40.696834,-73.96006,56.24,Industrial,D,8.81,112.5,Manhole,18.8,25,0.07762114537444935,0.752,Low Risk
"New Orleans, USA",29.903257,-89.96409,32.19,Green,A,2.2,177.0,Manhole,48.0,5,0.012359550561797755,9.6,Medium Risk
"Manila, Philippines",14.688305,120.911848,17.91,Roads,B,3.61,122.8,Manhole,46.3,5,0.029159935379644588,9.26,Low Risk
"Copenhagen, Denmark",55.637386,12.463057,-3.0,Commercial,B,9.7,254.9,OpenChannel,12.8,50,0.037905431809300505,0.256,Medium Risk
"New Orleans, USA",29.995263,-90.028266,19.84,Industrial,D,8.28,224.0,OpenChannel,32.3,5,0.0368,6.459999999999999,Low Risk
"Mexico City, Mexico",19.30931,-99.057294,71.25,Residential,B,3.12,63.9,Manhole,32.5,25,0.04807395993836672,1.3,Low Risk
"New Orleans, USA",29.965805,-90.105716,10.38,Roads,B,5.88,27.1,GratedInlet,20.4,10,0.20925266903914588,2.04,Low Risk
"Manila, Philippines",14.606749,120.950813,14.89,Residential,B,5.54,91.69999999999999,CurbInlet,145.5,50,0.05976267529665589,2.91,High Risk
"Rome, Italy",41.911641,12.575634,19.29,Residential,D,5.01,89.2,GratedInlet,24.9,10,0.05554323725055432,2.4899999999999998,Low Risk
"Shenzhen, China",22.566326,114.00883,10.34,Commercial,B,8.36,1.9,Manhole,32.4,2,2.882758620689655,16.2,Low Risk
"Taipei, Taiwan",24.969632,121.450999,18.76,Commercial,B,5.83,91.69999999999999,Manhole,51.7,5,0.06289104638619203,10.34,Low Risk
"Delhi, India",28.699304,77.201017,20.67,Green,B,6.25,364.8,OpenChannel,16.9,100,0.017085839256424276,0.16899999999999998,Low Risk
"Seoul, South Korea",37.563452,126.868098,43.54,Green,C,4.24,205.6,CurbInlet,25.8,2,0.020522749273959345,12.9,Low Risk
"Montreal, Canada",45.538737,-73.618238,63.01,Residential,D,2.66,157.5,GratedInlet,36.7,25,0.016782334384858044,1.4680000000000002,Medium Risk
"Brisbane, Australia",-27.617391,153.023557,72.35,Commercial,B,4.12,150.6,Manhole,38.7,5,0.027176781002638525,7.74,Low Risk
"Shenzhen, China",22.533959,114.096474,28.68,Residential,A,6.51,15.1,CurbInlet,56.7,10,0.40434782608695646,5.67,Low Risk
"Cape Town, South Africa",-33.997565,18.392941,49.16,Residential,D,6.25,51.5,CurbInlet,15.4,2,0.11904761904761904,7.7,Low Risk
"Auckland, New Zealand",-36.853111,174.846858,55.12,Residential,D,6.25,12.7,CurbInlet,12.9,2,0.4562043795620438,6.45,Low Risk
"Chennai, India",13.044283,80.199049,15.3,Green,A,5.29,277.1,CurbInlet,78.9,25,0.019021934555915138,3.156,Low Risk
"Manila, Philippines",14.822936,120.967162,-0.71,Residential,B,5.56,27.3,Manhole,62.6,10,0.19646643109540635,6.26,Medium Risk
"Karachi, Pakistan",24.827221,67.138961,25.130000000000003,Commercial,B,3.81,10.2,GratedInlet,49.8,10,0.34017857142857144,4.9799999999999995,Low Risk
"Rome, Italy",41.81193,12.49272,62.61,Roads,D,5.63,105.6,Manhole,43.8,25,0.052814258911819886,1.7519999999999998,Low Risk
"Kuala Lumpur, Malaysia",3.218409,101.70542,50.93,Residential,B,3.1,61.0,Manhole,118.3,5,0.05,23.66,High Risk
"Auckland, New Zealand",-36.844023,174.720016,-3.0,Commercial,A,10.18,66.7,Manhole,33.5,2,0.15036927621861151,16.75,Medium Risk
"Delhi, India",28.633431,77.187809,139.09,Industrial,A,6.4,114.5,GratedInlet,20.2,100,0.05541125541125541,0.20199999999999999,Low Risk
"Brisbane, Australia",-27.507652,152.908336,90.85,Residential,B,7.36,12.4,GratedInlet,51.1,2,0.5492537313432836,25.55,Low Risk
"Ahmedabad, India",23.115824,72.634627,0.56,Residential,C,4.81,91.69999999999999,CurbInlet,58.8,5,0.05188781014023733,11.76,High Risk
"Colombo, Sri Lanka",6.997182,79.833708,7.91,Green,A,6.25,26.2,OpenChannel,29.2,25,0.2297794117647059,1.168,Medium Risk
"San Francisco, USA",37.838897,-122.422256,136.89,Water,D,1.4,156.3,OpenChannel,63.1,2,0.008900190718372536,31.55,Medium Risk
"Lagos, Nigeria",6.522778,3.314364,13.99,Industrial,A,5.49,46.4,GratedInlet,59.1,5,0.11582278481012659,11.82,Low Risk
"New York, USA",40.522257,-74.015079,82.81,Commercial,D,6.99,205.9,OpenChannel,48.9,10,0.03378443692605123,4.89,Low Risk
"Istanbul, Türkiye",41.016583,28.943572,-3.0,Commercial,B,9.67,91.69999999999999,OpenChannel,39.3,10,0.10431499460625675,3.9299999999999997,Medium Risk
"Sydney, Australia",-33.836949,151.27067,6.35,Residential,D,7.09,91.69999999999999,Manhole,18.8,5,0.07648327939590076,3.7600000000000002,Medium Risk
"Auckland, New Zealand",-36.811232,174.763513,67.63,Industrial,B,5.29,91.69999999999999,GratedInlet,44.6,10,0.05706580366774542,4.46,Low Risk
"Istanbul, Türkiye",40.994182,29.001332,87.31,Roads,B,6.25,80.6,CurbInlet,53.6,25,0.07659313725490197,2.144,Low Risk
"Mexico City, Mexico",19.378011,-99.162304,-3.0,Roads,C,7.33,91.69999999999999,Manhole,41.3,2,0.07907227615965481,20.65,High Risk
"Kolkata, India",22.583611,88.348279,52.13,Institutional,B,5.67,20.7,CurbInlet,48.0,2,0.26129032258064516,24.0,Low Risk
"Mumbai, India",19.122359,72.851145,7.75,Residential,A,6.25,91.69999999999999,GratedInlet,60.9,5,0.06742179072276161,12.18,Medium Risk
"Dhaka, Bangladesh",23.787636,90.318316,36.13,Green,A,4.39,186.2,CurbInlet,35.9,2,0.0234508547008547,17.95,Low Risk
"Washington DC, USA",39.042299,-77.024956,-3.0,Residential,B,2.45,432.1,CurbInlet,16.8,5,0.005656892172708382,3.3600000000000003,Medium Risk
"Bogotá, Colombia",4.695238,-74.196858,44.41,Commercial,B,6.53,91.69999999999999,OpenChannel,56.3,5,0.07044228694714133,11.26,Low Risk
"Auckland, New Zealand",-36.774273,174.803967,23.44,Industrial,B,7.26,267.1,OpenChannel,73.7,5,0.027079447967176425,14.74,Low Risk
"Karachi, Pakistan",24.963957,66.985398,25.130000000000003,Mixed,B,9.7,91.69999999999999,GratedInlet,25.2,25,0.104638619201726,1.008,Low Risk
"Manila, Philippines",14.675823,120.946278,15.34,Roads,A,6.21,116.5,GratedInlet,63.6,5,0.052851063829787236,12.72,Low Risk
"Brisbane, Australia",-27.507544,153.069348,62.47,Institutional,D,6.27,380.5,Manhole,18.8,2,0.016435124508519004,9.4,Low Risk
"Accra, Ghana",5.560207,-0.252295,-3.0,Residential,B,4.29,74.1,GratedInlet,66.1,25,0.05712383488681758,2.6439999999999997,High Risk
"Paris, France",48.88787,2.25333,40.5,Green,B,6.25,128.8,CurbInlet,26.3,10,0.048151001540832045,2.63,Low Risk
"Taipei, Taiwan",25.049711,121.54844,80.96,Commercial,D,7.21,83.9,Manhole,54.3,5,0.08492343934040046,10.86,Low Risk
"Taipei, Taiwan",25.021944,121.578472,72.7,Industrial,B,6.02,91.69999999999999,GratedInlet,41.8,2,0.06494066882416397,20.9,Low Risk
"Hong Kong, China",22.334683,114.229712,0.14,Industrial,B,4.98,65.0,Manhole,117.4,50,0.07545454545454545,2.3480000000000003,High Risk
"Barcelona, Spain",41.391097,2.191819,-3.0,Mixed,C,6.94,23.5,GratedInlet,30.1,25,0.283265306122449,1.204,High Risk
"Mexico City, Mexico",19.457372,-99.22434,25.130000000000003,Residential,A,6.12,32.9,CurbInlet,24.1,2,0.18053097345132743,12.05,Low Risk
"Osaka, Japan",34.675014,135.503691,11.75,Mixed,D,6.25,91.69999999999999,CurbInlet,49.2,50,0.06742179072276161,0.9840000000000001,Low Risk
"Dubai, UAE",25.15442,55.204265,88.08,Residential,A,3.21,35.6,Manhole,16.2,5,0.08770491803278688,3.2399999999999998,Low Risk
"Copenhagen, Denmark",55.729662,12.540288,55.18,Residential,D,5.52,91.69999999999999,GratedInlet,15.3,25,0.05954692556634304,0.612,Low Risk
"Doha, Qatar",25.281606,51.617506,35.13,Industrial,D,6.25,31.6,Manhole,8.4,10,0.19171779141104295,0.8400000000000001,Low Risk
"Vancouver, Canada",49.20617,-123.112924,-0.96,Residential,B,7.89,114.1,CurbInlet,20.3,25,0.0685490877497828,0.812,Medium Risk
"Hanoi, Vietnam",20.974585,105.832202,10.77,Roads,B,8.68,56.1,CurbInlet,150.0,50,0.1520140105078809,3.0,High Risk
"Paris, France",48.889937,2.29555,58.5,Roads,B,6.25,91.69999999999999,OpenChannel,34.8,5,0.06742179072276161,6.959999999999999,Low Risk
"Tokyo, Japan",35.628516,139.642413,35.23,Commercial,D,5.56,32.2,CurbInlet,19.3,25,0.16746987951807227,0.772,Low Risk
"Brisbane, Australia",-27.518255,153.034794,10.13,Commercial,D,5.99,91.69999999999999,CurbInlet,29.7,25,0.06461704422869473,1.188,Low Risk
"Bengaluru, India",13.035751,77.605745,45.93,Industrial,D,10.5,19.4,Manhole,35.5,5,0.5147058823529412,7.1,Low Risk
"Washington DC, USA",38.836712,-77.127056,-3.0,Institutional,C,6.39,91.69999999999999,GratedInlet,16.6,25,0.06893203883495146,0.664,Medium Risk
"Bangkok, Thailand",13.837147,100.459041,17.35,Residential,D,6.25,243.1,CurbInlet,94.0,50,0.025604260548955347,1.88,High Risk
"Singapore, Singapore",1.32176,103.810353,-3.0,Residential,B,3.26,140.4,CurbInlet,110.1,25,0.023055162659123052,4.404,High Risk
"Chennai, India",12.937214,80.26766,5.65,Institutional,A,4.07,105.7,GratedInlet,56.3,50,0.03814432989690722,1.126,Medium Risk
"Chennai, India",13.215859,80.305791,9.09,Roads,A,7.35,84.3,GratedInlet,59.7,25,0.08616647127784291,2.388,Low Risk
"Riyadh, Saudi Arabia",24.665584,46.706868,16.61,Commercial,A,4.7,91.69999999999999,CurbInlet,13.8,2,0.05070118662351673,6.9,Low Risk
"Hamburg, Germany",53.576426,9.892451,-3.0,Green,B,6.34,156.2,CurbInlet,44.1,5,0.040330788804071246,8.82,Medium Risk
"New York, USA",40.812788,-74.086715,43.72,Green,B,4.47,40.8,GratedInlet,40.8,50,0.1069377990430622,0.816,Low Risk
"Dubai, UAE",25.178588,55.266147,89.18,Commercial,D,6.4,109.8,CurbInlet,14.6,50,0.05776173285198556,0.292,Low Risk
"Bengaluru, India",13.063091,77.510252,-3.0,Residential,B,3.69,26.1,GratedInlet,58.6,25,0.13616236162361622,2.344,High Risk
"Auckland, New Zealand",-36.862003,174.81384,5.52,Mixed,C,8.39,58.8,Manhole,52.8,50,0.14030100334448162,1.056,Medium Risk
"Lagos, Nigeria",6.593112,3.436032,8.53,Residential,B,4.3,9.8,CurbInlet,79.6,25,0.3981481481481481,3.1839999999999997,Low Risk
"Mexico City, Mexico",19.521967,-99.173117,29.3,Roads,D,7.74,83.6,Manhole,38.1,2,0.09148936170212767,19.05,Low Risk
"Dubai, UAE",25.223319,55.202678,84.53,Industrial,B,7.66,62.7,Manhole,11.1,2,0.12025117739403453,5.55,Low Risk
"Lagos, Nigeria",6.394588,3.353792,30.67,Roads,B,7.31,424.1,CurbInlet,69.0,5,0.0171959538932016,13.8,Low Risk
"Copenhagen, Denmark",55.693958,12.517207,43.53,Industrial,D,10.13,52.9,GratedInlet,30.5,10,0.18794063079777368,3.05,Low Risk
"Copenhagen, Denmark",55.728828,12.508908,43.79,Roads,B,7.12,35.0,Manhole,31.0,5,0.19777777777777777,6.2,Low Risk
"Hanoi, Vietnam",21.06725,105.884743,22.69,Green,C,7.02,128.4,Manhole,65.5,2,0.05425038639876352,32.75,Low Risk
"Tokyo, Japan",35.741148,139.552366,24.58,Roads,D,9.25,26.6,GratedInlet,37.7,10,0.3351449275362319,3.7700000000000005,Low Risk
"Miami, USA",25.755787,-80.24166,21.92,Residential,A,4.57,102.3,CurbInlet,74.2,5,0.04424007744433689,14.84,Low Risk
"Rome, Italy",41.80631,12.423265,44.51,Commercial,B,6.29,10.6,CurbInlet,27.9,5,0.5422413793103449,5.58,Low Risk
"Dubai, UAE",25.25657,55.289775,1.49,Commercial,B,6.62,112.1,GratedInlet,13.2,25,0.05853227232537578,0.528,Medium Risk
"Jakarta, Indonesia",-6.111608,106.807549,20.22,Commercial,C,3.63,230.6,GratedInlet,103.6,25,0.015673575129533678,4.144,High Risk
"Colombo, Sri Lanka",6.925209,79.788901,-3.0,Commercial,A,9.61,13.2,Manhole,39.6,2,0.6767605633802817,19.8,Medium Risk
"Karachi, Pakistan",24.970388,67.105535,5.44,Commercial,B,5.08,91.8,Manhole,46.4,10,0.05474137931034483,4.64,Medium Risk
"Pune, India",18.507924,73.874058,71.9,Industrial,B,7.87,81.9,GratedInlet,48.3,50,0.09493365500603136,0.966,Low Risk
"Taipei, Taiwan",25.040224,121.573341,52.61,Residential,A,5.38,55.0,CurbInlet,20.7,10,0.09607142857142857,2.07,Low Risk
"Shenzhen, China",22.573148,114.048364,-1.54,Residential,B,4.14,313.0,OpenChannel,29.0,2,0.013184713375796178,14.5,Medium Risk
"Jakarta, Indonesia",-6.24784,106.806241,14.21,Mixed,A,3.79,78.8,GratedInlet,86.1,10,0.0474937343358396,8.61,High Risk
"Vancouver, Canada",49.331035,-123.069503,1.22,Residential,C,7.7,128.5,CurbInlet,20.2,100,0.05945945945945946,0.20199999999999999,Medium Risk
"Athens, Greece",38.077053,23.834931,31.66,Green,B,5.29,91.69999999999999,CurbInlet,36.7,2,0.05706580366774542,18.35,Low Risk
"Durban, South Africa",-29.843438,30.990436,72.94,Water,C,2.69,244.5,Manhole,44.0,10,0.010957230142566192,4.4,Medium Risk
"Dhaka, Bangladesh",23.822554,90.452783,45.31,Residential,B,6.25,116.6,Manhole,92.5,50,0.053146258503401364,1.85,High Risk
"Kuala Lumpur, Malaysia",3.032328,101.657289,56.42,Green,C,3.1,114.1,Manhole,81.5,5,0.026933101650738492,16.3,High Risk
"Singapore, Singapore",1.397125,103.838353,17.06,Roads,A,11.74,247.3,OpenChannel,56.3,10,0.047281514297221106,5.63,Low Risk
"Barcelona, Spain",41.356949,2.331447,16.76,Commercial,C,8.36,44.5,CurbInlet,39.9,5,0.18373626373626373,7.9799999999999995,Low Risk
"Copenhagen, Denmark",55.696285,12.628094,15.92,Roads,A,7.16,294.9,OpenChannel,26.8,10,0.02419736397431565,2.68,Low Risk
"Hamburg, Germany",53.597784,10.033657,72.68,Informal,B,8.88,236.2,Manhole,23.6,2,0.03743676222596965,11.8,Low Risk
"Washington DC, USA",38.790622,-77.029956,7.4,Industrial,A,10.07,91.69999999999999,CurbInlet,33.9,5,0.1086299892125135,6.779999999999999,Medium Risk
"Delhi, India",28.581175,77.222002,79.44,Commercial,A,9.98,367.1,OpenChannel,30.2,5,0.02711219777234447,6.04,Low Risk
"Philadelphia, USA",39.893928,-75.105524,-3.0,Commercial,A,7.21,38.2,GratedInlet,41.8,25,0.1839285714285714,1.672,Medium Risk
"Karachi, Pakistan",24.739964,67.098925,25.130000000000003,Water,B,7.83,248.4,GratedInlet,75.0,100,0.031395348837209305,0.75,Low Risk
"Lima, Peru",-12.019781,-77.194553,44.73,Residential,B,8.15,98.8,CurbInlet,44.9,5,0.08166332665330663,8.98,Low Risk
"Lagos, Nigeria",6.578388,3.347453,2.04,Residential,D,5.41,218.9,OpenChannel,54.2,2,0.024602091859936333,27.1,High Risk
"Hamburg, Germany",53.400215,9.935569,92.56,Industrial,A,8.51,3.6,CurbInlet,52.1,10,1.85,5.21,Low Risk
"New York, USA",40.743956,-73.950251,1.67,Residential,B,8.06,258.1,CurbInlet,18.0,2,0.031107680432265535,9.0,Medium Risk
"Jakarta, Indonesia",-6.178563,106.81276,10.26,Roads,B,7.77,267.4,CurbInlet,75.1,10,0.028949329359165426,7.51,Low Risk
"Hyderabad, India",17.446934,78.484703,17.73,Industrial,D,8.56,60.4,CurbInlet,19.4,25,0.13941368078175898,0.7759999999999999,Low Risk
"Guangzhou, China",23.088397,113.239884,25.130000000000003,Roads,B,10.78,372.8,CurbInlet,91.2,50,0.02883895131086142,1.824,High Risk
"Nairobi, Kenya",-1.345898,36.88653,37.98,Roads,B,6.81,52.6,Manhole,37.0,2,0.12705223880597014,18.5,Low Risk
"Dhaka, Bangladesh",23.738904,90.458215,52.8,Residential,B,6.27,7.7,OpenChannel,57.7,5,0.7206896551724138,11.540000000000001,Low Risk
"Delhi, India",28.751962,77.291466,41.45,Residential,C,5.34,86.3,Manhole,41.1,25,0.061168384879725084,1.6440000000000001,Low Risk
"Ho Chi Minh City, Vietnam",10.817452,106.71885,48.15,Residential,B,7.55,107.1,CurbInlet,64.7,5,0.0698427382053654,12.940000000000001,Low Risk
"Ho Chi Minh City, Vietnam",10.653499,106.632828,43.3,Residential,C,2.42,134.0,GratedInlet,46.1,100,0.017925925925925925,0.461,Medium Risk
"Istanbul, Türkiye",40.933669,28.859613,51.23,Roads,B,6.38,211.9,OpenChannel,32.9,10,0.02996712071395021,3.29,Low Risk
"Rio de Janeiro, Brazil",-22.885275,-43.221929,10.88,Informal,B,4.75,154.0,GratedInlet,28.8,2,0.03064516129032258,14.4,Low Risk
"Mumbai, India",19.181847,72.891275,0.41,Institutional,D,5.92,157.1,GratedInlet,68.6,10,0.037444655281467426,6.859999999999999,High Risk
"Singapore, Singapore",1.355684,103.815568,14.62,Commercial,C,7.77,129.9,GratedInlet,83.6,100,0.05935828877005347,0.836,High Risk
"Bangkok, Thailand",13.650876,100.412787,17.35,Residential,B,5.57,116.2,CurbInlet,53.6,25,0.047525597269624575,2.144,Low Risk
"Tehran, Iran",35.663038,51.416521,63.07,Residential,A,7.58,10.6,CurbInlet,25.9,25,0.653448275862069,1.036,Low Risk
"Manila, Philippines",14.700704,120.832512,10.04,Industrial,D,8.28,130.2,OpenChannel,99.9,50,0.06310975609756098,1.9980000000000002,High Risk
"Philadelphia, USA",39.893735,-75.246275,32.66,Green,B,5.05,223.3,Manhole,37.5,10,0.02251448952296032,3.75,Low Risk
"Amsterdam, Netherlands",52.310917,4.952228,25.130000000000003,Residential,A,7.94,91.69999999999999,GratedInlet,28.6,2,0.08565264293419635,14.3,Low Risk
"Houston, USA",29.750592,-95.404389,83.31,Roads,B,5.83,23.8,Manhole,65.9,10,0.23508064516129032,6.590000000000001,Low Risk
"Athens, Greece",38.000329,23.764904,94.05,Green,A,4.32,32.0,CurbInlet,50.8,10,0.13090909090909092,5.08,Low Risk
"Guangzhou, China",23.119836,113.24621,7.17,Roads,B,9.26,139.4,OpenChannel,80.0,25,0.06595441595441595,3.2,High Risk
"Tokyo, Japan",35.833125,139.668805,44.73,Mixed,D,6.35,419.5,CurbInlet,21.0,25,0.015101070154577883,0.84,Low Risk
"Chennai, India",13.016503,80.272738,25.130000000000003,Residential,B,2.32,56.0,Manhole,85.4,50,0.04070175438596491,1.7080000000000002,High Risk
"Athens, Greece",37.844191,23.775213,35.29,Industrial,D,9.88,54.7,Manhole,33.9,50,0.17737881508078995,0.6779999999999999,Low Risk
"Hyderabad, India",17.38072,78.458124,14.83,Commercial,B,7.91,117.1,GratedInlet,30.0,50,0.06697713801862828,0.6,Low Risk
"Ahmedabad, India",23.054156,72.51075,-3.0,Residential,B,6.87,133.8,GratedInlet,15.2,2,0.050964391691394655,7.6,Medium Risk
"Sao Paulo, Brazil",-23.528036,-46.55215,73.22,Industrial,D,2.91,83.8,GratedInlet,55.8,25,0.03431603773584906,2.2319999999999998,Medium Risk
"Copenhagen, Denmark",55.613494,12.52263,-3.0,Residential,B,6.17,48.6,GratedInlet,28.5,2,0.12439516129032258,14.25,Medium Risk
"Kolkata, India",22.549886,88.443252,115.16,Mixed,C,4.16,56.7,Manhole,34.7,25,0.07209705372616984,1.3880000000000001,Low Risk
"Guangzhou, China",23.146786,113.149008,7.13,Residential,A,6.25,2.4,CurbInlet,50.6,10,1.8382352941176472,5.0600000000000005,Medium Risk
"Auckland, New Zealand",-36.865768,174.820234,-3.0,Green,B,5.02,63.3,OpenChannel,25.8,50,0.07807153965785381,0.516,Medium Risk
"San Francisco, USA",37.757627,-122.456186,101.24,Commercial,C,5.74,67.9,GratedInlet,32.2,5,0.08330914368650218,6.44,Low Risk
"Shanghai, China",31.198221,121.374789,9.07,Green,B,4.41,20.5,CurbInlet,26.5,10,0.20511627906976745,2.65,Low Risk
"Singapore, Singapore",1.30593,103.844515,15.39,Industrial,A,6.25,88.0,Manhole,77.4,10,0.0702247191011236,7.74,Low Risk
"Manila, Philippines",14.67274,121.037917,7.58,Residential,A,6.33,91.69999999999999,OpenChannel,59.5,2,0.06828478964401295,29.75,Medium Risk
"Tehran, Iran",35.761448,51.256191,38.95,Industrial,A,5.26,65.2,Manhole,42.8,10,0.07945619335347431,4.279999999999999,Low Risk
"Durban, South Africa",-29.794193,30.906022,15.66,Institutional,C,2.9,565.4,CurbInlet,22.9,5,0.005120056497175141,4.58,Medium Risk
"Bangkok, Thailand",13.638863,100.510476,-3.0,Residential,C,3.11,223.5,OpenChannel,43.2,10,0.013853006681514476,4.32,High Risk
"Lagos, Nigeria",6.480796,3.357132,8.84,Institutional,A,4.95,304.4,Manhole,128.8,25,0.01620825147347741,5.152,High Risk
"Guangzhou, China",23.04878,113.282579,23.85,Commercial,B,6.25,198.3,OpenChannel,85.5,25,0.03135975915704967,3.42,High Risk
"Ahmedabad, India",22.990506,72.489141,35.58,Residential,C,7.28,89.9,GratedInlet,39.3,50,0.08008800880088009,0.7859999999999999,Low Risk
"Dubai, UAE",25.193837,55.316052,2.08,Green,B,5.17,167.5,CurbInlet,8.6,2,0.030682492581602373,4.3,Medium Risk
"San Francisco, USA",37.770684,-122.339203,-3.0,Residential,C,6.39,86.9,OpenChannel,89.3,50,0.07269624573378838,1.786,High Risk
"Miami, USA",25.861584,-80.202591,17.46,Industrial,B,4.65,81.2,CurbInlet,52.1,25,0.05656934306569343,2.084,Low Risk
"Shenzhen, China",22.571797,114.276343,17.08,Residential,C,4.3,29.0,OpenChannel,125.0,25,0.14333333333333334,5.0,High Risk
"Ho Chi Minh City, Vietnam",10.877165,106.56428,95.53,Industrial,B,9.32,35.0,CurbInlet,96.5,25,0.2588888888888889,3.86,High Risk
"Rome, Italy",41.842972,12.4455,89.21,Green,B,7.46,110.8,CurbInlet,38.1,5,0.0667262969588551,7.62,Low Risk
"Singapore, Singapore",1.322321,103.694293,10.5,Industrial,C,8.82,58.6,CurbInlet,29.0,50,0.14798657718120806,0.58,Low Risk
"Vancouver, Canada",49.281841,-123.123581,18.62,Mixed,D,4.4,47.1,Manhole,32.2,2,0.09147609147609148,16.1,Low Risk
"Athens, Greece",37.946921,23.726388,73.75,Industrial,D,6.25,100.3,GratedInlet,29.1,10,0.061697926949654494,2.91,Low Risk
"Chennai, India",13.071353,80.225325,5.44,Residential,B,7.59,325.0,OpenChannel,87.0,25,0.023282208588957055,3.48,High Risk
"Dhaka, Bangladesh",23.922787,90.280409,61.29,Industrial,C,4.29,30.6,CurbInlet,55.1,25,0.13575949367088608,2.204,Low Risk
"Manila, Philippines",14.580639,120.962629,28.8,Water,B,5.55,412.4,Manhole,66.7,50,0.013425253991291727,1.334,Low Risk
"Manila, Philippines",14.608816,120.933539,2.47,Industrial,B,8.29,52.9,GratedInlet,41.2,5,0.15380333951762523,8.24,Medium Risk
"Ahmedabad, India",22.990609,72.491048,59.67,Green,C,2.78,249.7,CurbInlet,23.7,25,0.01108895093737535,0.948,Medium Risk
"Riyadh, Saudi Arabia",24.648565,46.682534,77.82,Roads,B,4.27,19.9,GratedInlet,12.7,2,0.20430622009569377,6.35,Low Risk
"Lima, Peru",-12.076966,-77.04633,121.72,Green,C,3.9,48.3,CurbInlet,70.4,5,0.07910750507099391,14.080000000000002,Low Risk
"Rotterdam, Netherlands",51.912746,4.50254,15.22,Commercial,B,8.16,81.8,OpenChannel,17.5,10,0.09855072463768116,1.75,Low Risk
"Shanghai, China",31.297324,121.566268,12.45,Commercial,B,8.47,36.0,CurbInlet,37.3,2,0.22891891891891894,18.65,Low Risk
"Houston, USA",29.826518,-95.388756,21.14,Mixed,B,4.71,107.6,CurbInlet,51.5,5,0.04337016574585636,10.3,Low Risk
"Kuala Lumpur, Malaysia",3.280532,101.611167,43.46,Roads,A,6.25,322.5,CurbInlet,77.2,10,0.019319938176197836,7.720000000000001,Low Risk
"Miami, USA",25.62422,-80.19132,9.29,Roads,D,10.18,78.1,Manhole,49.8,5,0.12869785082174462,9.959999999999999,Low Risk
"Bogotá, Colombia",4.660869,-73.986775,-3.0,Commercial,A,11.16,91.69999999999999,GratedInlet,71.2,25,0.12038834951456312,2.8480000000000003,Medium Risk
"Istanbul, Türkiye",41.107831,29.02289,52.08,Water,C,3.27,288.8,OpenChannel,19.9,2,0.011283643892339544,9.95,Low Risk
"Kuala Lumpur, Malaysia",3.173099,101.692072,46.26,Industrial,B,10.44,60.3,CurbInlet,44.6,5,0.1703099510603589,8.92,Low Risk
"Guangzhou, China",23.133669,113.406808,5.21,Water,C,4.87,470.2,OpenChannel,52.2,10,0.010335314091680816,5.220000000000001,Medium Risk
"Kuala Lumpur, Malaysia",3.155741,101.616431,52.42,Commercial,B,6.33,113.4,GratedInlet,64.2,50,0.05533216783216783,1.284,Low Risk
"Hyderabad, India",17.26284,78.464424,3.7,Residential,B,3.39,13.9,CurbInlet,22.6,2,0.22751677852348995,11.3,Medium Risk
"Chennai, India",12.974622,80.332362,5.69,Commercial,D,8.31,144.4,GratedInlet,57.6,50,0.057152682255845945,1.1520000000000001,Medium Risk
"Amsterdam, Netherlands",52.395008,4.904408,16.22,Informal,A,5.34,293.2,Manhole,25.2,10,0.01815091774303195,2.52,Low Risk
"Shenzhen, China",22.604524,114.012061,-3.0,Roads,C,9.73,128.6,CurbInlet,41.2,50,0.07507716049382716,0.8240000000000001,Medium Risk
"Jakarta, Indonesia",-6.090325,106.884313,1.69,Commercial,C,7.16,100.7,GratedInlet,57.9,5,0.0704031465093412,11.58,Medium Risk
"Lima, Peru",-11.985509,-77.206691,122.72,Residential,C,6.75,224.8,OpenChannel,21.0,2,0.029893711248892823,10.5,Low Risk
"Karachi, Pakistan",24.921004,67.019498,116.82,Industrial,C,6.64,178.8,GratedInlet,15.6,5,0.03692992213570634,3.12,Low Risk
"Buenos Aires, Argentina",-34.535689,-58.378269,66.46,Residential,C,5.11,30.3,GratedInlet,25.7,5,0.16325878594249202,5.14,Low Risk
"Delhi, India",28.63469,77.200871,81.44,Roads,A,8.07,32.5,OpenChannel,16.6,5,0.2408955223880597,3.3200000000000003,Low Risk
"Rotterdam, Netherlands",51.958438,4.561532,10.99,Roads,B,6.25,83.7,GratedInlet,24.2,10,0.07378984651711924,2.42,Low Risk
"Riyadh, Saudi Arabia",24.684718,46.64258,25.130000000000003,Residential,B,2.27,91.69999999999999,OpenChannel,12.3,2,0.024487594390507014,6.15,Medium Risk
"Riyadh, Saudi Arabia",24.684982,46.696927,45.48,Residential,C,4.82,387.8,OpenChannel,14.6,2,0.012397119341563786,7.3,Low Risk
"Hong Kong, China",22.283314,114.260761,1.07,Roads,D,6.44,88.6,GratedInlet,37.7,5,0.07187500000000001,7.540000000000001,High Risk
"Amsterdam, Netherlands",52.30647,4.899011,-3.0,Residential,B,7.82,15.2,CurbInlet,51.0,25,0.48271604938271606,2.04,Medium Risk
"Barcelona, Spain",41.394521,2.16947,-3.0,Roads,D,8.89,64.8,OpenChannel,31.8,5,0.1351063829787234,6.36,High Risk
"Durban, South Africa",-29.820669,30.857434,63.6,Residential,B,3.94,30.8,Manhole,24.8,5,0.12389937106918239,4.96,Low Risk
"London, UK",51.31296,0.021673,80.87,Commercial,A,7.45,119.2,GratedInlet,25.7,50,0.06198003327787022,0.514,Low Risk
"Tehran, Iran",35.693289,51.41302,197.13,Institutional,C,4.69,160.9,Manhole,45.4,50,0.028968499073502164,0.9079999999999999,Low Risk
"Athens, Greece",37.947578,23.700362,52.63,Industrial,A,4.14,29.6,Manhole,51.0,2,0.13529411764705881,25.5,Low Risk
"Copenhagen, Denmark",55.577564,12.617808,44.44,Institutional,B,3.73,275.5,OpenChannel,26.0,2,0.01349005424954792,13.0,Low Risk
"Durban, South Africa",-29.883486,31.140795,20.7,Commercial,C,10.75,35.5,GratedInlet,21.0,2,0.2945205479452055,10.5,Low Risk
"Buenos Aires, Argentina",-34.761502,-58.472057,31.44,Green,C,4.92,50.7,Manhole,20.6,10,0.09516441005802707,2.06,Low Risk
"Amsterdam, Netherlands",52.31245,4.942107,18.53,Residential,B,6.25,16.4,Manhole,17.4,10,0.3591954022988506,1.7399999999999998,Low Risk
"Amsterdam, Netherlands",52.394605,4.833581,3.42,Roads,A,6.25,113.7,CurbInlet,32.5,5,0.05448997384481255,6.5,Medium Risk
"Brisbane, Australia",-27.347571,152.936834,30.64,Water,C,6.25,291.4,CurbInlet,72.7,25,0.02137482900136799,2.908,Low Risk
"Auckland, New Zealand",-36.917317,174.765326,11.49,Residential,B,6.25,12.2,CurbInlet,41.8,5,0.4734848484848485,8.36,Low Risk
"Bogotá, Colombia",4.625226,-74.163526,121.47,Commercial,A,8.53,76.1,CurbInlet,49.5,5,0.1106355382619974,9.9,Low Risk
"Mexico City, Mexico",19.367945,-99.056559,81.66,Institutional,B,4.59,372.4,CurbInlet,26.9,10,0.012292447777182646,2.69,Low Risk
"Durban, South Africa",-29.800973,31.009431,15.65,Residential,D,7.47,34.2,Manhole,42.0,50,0.21221590909090907,0.84,Low Risk
"Bangkok, Thailand",13.727426,100.465606,15.9,Residential,B,4.24,71.6,GratedInlet,73.5,50,0.05840220385674932,1.47,Low Risk
"San Francisco, USA",37.835309,-122.274335,32.23,Residential,B,3.78,152.6,CurbInlet,42.2,5,0.024609375,8.440000000000001,Low Risk
"Shenzhen, China",22.540064,114.110958,13.4,Green,B,6.23,233.5,GratedInlet,78.4,50,0.02656716417910448,1.568,Low Risk
"Lima, Peru",-12.118258,-76.909295,5.35,Roads,A,10.9,379.7,OpenChannel,25.5,10,0.028631468347780405,2.55,Medium Risk
"Dhaka, Bangladesh",23.735428,90.439376,72.68,Green,B,6.25,342.1,OpenChannel,102.5,50,0.018216263480034973,2.05,High Risk
"Delhi, India",28.449792,77.233059,-3.0,Green,A,6.49,0.2,CurbInlet,34.5,2,5.408333333333334,17.25,Medium Risk
"Paris, France",48.891295,2.295446,39.82,Roads,A,11.38,129.2,OpenChannel,20.4,10,0.08740399385560678,2.04,Low Risk
"Guangzhou, China",23.146377,113.298146,12.03,Roads,C,5.21,0.7,GratedInlet,50.3,2,3.0647058823529414,25.15,Low Risk
"Istanbul, Türkiye",41.09198,28.858191,3.28,Commercial,B,7.21,91.69999999999999,OpenChannel,19.0,10,0.07777777777777779,1.9,Medium Risk
"Amsterdam, Netherlands",52.288419,4.855197,12.04,Roads,B,9.42,190.2,CurbInlet,22.3,5,0.04926778242677825,4.46,Low Risk
"Shenzhen, China",22.412053,114.128927,8.77,Roads,B,11.13,113.2,Manhole,128.9,50,0.09746059544658495,2.5780000000000003,High Risk
"Singapore, Singapore",1.43764,103.676573,9.87,Residential,B,8.91,46.0,CurbInlet,33.0,10,0.1895744680851064,3.3,Low Risk
"Hamburg, Germany",53.691831,9.908086,128.84,Water,C,4.12,91.69999999999999,OpenChannel,29.2,5,0.04444444444444445,5.84,Low Risk
"Taipei, Taiwan",25.143248,121.514926,30.49,Roads,C,6.25,34.5,Manhole,15.2,2,0.176056338028169,7.6,Low Risk
"Shenzhen, China",22.511057,114.075417,5.92,Industrial,B,8.38,84.6,OpenChannel,46.0,2,0.09789719626168226,23.0,Medium Risk
"Doha, Qatar",25.295852,51.608392,101.37,Residential,C,5.5,3.4,OpenChannel,6.0,10,1.25,0.6,Low Risk
"Rome, Italy",41.952932,12.430834,86.12,Residential,A,6.25,36.0,CurbInlet,23.1,10,0.16891891891891891,2.31,Low Risk
"Buenos Aires, Argentina",-34.63483,-58.257342,13.87,Roads,C,6.03,61.8,Manhole,33.6,5,0.09601910828025478,6.720000000000001,Low Risk
"Istanbul, Türkiye",41.014815,28.879246,100.96,Commercial,A,6.16,45.6,Manhole,68.9,10,0.13218884120171673,6.890000000000001,Low Risk
"Bengaluru, India",12.821584,77.658558,26.42,Residential,C,6.35,165.2,OpenChannel,43.2,25,0.038206979542719614,1.7280000000000002,Low Risk
"Brisbane, Australia",-27.492507,152.960777,52.73,Green,C,2.93,91.3,CurbInlet,41.9,5,0.03174431202600217,8.379999999999999,Medium Risk
"Shanghai, China",31.235145,121.444393,12.0,Residential,C,8.32,91.69999999999999,CurbInlet,43.7,2,0.08975188781014025,21.85,Low Risk
"Colombo, Sri Lanka",7.006232,79.899184,-2.21,Green,A,7.45,106.2,CurbInlet,40.8,10,0.06949626865671642,4.08,Medium Risk
"Kolkata, India",22.599995,88.379854,109.25,Industrial,D,5.61,83.0,Manhole,41.9,10,0.0667857142857143,4.1899999999999995,Low Risk
"Rotterdam, Netherlands",51.88751,4.499353,25.130000000000003,Industrial,C,5.75,91.69999999999999,GratedInlet,25.1,5,0.06202804746494068,5.0200000000000005,Low Risk
"Cape Town, South Africa",-33.857148,18.30334,144.86,Institutional,B,6.06,275.5,GratedInlet,32.9,2,0.021916817359855335,16.45,Low Risk
"Washington DC, USA",38.957521,-77.085592,36.85,Green,B,4.23,161.2,Manhole,55.6,5,0.02607891491985204,11.120000000000001,Low Risk
"Rome, Italy",41.782952,12.41866,11.53,Roads,A,4.71,96.6,Manhole,32.5,25,0.04825819672131148,1.3,Low Risk
"Accra, Ghana",5.657619,-0.143676,18.12,Residential,C,6.56,41.0,CurbInlet,45.3,5,0.15619047619047619,9.059999999999999,Low Risk
"Cape Town, South Africa",-34.007348,18.471165,4.43,Commercial,C,7.74,105.2,OpenChannel,31.3,10,0.07288135593220339,3.13,Medium Risk
"Shenzhen, China",22.583007,114.082181,18.3,Residential,C,5.66,5.9,Manhole,89.5,10,0.8202898550724638,8.95,High Risk
"Chennai, India",13.070055,80.25717,25.130000000000003,Roads,D,6.25,232.7,Manhole,49.0,5,0.026743688489516474,9.8,Low Risk
"Miami, USA",25.86395,-80.226215,-2.17,Green,C,2.53,238.6,Manhole,47.3,25,0.010559265442404006,1.892,High Risk
"Lagos, Nigeria",6.484093,3.40679,6.27,Industrial,B,6.25,14.7,Manhole,41.2,5,0.3980891719745223,8.24,Medium Risk
"Barcelona, Spain",41.304475,2.080163,3.06,Residential,D,5.0,53.8,GratedInlet,13.1,2,0.09124087591240876,6.55,Medium Risk
"Rotterdam, Netherlands",51.972476,4.515549,29.84,Roads,B,7.51,44.3,CurbInlet,59.0,10,0.16578366445916115,5.9,Low Risk
"Vancouver, Canada",49.344737,-123.154961,0.02,Residential,C,5.05,6.7,CurbInlet,20.6,2,0.6558441558441558,10.3,Medium Risk
"Montreal, Canada",45.516611,-73.511508,62.54,Water,C,3.06,171.9,CurbInlet,25.5,2,0.017698091382301908,12.75,Low Risk
"Miami, USA",25.913739,-80.167059,29.98,Residential,C,6.59,34.2,GratedInlet,42.2,2,0.18721590909090907,21.1,Low Risk
"Mexico City, Mexico",19.460307,-99.055728,18.88,Roads,D,7.83,116.7,CurbInlet,41.2,25,0.0665250637213254,1.6480000000000001,Low Risk
"Bangkok, Thailand",13.767741,100.511072,21.13,Residential,D,5.84,483.5,CurbInlet,39.0,5,0.012053663570691434,7.8,Low Risk
"San Francisco, USA",37.840868,-122.301488,108.91,Commercial,D,6.78,143.4,OpenChannel,38.3,10,0.04695290858725762,3.8299999999999996,Low Risk
"Lagos, Nigeria",6.495519,3.420541,7.15,Residential,B,2.59,98.4,Manhole,61.5,10,0.02605633802816901,6.15,Medium Risk
"Seoul, South Korea",37.488973,126.980101,29.57,Institutional,A,3.53,139.0,Manhole,55.8,10,0.025214285714285713,5.58,Low Risk
"Auckland, New Zealand",-36.999038,174.733442,53.89,Roads,C,4.47,20.8,GratedInlet,22.2,25,0.205045871559633,0.888,Low Risk
"Colombo, Sri Lanka",7.025741,79.839333,10.38,Residential,C,6.49,290.5,OpenChannel,56.1,10,0.022264150943396226,5.61,Low Risk
"Amsterdam, Netherlands",52.425484,4.99957,7.07,Residential,B,6.98,27.9,CurbInlet,44.7,25,0.241522491349481,1.788,Medium Risk
"Bangkok, Thailand",13.626737,100.457518,7.9,Commercial,C,9.79,364.2,OpenChannel,79.9,25,0.02680722891566265,3.196,Medium Risk
"Bengaluru, India",13.055874,77.554444,49.62,Residential,B,2.47,9.5,OpenChannel,34.8,2,0.23523809523809525,17.4,Medium Risk
"Barcelona, Spain",41.364021,2.26098,26.4,Roads,B,7.14,178.3,CurbInlet,22.3,2,0.039821528165086446,11.15,Low Risk
"Hong Kong, China",22.26686,113.996481,6.91,Institutional,B,2.36,226.4,Manhole,87.6,100,0.010378188214599824,0.8759999999999999,High Risk
"Doha, Qatar",25.320744,51.465709,-3.0,Roads,B,6.13,177.6,OpenChannel,15.7,10,0.034322508398656214,1.5699999999999998,Medium Risk
"Pune, India",18.518178,73.881578,27.82,Roads,B,9.99,41.6,Manhole,40.4,10,0.23450704225352112,4.04,Low Risk
"Manila, Philippines",14.638254,120.953149,-3.0,Roads,D,4.47,4.7,OpenChannel,73.9,25,0.7842105263157894,2.9560000000000004,High Risk
"Pune, India",18.647156,73.958068,-3.0,Residential,A,8.59,83.1,GratedInlet,20.8,5,0.10214030915576695,4.16,Medium Risk
"Auckland, New Zealand",-36.771473,174.810434,27.11,Roads,D,4.58,37.7,CurbInlet,65.0,25,0.11834625322997415,2.6,Low Risk
"Riyadh, Saudi Arabia",24.730213,46.653331,25.130000000000003,Commercial,B,8.74,45.4,CurbInlet,20.8,2,0.18836206896551724,10.4,Low Risk
"Philadelphia, USA",39.958243,-75.300662,25.130000000000003,Water,B,1.71,141.6,CurbInlet,94.4,2,0.011991584852734924,47.2,High Risk
"Montreal, Canada",45.489699,-73.612189,25.130000000000003,Roads,D,6.25,66.5,CurbInlet,16.9,2,0.09259259259259259,8.45,Low Risk
"Bengaluru, India",12.993341,77.487358,34.1,Residential,C,4.94,244.8,OpenChannel,26.0,10,0.020097640358014646,2.6,Low Risk
"Cape Town, South Africa",-33.990174,18.403514,150.04,Institutional,B,2.92,109.7,GratedInlet,26.8,10,0.026377597109304426,2.68,Medium Risk
"Kolkata, India",22.507044,88.48174,71.61,Green,C,5.12,39.5,OpenChannel,41.3,2,0.12641975308641976,20.65,Low Risk
"Jakarta, Indonesia",-6.264756,106.763907,19.29,Commercial,C,9.32,50.0,Manhole,60.9,5,0.18274509803921568,12.18,Low Risk
"Osaka, Japan",34.799928,135.490743,-3.0,Commercial,B,9.9,171.8,CurbInlet,35.6,2,0.057291666666666664,17.8,Medium Risk
"Osaka, Japan",34.649943,135.523736,77.44,Residential,B,6.23,110.2,GratedInlet,41.7,10,0.05602517985611511,4.17,Low Risk
"Ahmedabad, India",23.111183,72.678808,36.77,Residential,C,3.49,162.7,CurbInlet,86.6,25,0.021319486866218696,3.464,High Risk
"Doha, Qatar",25.299325,51.421001,30.23,Residential,D,7.45,156.9,OpenChannel,15.5,5,0.04718176060797973,3.1,Low Risk
"Durban, South Africa",-29.91297,30.905271,27.63,Water,D,2.61,211.4,GratedInlet,20.3,5,0.012288135593220338,4.0600000000000005,Medium Risk
"Osaka, Japan",34.653574,135.499013,38.52,Residential,B,7.47,153.1,CurbInlet,34.0,10,0.048475016223231665,3.4,Low Risk
"London, UK",51.456889,-0.048433,74.91,Industrial,C,6.63,144.7,OpenChannel,25.4,2,0.04550446122168841,12.7,Low Risk
"Chennai, India",13.119467,80.17096,10.06,Residential,B,5.73,91.69999999999999,OpenChannel,41.2,10,0.06181229773462785,4.12,Low Risk
"Miami, USA",25.775503,-80.182001,-3.0,Green,D,3.85,132.2,GratedInlet,59.9,10,0.028903903903903908,5.99,High Risk
"Brisbane, Australia",-27.439677,153.04085,82.94,Residential,C,3.65,55.7,Manhole,18.7,2,0.06437389770723104,9.35,Low Risk
"Taipei, Taiwan",25.032768,121.597906,95.42,Commercial,A,8.45,68.4,Manhole,85.8,10,0.1217579250720461,8.58,High Risk
"Mumbai, India",19.022912,72.815062,-1.53,Green,D,5.33,111.7,GratedInlet,92.7,25,0.04729370008873114,3.708,High Risk
"Athens, Greece",38.135831,23.705049,42.23,Commercial,D,7.49,114.1,CurbInlet,53.8,5,0.06507384882710687,10.76,Low Risk
"Copenhagen, Denmark",55.59184,12.492286,7.26,Commercial,D,10.84,166.0,GratedInlet,41.8,100,0.06491017964071856,0.418,Medium Risk
"Osaka, Japan",34.816857,135.494918,33.37,Residential,C,4.6,91.69999999999999,OpenChannel,28.8,2,0.04962243797195254,14.4,Low Risk
"Guangzhou, China",23.03044,113.258364,12.51,Commercial,C,4.32,82.7,CurbInlet,62.2,50,0.05161290322580645,1.244,Low Risk
"Karachi, Pakistan",24.818948,66.893397,33.37,Roads,C,8.69,91.69999999999999,OpenChannel,19.8,25,0.09374325782092773,0.792,Low Risk
"Tokyo, Japan",35.650066,139.653337,116.88,Residential,B,5.43,0.9,CurbInlet,23.4,10,2.857894736842105,2.34,Low Risk
"Buenos Aires, Argentina",-34.67211,-58.323738,-3.0,Informal,B,4.41,85.8,Manhole,14.4,5,0.05080645161290323,2.88,Medium Risk
"Dhaka, Bangladesh",23.918204,90.541913,31.39,Institutional,B,3.5,98.7,GratedInlet,77.7,100,0.03510531594784353,0.777,Low Risk
"Buenos Aires, Argentina",-34.670257,-58.518195,51.13,Industrial,A,10.4,130.6,OpenChannel,52.6,10,0.07902735562310031,5.26,Low Risk
"Sydney, Australia",-33.719456,151.278723,9.92,Institutional,B,3.92,188.3,Manhole,30.7,10,0.020707871104067615,3.07,Low Risk
"Rio de Janeiro, Brazil",-22.863284,-43.226064,11.04,Industrial,B,7.11,18.7,CurbInlet,45.4,25,0.36091370558375635,1.8159999999999998,Low Risk
"Paris, France",48.852955,2.417307,118.26,Institutional,C,6.19,256.7,Manhole,34.8,2,0.024020178502134268,17.4,Low Risk
"Delhi, India",28.568189,77.292327,66.95,Residential,B,6.01,100.0,Manhole,21.9,10,0.0595049504950495,2.19,Low Risk
"Mexico City, Mexico",19.394322,-99.158494,50.09,Green,D,4.25,211.1,Manhole,54.9,25,0.020037718057520037,2.1959999999999997,Low Risk
"Copenhagen, Denmark",55.725958,12.631151,78.6,Water,B,2.66,91.69999999999999,Manhole,44.4,10,0.02869471413160734,4.4399999999999995,Medium Risk
"Osaka, Japan",34.737155,135.482309,25.130000000000003,Commercial,C,5.55,113.0,CurbInlet,16.8,50,0.04868421052631579,0.336,Low Risk
"Kuala Lumpur, Malaysia",2.999628,101.6485,31.37,Commercial,D,6.18,91.69999999999999,CurbInlet,80.1,25,0.06666666666666667,3.2039999999999997,High Risk
"Copenhagen, Denmark",55.613245,12.569616,45.39,Mixed,B,6.25,67.7,Manhole,10.3,2,0.09097525473071325,5.15,Low Risk
"Tokyo, Japan",35.720696,139.649669,63.68,Roads,C,8.92,8.4,GratedInlet,34.1,10,0.9489361702127659,3.41,Low Risk
"Ho Chi Minh City, Vietnam",10.931769,106.519908,28.59,Residential,B,7.04,3.7,GratedInlet,26.3,100,1.4978723404255319,0.263,Low Risk
"Colombo, Sri Lanka",7.054557,79.830878,11.95,Industrial,C,10.35,493.3,OpenChannel,39.0,5,0.02093870119360712,7.8,Low Risk
"Buenos Aires, Argentina",-34.626247,-58.399964,-3.0,Residential,D,5.4,51.0,CurbInlet,24.4,10,0.10384615384615385,2.44,High Risk
"Ahmedabad, India",23.127854,72.576656,25.130000000000003,Green,C,6.84,299.1,CurbInlet,21.4,100,0.022792402532489167,0.214,Low Risk
"Durban, South Africa",-29.924032,31.014291,57.71,Residential,B,2.62,90.2,Manhole,15.9,2,0.028728070175438596,7.95,Medium Risk
"Hamburg, Germany",53.592178,9.957154,38.11,Green,C,1.57,297.9,Manhole,26.1,5,0.005252592840414855,5.220000000000001,Medium Risk
"Manila, Philippines",14.690519,120.901384,-3.0,Residential,D,4.63,106.8,CurbInlet,59.4,5,0.042949907235621525,11.879999999999999,High Risk
"Sydney, Australia",-33.806806,151.172858,26.38,Institutional,C,6.61,195.2,CurbInlet,39.2,2,0.03369011213047911,19.6,Low Risk
"Cape Town, South Africa",-33.872106,18.3264,5.18,Residential,C,2.84,42.2,CurbInlet,45.0,10,0.06574074074074074,4.5,Medium Risk
"Rio de Janeiro, Brazil",-22.951122,-43.260847,11.34,Mixed,B,6.11,96.3,CurbInlet,55.9,10,0.06279547790339157,5.59,Low Risk
"Bangkok, Thailand",13.692472,100.572227,10.36,Industrial,B,8.83,102.7,Manhole,46.4,10,0.08514946962391513,4.64,Low Risk
"Sydney, Australia",-33.827183,151.067937,12.7,Commercial,C,6.12,105.2,GratedInlet,30.5,5,0.0576271186440678,6.1,Low Risk
"Athens, Greece",37.916644,23.724819,58.01,Commercial,B,8.31,159.3,GratedInlet,57.1,10,0.051840299438552714,5.71,Low Risk
"Ho Chi Minh City, Vietnam",10.780936,106.629429,83.74,Commercial,D,6.25,31.3,GratedInlet,27.8,25,0.19349845201238391,1.112,Low Risk
"Sydney, Australia",-33.79575,151.198359,25.130000000000003,Residential,A,3.9,23.3,Manhole,31.9,2,0.16049382716049382,15.95,Low Risk
"Accra, Ghana",5.587829,-0.091954,-3.0,Residential,B,7.81,155.9,OpenChannel,52.5,5,0.04977692797960484,10.5,Medium Risk
"Montreal, Canada",45.494786,-73.601424,72.63,Green,A,4.56,79.0,GratedInlet,15.0,2,0.056999999999999995,7.5,Low Risk
"Delhi, India",28.699424,77.108384,28.98,Informal,B,7.15,259.9,Manhole,37.4,5,0.0274051360674588,7.4799999999999995,Low Risk
"San Francisco, USA",37.745697,-122.382412,-3.0,Green,C,6.09,123.7,Manhole,37.5,2,0.04883720930232558,18.75,High Risk
"Hanoi, Vietnam",21.013838,105.787986,27.73,Roads,D,3.32,401.3,OpenChannel,55.6,100,0.008252547849863285,0.556,Low Risk
"Buenos Aires, Argentina",-34.640374,-58.35115,23.92,Roads,A,8.33,1.3,OpenChannel,27.8,10,3.621739130434783,2.7800000000000002,Low Risk
"Houston, USA",29.757997,-95.415891,57.09,Green,C,7.96,193.4,Manhole,26.9,2,0.04094650205761317,13.45,Low Risk
"Lagos, Nigeria",6.52908,3.338762,4.45,Residential,D,5.13,378.8,CurbInlet,38.0,2,0.013507109004739335,19.0,Medium Risk
"Sydney, Australia",-33.829791,151.249205,-3.0,Roads,B,6.3,85.6,GratedInlet,73.6,10,0.07274826789838337,7.359999999999999,High Risk
"Amsterdam, Netherlands",52.384417,5.016081,10.06,Residential,B,4.99,26.5,CurbInlet,28.0,2,0.18145454545454545,14.0,Low Risk
"Cape Town, South Africa",-34.047768,18.470014,153.69,Green,C,2.29,115.0,OpenChannel,23.7,2,0.01974137931034483,11.85,Medium Risk
"Washington DC, USA",38.848084,-77.006142,48.37,Industrial,A,3.33,106.1,CurbInlet,34.7,100,0.03109243697478992,0.34700000000000003,Low Risk
"Cape Town, South Africa",-33.834706,18.386804,6.47,Industrial,D,6.62,43.6,CurbInlet,46.9,10,0.1484304932735426,4.6899999999999995,Medium Risk
"Shenzhen, China",22.614555,114.119776,13.61,Roads,B,8.16,215.9,OpenChannel,78.8,50,0.037621023513139694,1.5759999999999998,Low Risk
"Washington DC, USA",38.813354,-77.080088,6.64,Roads,B,6.25,91.69999999999999,CurbInlet,33.1,5,0.06742179072276161,6.62,Medium Risk
"Taipei, Taiwan",25.070012,121.516686,74.22,Residential,A,4.46,101.6,GratedInlet,37.0,5,0.043469785575048735,7.4,Low Risk
"Karachi, Pakistan",24.836508,66.943636,108.23,Residential,B,3.71,23.2,GratedInlet,73.3,50,0.15330578512396695,1.466,Low Risk
"Buenos Aires, Argentina",-34.672596,-58.445738,19.87,Commercial,B,5.17,67.1,Manhole,22.3,5,0.07591776798825257,4.46,Low Risk
"Kuala Lumpur, Malaysia",3.214714,101.674473,50.89,Residential,B,4.85,40.4,CurbInlet,94.2,25,0.11714975845410627,3.7680000000000002,High Risk
"Singapore, Singapore",1.36216,103.771226,12.29,Water,B,2.45,157.0,Manhole,67.1,50,0.015506329113924052,1.3419999999999999,Medium Risk
"Houston, USA",29.701419,-95.26556,12.35,Residential,D,6.39,100.9,CurbInlet,64.1,100,0.06270853778213935,0.6409999999999999,Low Risk
"Singapore, Singapore",1.431328,103.866152,7.53,Green,B,3.65,352.3,Manhole,50.4,2,0.010331163317294084,25.2,Medium Risk
"Sydney, Australia",-33.850269,151.201521,-1.61,Residential,C,3.09,84.9,CurbInlet,25.2,2,0.035972060535506396,12.6,High Risk
"Mexico City, Mexico",19.404352,-99.113316,25.130000000000003,Commercial,A,4.81,330.8,OpenChannel,28.8,5,0.014496684749849305,5.76,Low Risk
"Rome, Italy",41.944682,12.62506,94.76,Institutional,C,6.98,141.8,OpenChannel,67.6,2,0.04887955182072829,33.8,Low Risk
"New Orleans, USA",29.891411,-90.052957,5.99,Roads,B,8.9,125.2,Manhole,49.0,2,0.07052297939778131,24.5,Medium Risk
"Accra, Ghana",5.546579,-0.124282,-0.98,Residential,B,4.33,66.7,CurbInlet,39.2,50,0.06395864106351551,0.784,Medium Risk
"Shanghai, China",31.21804,121.568636,18.03,Residential,D,5.64,0.8,CurbInlet,37.2,5,3.133333333333333,7.44,Low Risk
"Seoul, South Korea",37.778385,127.016769,25.130000000000003,Commercial,C,5.84,640.1,CurbInlet,29.5,25,0.009109343316175323,1.18,Low Risk
"Miami, USA",25.843906,-80.29028,6.6,Commercial,C,7.62,91.69999999999999,OpenChannel,114.4,10,0.08220064724919095,11.440000000000001,High Risk
"Karachi, Pakistan",24.827549,67.086008,54.89,Residential,C,5.84,6.2,OpenChannel,51.1,5,0.8111111111111111,10.22,Low Risk
"Shanghai, China",31.275649,121.540097,0.27,Residential,C,6.25,146.3,OpenChannel,30.6,100,0.042430414120841815,0.306,Medium Risk
"Chennai, India",13.155329,80.300037,3.09,Green,B,3.28,95.3,CurbInlet,73.1,2,0.03406022845275181,36.55,High Risk
"Accra, Ghana",5.703659,-0.240675,8.44,Roads,B,10.43,410.8,OpenChannel,50.5,2,0.025327829043224864,25.25,Low Risk
"Vancouver, Canada",49.265706,-123.162702,-3.0,Commercial,C,8.91,57.6,CurbInlet,45.0,2,0.15204778156996587,22.5,High Risk
"Hamburg, Germany",53.720825,10.0605,61.6,Industrial,B,7.22,91.69999999999999,CurbInlet,21.6,5,0.0778856526429342,4.32,Low Risk
"Doha, Qatar",25.226724,51.514155,17.4,Industrial,D,8.07,121.9,Manhole,27.1,25,0.06566314076484947,1.084,Low Risk
"Manila, Philippines",14.594251,120.884438,2.62,Residential,B,5.37,231.9,GratedInlet,82.5,10,0.02305710605410047,8.25,High Risk
"Brisbane, Australia",-27.407839,153.070136,44.14,Commercial,C,8.47,23.9,CurbInlet,39.0,2,0.34016064257028117,19.5,Low Risk
"Brisbane, Australia",-27.443145,153.096118,88.08,Roads,A,6.86,83.1,CurbInlet,27.1,2,0.08156956004756244,13.55,Low Risk
"Jakarta, Indonesia",-6.213531,106.79718,6.55,Roads,A,9.09,260.5,CurbInlet,49.0,2,0.03476099426386233,24.5,Medium Risk
"Ho Chi Minh City, Vietnam",10.845321,106.506172,-3.0,Residential,B,4.82,66.8,Manhole,62.6,5,0.07109144542772862,12.52,High Risk
"Mumbai, India",19.15739,72.8669,5.53,Residential,A,5.73,56.0,OpenChannel,122.4,50,0.10052631578947369,2.448,High Risk
"New Orleans, USA",29.994064,-89.925057,7.02,Residential,D,6.25,13.2,CurbInlet,44.7,5,0.44014084507042256,8.940000000000001,Medium Risk
"Lima, Peru",-12.053974,-77.036816,64.29,Industrial,D,6.03,131.9,Manhole,24.5,5,0.045372460496613996,4.9,Low Risk
"San Francisco, USA",37.755462,-122.538357,74.63,Roads,C,8.28,91.69999999999999,CurbInlet,78.8,50,0.08932038834951457,1.5759999999999998,Low Risk
"Tehran, Iran",35.63636,51.409971,46.88,Commercial,A,5.67,147.5,CurbInlet,17.1,5,0.03818181818181818,3.4200000000000004,Low Risk
"Tehran, Iran",35.726909,51.400112,54.87,Commercial,B,9.88,98.4,Manhole,50.3,5,0.09939637826961771,10.059999999999999,Low Risk
"Bengaluru, India",12.950089,77.616299,17.13,Green,B,3.19,91.69999999999999,Manhole,15.8,2,0.03441208198489752,7.9,Low Risk
"Sao Paulo, Brazil",-23.547826,-46.675882,32.9,Roads,A,8.5,75.6,Manhole,61.6,5,0.11096605744125328,12.32,Low Risk
"Bogotá, Colombia",4.701989,-74.117255,135.92,Roads,C,3.65,17.8,GratedInlet,40.1,50,0.19414893617021275,0.802,Low Risk
"Delhi, India",28.646746,77.233784,85.92,Residential,B,6.73,3.6,CurbInlet,32.7,25,1.4630434782608697,1.308,Low Risk
"Hamburg, Germany",53.550435,9.920243,80.73,Green,C,6.27,43.4,CurbInlet,24.0,2,0.14121621621621622,12.0,Low Risk
"Vancouver, Canada",49.270085,-123.145004,27.03,Residential,A,5.23,259.1,OpenChannel,33.9,10,0.020107650903498656,3.3899999999999997,Low Risk
"Paris, France",48.851636,2.263565,68.84,Residential,C,5.94,83.0,CurbInlet,41.8,10,0.07071428571428572,4.18,Low Risk
"Osaka, Japan",34.779272,135.462668,111.75,Industrial,B,4.47,352.8,OpenChannel,14.8,10,0.012634256642170718,1.48,Low Risk
"Athens, Greece",37.978103,23.822463,96.37,Residential,B,6.25,91.69999999999999,GratedInlet,33.8,5,0.06742179072276161,6.76,Low Risk
"Montreal, Canada",45.490815,-73.63797,45.77,Commercial,B,6.25,80.3,CurbInlet,22.5,25,0.07687576875768758,0.9,Low Risk
"Singapore, Singapore",1.176167,103.803514,11.1,Residential,B,6.34,64.9,CurbInlet,95.7,5,0.09620637329286798,19.14,High Risk
"Delhi, India",28.609078,77.184699,73.97,Residential,D,6.25,87.6,CurbInlet,25.2,5,0.07054176072234764,5.04,Low Risk
"Montreal, Canada",45.507582,-73.503243,-0.01,Roads,B,5.28,33.9,CurbInlet,58.8,10,0.15128939828080232,5.88,High Risk
"Manila, Philippines",14.483235,120.886102,12.69,Green,B,1.39,65.2,Manhole,53.3,10,0.020996978851963746,5.33,Medium Risk
"Durban, South Africa",-29.876827,31.100775,56.29,Institutional,B,7.41,153.8,CurbInlet,34.8,10,0.047868217054263563,3.4799999999999995,Low Risk
"Mumbai, India",19.076808,72.903393,19.91,Residential,B,4.49,11.1,Manhole,75.3,25,0.37107438016528926,3.012,Low Risk
"Bengaluru, India",13.073132,77.645517,18.52,Residential,C,5.63,91.69999999999999,CurbInlet,24.2,50,0.06073354908306365,0.484,Low Risk
"Dhaka, Bangladesh",23.728247,90.423786,0.03,Industrial,A,4.98,21.4,GratedInlet,74.4,25,0.22232142857142861,2.9760000000000004,Medium Risk
"Ho Chi Minh City, Vietnam",10.820995,106.595871,45.52,Residential,B,2.86,286.2,OpenChannel,34.7,5,0.009958217270194986,6.94,Medium Risk
"Istanbul, Türkiye",41.052661,29.016774,32.1,Residential,C,7.64,42.4,Manhole,30.4,10,0.17603686635944701,3.04,Low Risk
"Cape Town, South Africa",-33.893375,18.367801,19.74,Residential,B,5.4,68.7,GratedInlet,24.1,10,0.07747489239598279,2.41,Low Risk
"Seoul, South Korea",37.484222,126.90918,1.98,Commercial,C,8.64,152.5,CurbInlet,26.3,10,0.056286644951140066,2.63,Medium Risk
"Dubai, UAE",25.143843,55.218311,86.96,Residential,A,6.0,18.8,GratedInlet,10.8,2,0.30303030303030304,5.4,Low Risk
"Seoul, South Korea",37.486727,127.119178,36.75,Roads,A,4.68,105.3,CurbInlet,39.5,5,0.044026340545625584,7.9,Low Risk
"Singapore, Singapore",1.441409,103.78833,-0.94,Roads,C,3.65,9.4,OpenChannel,73.0,5,0.35096153846153844,14.6,High Risk
"Hyderabad, India",17.410482,78.465957,70.47,Green,C,4.79,225.3,Manhole,20.2,2,0.021166593018117543,10.1,Low Risk
"Paris, France",48.915213,2.366951,25.91,Residential,B,4.76,178.0,OpenChannel,15.0,10,0.02659217877094972,1.5,Low Risk
"Hong Kong, China",22.389554,114.209162,10.78,Institutional,C,6.69,110.6,Manhole,53.9,25,0.05994623655913979,2.156,Low Risk
"New York, USA",40.768175,-74.000628,37.41,Industrial,B,8.91,26.5,GratedInlet,36.7,50,0.324,0.7340000000000001,Low Risk
"New York, USA",40.662185,-74.056807,21.09,Roads,B,6.97,2.0,CurbInlet,22.2,50,2.3233333333333333,0.444,Low Risk
"Dubai, UAE",25.306849,55.297296,65.46,Commercial,B,8.57,231.1,OpenChannel,14.9,2,0.036923739767341666,7.45,Low Risk
"Seoul, South Korea",37.560969,127.063213,96.07,Institutional,C,5.7,41.4,CurbInlet,43.3,10,0.13443396226415094,4.33,Low Risk
"Tehran, Iran",35.759233,51.441429,1.86,Green,B,6.25,195.2,OpenChannel,23.7,2,0.03185524974515801,11.85,Medium Risk
"Riyadh, Saudi Arabia",24.662296,46.544268,93.23,Institutional,D,4.83,51.5,CurbInlet,14.6,2,0.092,7.3,Low Risk
"Cape Town, South Africa",-33.922298,18.527665,116.15,Residential,B,7.03,45.8,GratedInlet,43.1,5,0.15021367521367524,8.620000000000001,Low Risk
"Miami, USA",25.754888,-80.144672,11.33,Commercial,C,6.71,32.3,Manhole,54.6,10,0.2015015015015015,5.46,Low Risk
"Miami, USA",25.78618,-80.088194,10.69,Roads,D,8.7,86.2,GratedInlet,77.7,100,0.09977064220183485,0.777,Low Risk
"Rotterdam, Netherlands",51.928137,4.484874,12.53,Mixed,B,6.32,335.4,OpenChannel,21.8,2,0.0187871581450654,10.9,Low Risk
"Seoul, South Korea",37.526164,126.977116,18.63,Commercial,B,8.07,19.4,Manhole,53.5,2,0.3955882352941177,26.75,Low Risk
"Chennai, India",13.034016,80.229686,15.46,Commercial,A,6.25,40.0,GratedInlet,44.9,50,0.1524390243902439,0.898,Low Risk
"Ho Chi Minh City, Vietnam",10.762099,106.597214,43.73,Residential,C,7.01,100.4,CurbInlet,54.3,2,0.06913214990138067,27.15,Low Risk
"Washington DC, USA",38.863164,-76.867894,66.66,Residential,C,6.53,28.8,GratedInlet,11.4,50,0.2191275167785235,0.228,Low Risk
"Philadelphia, USA",39.930562,-75.065204,13.7,Green,D,3.56,91.69999999999999,CurbInlet,32.7,50,0.03840345199568501,0.654,Low Risk
"Kolkata, India",22.629714,88.357913,25.130000000000003,Residential,D,3.87,26.5,Manhole,57.4,50,0.14072727272727273,1.148,Low Risk
"Paris, France",48.976621,2.280111,53.37,Water,D,2.23,279.4,Manhole,53.9,25,0.007952924393723254,2.156,Medium Risk
"Hong Kong, China",22.501791,114.315287,8.87,Commercial,C,8.25,179.9,GratedInlet,63.5,25,0.04560530679933665,2.54,Low Risk
"Durban, South Africa",-29.854879,31.077289,89.14,Commercial,D,6.56,108.7,CurbInlet,24.2,2,0.05979945305378304,12.1,Low Risk
"Riyadh, Saudi Arabia",24.721389,46.653552,26.13,Residential,B,5.04,30.6,GratedInlet,51.0,100,0.15949367088607594,0.51,Low Risk
"Kolkata, India",22.532568,88.353014,-3.0,Roads,D,4.33,46.9,Manhole,15.0,2,0.09039665970772442,7.5,High Risk
"Singapore, Singapore",1.42136,103.799418,8.11,Commercial,B,9.07,84.4,GratedInlet,75.1,25,0.10620608899297423,3.0039999999999996,Low Risk
"Paris, France",48.748143,2.409918,65.58,Industrial,D,8.79,113.5,Manhole,32.6,5,0.07676855895196506,6.5200000000000005,Low Risk
"Shanghai, China",31.226053,121.538879,1.84,Industrial,D,6.91,97.8,Manhole,36.8,2,0.06993927125506073,18.4,High Risk
"Sydney, Australia",-33.972494,151.193279,21.38,Informal,B,6.43,75.8,Manhole,24.4,100,0.08372395833333333,0.244,Low Risk
"Vancouver, Canada",49.316981,-123.137074,-0.93,Residential,D,7.33,55.1,GratedInlet,49.7,50,0.13065953654188947,0.9940000000000001,High Risk
"Bangkok, Thailand",13.802464,100.668429,17.52,Roads,C,5.91,58.8,CurbInlet,81.3,50,0.0988294314381271,1.626,High Risk
"Hyderabad, India",17.577729,78.431846,68.9,Green,B,6.12,311.6,CurbInlet,33.8,2,0.019577735124760076,16.9,Low Risk
"Kolkata, India",22.680852,88.393461,87.43,Residential,B,8.18,43.2,GratedInlet,55.2,25,0.1850678733031674,2.208,Low Risk
"Sao Paulo, Brazil",-23.561817,-46.664354,81.94,Commercial,B,4.74,20.2,GratedInlet,88.0,50,0.22358490566037736,1.76,High Risk
"Hong Kong, China",22.237279,114.156947,3.85,Residential,A,6.8,77.7,Manhole,39.3,25,0.08640406607369758,1.5719999999999998,Medium Risk
"Kolkata, India",22.4996,88.359547,66.16,Commercial,B,6.95,48.2,GratedInlet,27.1,5,0.14126016260162602,5.42,Low Risk
"Bogotá, Colombia",4.60435,-74.02567,212.73,Residential,A,4.24,158.8,CurbInlet,30.1,5,0.02653316645807259,6.0200000000000005,Low Risk
"Kuala Lumpur, Malaysia",3.141961,101.814395,71.52,Residential,C,6.97,15.8,Manhole,73.9,10,0.41488095238095235,7.390000000000001,Low Risk
"Seoul, South Korea",37.509635,127.173719,70.57,Commercial,C,9.64,128.0,Manhole,47.8,10,0.07472868217054264,4.779999999999999,Low Risk
"Dubai, UAE",25.189682,55.328704,63.69,Industrial,B,6.66,108.9,OpenChannel,19.0,10,0.06060054595086442,1.9,Low Risk
"Tehran, Iran",35.652886,51.252686,91.54,Commercial,C,8.04,194.5,OpenChannel,17.1,25,0.041125319693094624,0.684,Low Risk
"Philadelphia, USA",39.858013,-75.118309,25.130000000000003,Green,A,5.02,175.3,OpenChannel,27.5,5,0.02847419171866137,5.5,Low Risk
"Dhaka, Bangladesh",23.83145,90.425708,45.63,Green,C,1.8,166.7,CurbInlet,57.4,10,0.010733452593917711,5.74,Medium Risk
"Singapore, Singapore",1.370251,103.761762,7.79,Green,B,6.81,379.3,Manhole,36.5,5,0.01790691559295293,7.3,Medium Risk
"Montreal, Canada",45.425643,-73.518123,75.87,Roads,D,8.01,50.6,GratedInlet,28.8,2,0.15523255813953488,14.4,Low Risk
"Rio de Janeiro, Brazil",-22.948421,-43.130225,14.34,Residential,B,8.39,41.0,Manhole,122.9,50,0.19976190476190478,2.458,High Risk
"Dhaka, Bangladesh",23.77433,90.463371,78.53,Roads,B,10.19,88.2,Manhole,150.0,25,0.11423766816143496,6.0,High Risk
"Athens, Greece",37.944089,23.626826,61.86,Roads,C,9.31,91.69999999999999,Manhole,25.1,2,0.1004314994606257,12.55,Low Risk
"New York, USA",40.716122,-73.895498,39.88,Roads,D,7.52,140.0,OpenChannel,23.1,2,0.05333333333333333,11.55,Low Risk
"Riyadh, Saudi Arabia",24.73283,46.769581,37.0,Roads,A,6.25,182.2,OpenChannel,22.1,50,0.03411572052401747,0.442,Low Risk
"Ahmedabad, India",23.077306,72.546733,25.130000000000003,Commercial,A,5.92,68.3,CurbInlet,31.8,5,0.08542568542568543,6.36,Low Risk
"Osaka, Japan",34.808254,135.399325,75.0,Green,A,3.84,91.69999999999999,Manhole,17.2,5,0.041423948220064725,3.44,Low Risk
"Istanbul, Türkiye",40.90806,28.955118,40.95,Commercial,C,8.66,20.1,GratedInlet,20.6,25,0.41042654028436015,0.8240000000000001,Low Risk
"Shanghai, China",31.188263,121.577484,25.130000000000003,Commercial,B,8.12,45.8,Manhole,51.1,2,0.1735042735042735,25.55,Low Risk
"Shenzhen, China",22.6338,113.957179,19.82,Commercial,A,6.25,282.2,OpenChannel,74.3,5,0.022069209039548024,14.86,Low Risk
"Houston, USA",29.816993,-95.483314,7.7,Commercial,D,9.71,34.9,Manhole,39.9,5,0.27047353760445686,7.9799999999999995,Medium Risk
"Doha, Qatar",25.296841,51.419735,25.130000000000003,Green,B,3.72,173.6,CurbInlet,9.3,2,0.021305841924398626,4.65,Low Risk
"Shenzhen, China",22.666964,114.099563,10.28,Residential,B,6.14,173.4,OpenChannel,92.4,10,0.03520642201834862,9.24,High Risk
"Taipei, Taiwan",25.073592,121.459319,56.33,Roads,C,4.97,16.7,OpenChannel,30.5,50,0.2807909604519774,0.61,Low Risk
"New York, USA",40.60163,-74.01895,35.67,Residential,B,5.66,11.3,CurbInlet,22.5,2,0.46016260162601624,11.25,Low Risk
"San Francisco, USA",37.811049,-122.48714,-3.0,Residential,D,8.23,388.5,OpenChannel,47.8,10,0.021129653401797177,4.779999999999999,High Risk
"Hyderabad, India",17.368676,78.469696,15.12,Commercial,B,5.55,72.3,Manhole,22.4,10,0.07571623465211459,2.2399999999999998,Low Risk
"Sydney, Australia",-33.905455,151.202563,13.67,Industrial,A,6.25,91.69999999999999,OpenChannel,53.8,5,0.06742179072276161,10.76,Low Risk
"Osaka, Japan",34.610145,135.613167,12.39,Roads,B,5.77,91.69999999999999,CurbInlet,20.5,2,0.06224379719525351,10.25,Low Risk
"Bengaluru, India",12.89027,77.492583,30.94,Residential,A,7.55,84.9,Manhole,29.5,10,0.0878928987194412,2.95,Low Risk
"Miami, USA",25.806785,-80.22264,-3.0,Commercial,D,5.78,65.1,Manhole,65.4,2,0.08744326777609683,32.7,High Risk
"Guangzhou, China",23.039816,113.427175,21.93,Residential,B,6.02,91.69999999999999,Manhole,104.6,10,0.06494066882416397,10.459999999999999,High Risk
"Auckland, New Zealand",-36.939798,174.795726,25.130000000000003,Mixed,B,10.86,249.4,OpenChannel,28.2,50,0.04337060702875399,0.564,Low Risk
"Istanbul, Türkiye",40.962407,28.929278,28.58,Roads,A,8.72,82.1,Manhole,18.0,50,0.10493381468110712,0.36,Low Risk
"Cape Town, South Africa",-33.914459,18.497859,99.22,Commercial,A,6.25,77.6,Manhole,90.8,50,0.07951653944020357,1.8159999999999998,High Risk
"Washington DC, USA",38.909188,-77.043153,54.54,Residential,C,4.79,170.3,CurbInlet,19.4,25,0.027962638645650902,0.7759999999999999,Low Risk
"Karachi, Pakistan",24.84062,67.055302,179.89,Roads,B,5.18,91.69999999999999,GratedInlet,37.8,2,0.05587918015102482,18.9,Low Risk
"Brisbane, Australia",-27.489132,152.993169,138.78,Green,B,7.43,91.9,CurbInlet,42.9,50,0.07997847147470398,0.858,Low Risk
"Rome, Italy",41.894295,12.59791,65.5,Commercial,A,6.49,72.6,OpenChannel,55.8,50,0.08817934782608697,1.1159999999999999,Low Risk
"Barcelona, Spain",41.317925,2.28512,4.99,Commercial,B,8.16,99.0,GratedInlet,30.3,2,0.0816,15.15,Medium Risk
"Kuala Lumpur, Malaysia",3.108174,101.679408,25.130000000000003,Green,A,2.37,95.8,CurbInlet,43.5,10,0.02448347107438017,4.35,Medium Risk
"Doha, Qatar",25.232692,51.587294,66.57,Commercial,B,6.63,355.9,OpenChannel,20.1,2,0.01857663210983469,10.05,Low Risk
"San Francisco, USA",37.829177,-122.288314,62.15,Roads,D,10.16,29.4,GratedInlet,84.5,50,0.3342105263157895,1.69,High Risk
"Lima, Peru",-12.034653,-77.222973,72.22,Residential,B,3.72,268.7,OpenChannel,26.8,50,0.013793103448275864,0.536,Low Risk
"Cape Town, South Africa",-33.90397,18.531643,183.75,Mixed,B,5.74,62.5,Manhole,20.1,50,0.09039370078740158,0.402,Low Risk
"Accra, Ghana",5.561875,-0.143218,15.46,Roads,C,4.29,88.5,CurbInlet,86.6,50,0.04793296089385475,1.732,High Risk
"Kuala Lumpur, Malaysia",2.936132,101.674927,90.35,Water,D,6.72,139.9,CurbInlet,70.4,5,0.04769339957416607,14.080000000000002,Low Risk
"Brisbane, Australia",-27.505798,153.098832,99.93,Green,B,3.68,91.69999999999999,OpenChannel,21.9,2,0.03969795037756203,10.95,Low Risk
"Lagos, Nigeria",6.467888,3.412665,3.65,Commercial,B,3.79,91.69999999999999,Manhole,64.3,25,0.040884573894282634,2.572,Medium Risk
"New Orleans, USA",29.895365,-90.02866,-1.31,Green,B,6.53,141.2,CurbInlet,43.4,5,0.0459212376933896,8.68,Medium Risk
"Jakarta, Indonesia",-6.258846,106.771621,7.56,Green,D,5.48,91.69999999999999,GratedInlet,95.6,100,0.05911542610571738,0.956,High Risk
"Hyderabad, India",17.318797,78.497032,41.65,Green,B,7.6,144.7,GratedInlet,40.4,5,0.05216197666437886,8.08,Low Risk
"Guangzhou, China",23.071024,113.371293,6.61,Roads,A,10.24,62.7,CurbInlet,67.2,10,0.16075353218210361,6.720000000000001,Medium Risk
"Hanoi, Vietnam",21.011634,105.814595,48.05,Institutional,C,3.43,228.0,CurbInlet,101.8,50,0.01497816593886463,2.036,High Risk
"Rome, Italy",41.87157,12.481181,94.24,Residential,A,2.38,79.4,OpenChannel,41.7,2,0.02960199004975124,20.85,Medium Risk
"Auckland, New Zealand",-36.966301,174.712946,46.25,Industrial,A,7.19,91.69999999999999,CurbInlet,52.3,10,0.07756202804746495,5.2299999999999995,Low Risk
"Durban, South Africa",-29.884201,31.055121,56.76,Residential,B,4.13,155.2,OpenChannel,19.0,5,0.026440460947503203,3.8,Low Risk
"Tokyo, Japan",35.56115,139.591482,46.9,Industrial,C,9.63,72.0,GratedInlet,25.1,5,0.1319178082191781,5.0200000000000005,Low Risk
"Barcelona, Spain",41.404864,2.194451,6.9,Green,B,6.28,180.1,CurbInlet,15.5,10,0.034676974047487576,1.55,Medium Risk
"Seoul, South Korea",37.589993,127.040964,14.95,Residential,D,3.05,122.1,CurbInlet,45.7,10,0.024776604386677496,4.57,Low Risk
"Athens, Greece",37.772098,23.641188,-3.0,Roads,C,10.3,511.6,OpenChannel,51.9,5,0.020093640265314086,10.379999999999999,Medium Risk
"Sao Paulo, Brazil",-23.581959,-46.695681,63.41,Residential,D,7.61,25.0,CurbInlet,150.0,5,0.2926923076923077,30.0,High Risk
"Athens, Greece",37.956735,23.651223,49.63,Commercial,B,4.87,70.9,GratedInlet,54.0,5,0.06773296244784423,10.8,Low Risk
"Jakarta, Indonesia",-6.113062,106.856855,4.2,Commercial,A,7.94,37.0,CurbInlet,76.6,25,0.20894736842105263,3.0639999999999996,Medium Risk
"Montreal, Canada",45.678659,-73.539228,-3.0,Institutional,A,6.25,181.1,GratedInlet,29.0,100,0.0343218012081274,0.29,Medium Risk
"Hanoi, Vietnam",20.971154,105.815383,79.94,Commercial,C,5.49,118.1,CurbInlet,69.7,25,0.046095717884130985,2.7880000000000003,Low Risk
"Hamburg, Germany",53.587267,10.064033,51.8,Residential,D,6.51,12.0,Manhole,70.7,10,0.5007692307692307,7.07,Low Risk
"Ho Chi Minh City, Vietnam",10.803961,106.709404,39.17,Institutional,D,7.32,91.69999999999999,GratedInlet,111.0,25,0.0789644012944984,4.44,High Risk
"Hyderabad, India",17.431337,78.482361,50.9,Roads,B,7.47,93.1,CurbInlet,29.4,25,0.0793836344314559,1.176,Low Risk
"Copenhagen, Denmark",55.568589,12.555565,64.66,Roads,D,6.25,195.5,OpenChannel,33.3,2,0.031806615776081425,16.65,Low Risk
"San Francisco, USA",37.707094,-122.55294,128.62,Roads,C,6.25,67.6,CurbInlet,42.6,50,0.09110787172011663,0.852,Low Risk
"New Orleans, USA",29.925943,-90.229583,16.29,Residential,B,7.38,154.7,CurbInlet,34.6,5,0.04739884393063584,6.92,Low Risk
"Chennai, India",13.104309,80.26785,8.8,Green,D,4.97,309.2,GratedInlet,150.0,50,0.016021921341070278,3.0,High Risk
"Bengaluru, India",13.017994,77.595406,-3.0,Residential,A,6.06,107.3,Manhole,37.4,5,0.05595567867036011,7.4799999999999995,Medium Risk
"Rotterdam, Netherlands",51.95351,4.43569,25.130000000000003,Industrial,B,7.01,23.9,GratedInlet,49.5,25,0.2815261044176707,1.98,Low Risk
"Guangzhou, China",23.248502,113.100297,31.23,Roads,B,6.01,47.5,Manhole,64.5,2,0.12391752577319587,32.25,Low Risk
"Mexico City, Mexico",19.410303,-99.065479,23.58,Mixed,B,7.82,2.5,CurbInlet,36.3,50,2.2342857142857144,0.726,Low Risk
"Nairobi, Kenya",-1.18951,36.645351,-3.0,Green,A,3.49,101.9,CurbInlet,27.0,2,0.03391642371234208,13.5,Medium Risk
"Nairobi, Kenya",-1.351142,36.729326,20.55,Commercial,B,7.79,11.8,GratedInlet,24.9,5,0.6085937499999999,4.9799999999999995,Low Risk
"Washington DC, USA",38.95727,-77.028545,27.81,Roads,D,3.94,166.4,CurbInlet,30.9,5,0.023536439665471923,6.18,Low Risk
"Houston, USA",29.745037,-95.426991,67.81,Residential,C,3.54,1.4,GratedInlet,28.6,50,1.475,0.5720000000000001,Low Risk
"Seoul, South Korea",37.589517,126.978738,15.71,Roads,B,5.43,114.7,GratedInlet,31.6,5,0.046931719965427825,6.32,Low Risk
"Philadelphia, USA",39.796212,-75.086139,126.85,Roads,D,3.8,99.7,GratedInlet,13.8,50,0.03773584905660377,0.276,Low Risk
"Vancouver, Canada",49.244319,-123.164117,33.39,Residential,C,5.57,65.8,CurbInlet,10.4,10,0.08338323353293414,1.04,Low Risk
"Brisbane, Australia",-27.4875,152.928456,39.85,Mixed,B,5.51,20.7,CurbInlet,24.8,2,0.25391705069124426,12.4,Low Risk
"San Francisco, USA",37.863263,-122.496667,85.42,Residential,D,4.71,47.0,CurbInlet,21.5,5,0.098125,4.3,Low Risk
"Riyadh, Saudi Arabia",24.618834,46.715941,16.9,Roads,C,8.1,112.5,Manhole,19.8,2,0.07136563876651981,9.9,Low Risk
"Nairobi, Kenya",-1.222731,36.834578,30.97,Roads,B,6.93,112.7,CurbInlet,16.9,2,0.06094986807387862,8.45,Low Risk
"Rio de Janeiro, Brazil",-22.801091,-43.109419,15.05,Roads,D,4.53,134.1,Manhole,44.8,5,0.03353071798667654,8.959999999999999,Low Risk
"Lima, Peru",-12.107165,-77.247293,-3.0,Residential,B,2.89,55.3,Manhole,30.8,2,0.051332149200710483,15.4,Medium Risk
"New York, USA",40.673152,-74.102453,66.62,Roads,C,7.23,51.9,CurbInlet,18.0,5,0.13667296786389416,3.6,Low Risk
"Hanoi, Vietnam",21.055166,105.850275,45.91,Residential,B,6.57,99.9,OpenChannel,67.5,5,0.06511397423191279,13.5,Low Risk
"New Orleans, USA",30.028632,-90.207608,8.61,Green,A,3.65,256.2,CurbInlet,33.5,10,0.014191290824261276,3.35,Low Risk
"Montreal, Canada",45.562983,-73.595338,6.88,Industrial,A,4.29,74.2,GratedInlet,26.0,25,0.05704787234042553,1.04,Medium Risk
"Buenos Aires, Argentina",-34.570408,-58.444002,115.96,Residential,B,2.67,211.0,OpenChannel,76.7,5,0.012594339622641509,15.34,Medium Risk
"Lima, Peru",-12.174376,-76.884458,14.42,Green,A,8.65,169.3,CurbInlet,26.2,5,0.050792718731650026,5.24,Low Risk
"Hyderabad, India",17.49296,78.525816,52.24,Roads,B,7.49,113.1,GratedInlet,50.7,10,0.06564417177914111,5.07,Low Risk
"Sao Paulo, Brazil",-23.587028,-46.657887,53.56,Roads,D,6.25,91.4,CurbInlet,50.6,10,0.06764069264069264,5.0600000000000005,Low Risk
"Bogotá, Colombia",4.690474,-73.953728,140.86,Residential,B,4.37,13.9,Manhole,10.6,100,0.29328859060402684,0.106,Low Risk
"Manila, Philippines",14.518679,121.009838,0.04,Industrial,B,10.44,41.7,Manhole,51.7,25,0.24449648711943792,2.068,Medium Risk
"Dhaka, Bangladesh",23.76983,90.548649,50.32,Institutional,A,8.37,203.2,CurbInlet,57.9,10,0.04098922624877571,5.79,Low Risk
"Vancouver, Canada",49.338744,-123.153135,6.47,Institutional,D,3.18,91.69999999999999,OpenChannel,52.0,5,0.03430420711974111,10.4,Medium Risk
"Istanbul, Türkiye",40.975756,29.001839,44.07,Residential,B,6.48,56.1,CurbInlet,26.1,5,0.11348511383537653,5.220000000000001,Low Risk
"Chennai, India",13.050553,80.211486,27.0,Roads,D,5.45,125.5,GratedInlet,44.9,5,0.04308300395256917,8.98,Low Risk
"Bengaluru, India",12.934398,77.653962,44.67,Commercial,D,9.05,23.1,Manhole,72.8,10,0.3755186721991701,7.279999999999999,Low Risk
"Shenzhen, China",22.55299,114.051833,6.78,Mixed,C,5.16,77.6,Manhole,146.6,10,0.06564885496183206,14.66,High Risk
"Seoul, South Korea",37.513033,126.99682,74.25,Roads,A,6.68,60.8,CurbInlet,25.3,100,0.1080906148867314,0.253,Low Risk
"Jakarta, Indonesia",-6.182398,106.882676,25.130000000000003,Institutional,D,3.48,207.8,CurbInlet,111.2,100,0.016666666666666666,1.112,High Risk
"Bengaluru, India",12.902046,77.606774,69.16,Roads,D,8.45,80.2,CurbInlet,45.3,25,0.10406403940886698,1.8119999999999998,Low Risk
"Cape Town, South Africa",-34.092015,18.50636,26.65,Roads,D,6.25,86.0,Manhole,27.4,2,0.07183908045977011,13.7,Low Risk
"New York, USA",40.738236,-73.934978,47.69,Roads,A,6.25,119.3,CurbInlet,69.4,2,0.051953449709060684,34.7,Low Risk
"Nairobi, Kenya",-1.21473,36.86039,48.0,Residential,C,7.38,63.2,OpenChannel,21.9,25,0.11495327102803737,0.8759999999999999,Low Risk
"Riyadh, Saudi Arabia",24.743991,46.586826,75.38,Green,C,5.73,177.5,OpenChannel,5.4,5,0.03210084033613446,1.08,Low Risk
"Philadelphia, USA",39.997879,-75.088599,-3.0,Green,B,4.5,336.9,CurbInlet,31.2,5,0.013317549570878958,6.24,Medium Risk
"Vancouver, Canada",49.208577,-123.18206,6.39,Residential,D,6.32,340.9,CurbInlet,45.3,5,0.018484937116115825,9.059999999999999,Medium Risk
"Mumbai, India",19.236164,72.851375,10.14,Roads,B,7.89,116.5,OpenChannel,70.5,50,0.06714893617021277,1.41,Low Risk
"Vancouver, Canada",49.296348,-123.08316,6.48,Institutional,B,6.57,263.5,GratedInlet,38.9,2,0.024839319470699433,19.45,Medium Risk
"Montreal, Canada",45.406916,-73.510582,60.63,Commercial,A,9.56,15.3,CurbInlet,17.7,100,0.5865030674846626,0.177,Low Risk
"Osaka, Japan",34.614831,135.450671,-3.0,Residential,B,6.25,77.7,Manhole,28.2,10,0.07941550190597205,2.82,Medium Risk
"Bangkok, Thailand",13.773632,100.53604,4.6,Roads,B,8.15,120.4,CurbInlet,87.8,50,0.0671334431630972,1.756,High Risk
"Brisbane, Australia",-27.567714,153.069754,66.63,Industrial,C,9.83,91.69999999999999,Manhole,55.4,5,0.10604099244875945,11.08,Low Risk
"Rome, Italy",41.905959,12.611534,91.07,Water,D,6.25,204.7,Manhole,56.7,5,0.030384054448225572,11.34,Low Risk
"Sydney, Australia",-33.831552,151.392343,13.52,Roads,B,8.92,85.9,Manhole,34.1,5,0.10264672036823935,6.82,Low Risk
"Taipei, Taiwan",25.088306,121.57139,51.99,Industrial,B,7.15,91.69999999999999,GratedInlet,42.5,10,0.07713052858683928,4.25,Low Risk
"Copenhagen, Denmark",55.737189,12.484694,38.63,Commercial,C,8.58,69.4,CurbInlet,15.4,25,0.121875,0.616,Low Risk
"Barcelona, Spain",41.394187,2.189351,21.75,Industrial,B,6.2,221.4,Manhole,28.0,5,0.02787769784172662,5.6,Low Risk
"Taipei, Taiwan",24.940207,121.450321,52.85,Industrial,B,8.83,101.4,CurbInlet,51.9,25,0.08623046875,2.076,Low Risk
"Seoul, South Korea",37.486424,126.99497,40.07,Residential,A,6.36,7.7,CurbInlet,32.3,10,0.7310344827586208,3.2299999999999995,Low Risk
"Buenos Aires, Argentina",-34.54193,-58.414024,40.1,Mixed,B,9.54,88.7,Manhole,17.9,2,0.10635451505016721,8.95,Low Risk
"Accra, Ghana",5.791248,-0.158563,24.37,Commercial,B,6.25,290.6,OpenChannel,29.7,50,0.02143347050754458,0.594,Low Risk
"San Francisco, USA",37.838977,-122.472038,138.84,Commercial,D,7.23,10.9,GratedInlet,39.2,5,0.6075630252100841,7.840000000000001,Low Risk
"Miami, USA",25.865298,-80.213451,25.130000000000003,Residential,B,6.25,169.8,OpenChannel,39.8,10,0.036592505854800936,3.9799999999999995,Low Risk
"Lima, Peru",-12.045004,-77.111282,30.18,Commercial,B,6.25,155.1,CurbInlet,23.0,5,0.04003843689942345,4.6,Low Risk
"Hong Kong, China",22.295402,114.081666,-3.0,Residential,B,8.57,334.8,CurbInlet,58.5,5,0.025521143537820132,11.7,Medium Risk
"Paris, France",48.87287,2.24625,30.46,Residential,C,6.25,78.8,GratedInlet,46.5,10,0.07832080200501254,4.65,Low Risk
"Shanghai, China",31.195529,121.43554,-3.0,Industrial,C,5.54,4.9,OpenChannel,70.6,5,0.9389830508474576,14.12,High Risk
"Vancouver, Canada",49.162783,-123.037084,14.16,Green,B,6.25,236.1,GratedInlet,27.7,2,0.026360185575706453,13.85,Low Risk
"Lagos, Nigeria",6.50457,3.388571,7.0,Industrial,B,8.74,294.8,OpenChannel,131.6,100,0.029546991210277214,1.3159999999999998,High Risk
"Osaka, Japan",34.740562,135.469263,56.0,Commercial,C,4.44,80.8,OpenChannel,43.1,2,0.05427872860635698,21.55,Low Risk
